2026-05-12 09:16:16.182 [main] INFO  c.z.f.tracker.FinanceTrackerApplication  : The following 1 profile is active: "dev"
2026-05-12 09:16:17.184 [main] INFO  .s.d.r.c.RepositoryConfigurationDelegate : Multiple Spring Data modules found, entering strict repository configuration mode
2026-05-12 09:16:17.193 [main] INFO  .s.d.r.c.RepositoryConfigurationDelegate : Bootstrapping Spring Data Redis repositories in DEFAULT mode.
2026-05-12 09:16:17.250 [main] INFO  .s.d.r.c.RepositoryConfigurationDelegate : Finished Spring Data repository scanning in 15 ms. Found 0 Redis repository interfaces.
2026-05-12 09:16:18.275 [main] INFO  o.s.b.w.embedded.tomcat.TomcatWebServer  : Tomcat initialized with port 8080 (http)
2026-05-12 09:16:18.293 [main] INFO  o.a.coyote.http11.Http11NioProtocol      : Initializing ProtocolHandler ["http-nio-8080"]
2026-05-12 09:16:18.296 [main] INFO  o.apache.catalina.core.StandardService   : Starting service [Tomcat]
2026-05-12 09:16:18.297 [main] INFO  o.apache.catalina.core.StandardEngine    : Starting Servlet engine: [Apache Tomcat/10.1.49]
2026-05-12 09:16:18.359 [main] INFO  o.a.c.c.C.[Tomcat].[localhost].[/]       : Initializing Spring embedded WebApplicationContext
2026-05-12 09:16:18.359 [main] INFO  w.s.c.ServletWebServerApplicationContext : Root WebApplicationContext: initialization completed in 2147 ms
2026-05-12 09:16:18.433 [main] DEBUG c.z.f.t.filter.JwtAuthenticationFilter   : Filter 'jwtAuthenticationFilter' configured for use
2026-05-12 09:16:20.940 [main] INFO  o.a.coyote.http11.Http11NioProtocol      : Starting ProtocolHandler ["http-nio-8080"]
2026-05-12 09:16:20.980 [main] INFO  o.s.b.w.embedded.tomcat.TomcatWebServer  : Tomcat started on port 8080 (http) with context path '/'
2026-05-12 09:16:20.999 [main] INFO  c.z.f.tracker.FinanceTrackerApplication  : Started FinanceTrackerApplication in 6.678 seconds (process running for 8.368)
2026-05-12 09:17:14.833 [http-nio-8080-exec-1] INFO  o.a.c.c.C.[Tomcat].[localhost].[/]       : Initializing Spring DispatcherServlet 'dispatcherServlet'
2026-05-12 09:17:15.022 [http-nio-8080-exec-1] WARN  c.z.f.t.filter.JwtAuthenticationFilter   : JWT processing error [uri=/api/transactions/summary, error=The verification key's size is 352 bits which is not secure enough for the HS512 algorithm. The JWT JWA Specification (RFC 7518, Section 3.2) states that keys used with HS512 MUST have a size >= 512 bits (the key size must be greater than or equal to the hash output size). Consider using the Jwts.SIG.HS512.key() builder to create a key guaranteed to be secure enough for HS512.  See https://tools.ietf.org/html/rfc7518#section-3.2 for more information.]
2026-05-12 09:17:15.870 [http-nio-8080-exec-3] WARN  c.z.f.t.filter.JwtAuthenticationFilter   : JWT processing error [uri=/api/transactions/daily-trends, error=The verification key's size is 352 bits which is not secure enough for the HS512 algorithm. The JWT JWA Specification (RFC 7518, Section 3.2) states that keys used with HS512 MUST have a size >= 512 bits (the key size must be greater than or equal to the hash output size). Consider using the Jwts.SIG.HS512.key() builder to create a key guaranteed to be secure enough for HS512.  See https://tools.ietf.org/html/rfc7518#section-3.2 for more information.]
2026-05-12 09:17:16.458 [http-nio-8080-exec-5] WARN  c.z.f.t.filter.JwtAuthenticationFilter   : JWT processing error [uri=/api/transactions/history, error=The verification key's size is 352 bits which is not secure enough for the HS512 algorithm. The JWT JWA Specification (RFC 7518, Section 3.2) states that keys used with HS512 MUST have a size >= 512 bits (the key size must be greater than or equal to the hash output size). Consider using the Jwts.SIG.HS512.key() builder to create a key guaranteed to be secure enough for HS512.  See https://tools.ietf.org/html/rfc7518#section-3.2 for more information.]
2026-05-12 09:17:17.130 [http-nio-8080-exec-7] WARN  c.z.f.t.filter.JwtAuthenticationFilter   : JWT processing error [uri=/api/recurring/upcoming, error=The verification key's size is 352 bits which is not secure enough for the HS512 algorithm. The JWT JWA Specification (RFC 7518, Section 3.2) states that keys used with HS512 MUST have a size >= 512 bits (the key size must be greater than or equal to the hash output size). Consider using the Jwts.SIG.HS512.key() builder to create a key guaranteed to be secure enough for HS512.  See https://tools.ietf.org/html/rfc7518#section-3.2 for more information.]
2026-05-12 09:18:42.151 [http-nio-8080-exec-9] WARN  c.z.f.t.filter.JwtAuthenticationFilter   : JWT processing error [uri=/api/transactions/summary, error=The verification key's size is 352 bits which is not secure enough for the HS512 algorithm. The JWT JWA Specification (RFC 7518, Section 3.2) states that keys used with HS512 MUST have a size >= 512 bits (the key size must be greater than or equal to the hash output size). Consider using the Jwts.SIG.HS512.key() builder to create a key guaranteed to be secure enough for HS512.  See https://tools.ietf.org/html/rfc7518#section-3.2 for more information.]
2026-05-12 09:18:42.476 [http-nio-8080-exec-1] WARN  c.z.f.t.filter.JwtAuthenticationFilter   : JWT processing error [uri=/api/transactions/daily-trends, error=The verification key's size is 352 bits which is not secure enough for the HS512 algorithm. The JWT JWA Specification (RFC 7518, Section 3.2) states that keys used with HS512 MUST have a size >= 512 bits (the key size must be greater than or equal to the hash output size). Consider using the Jwts.SIG.HS512.key() builder to create a key guaranteed to be secure enough for HS512.  See https://tools.ietf.org/html/rfc7518#section-3.2 for more information.]
2026-05-12 09:18:42.646 [http-nio-8080-exec-3] WARN  c.z.f.t.filter.JwtAuthenticationFilter   : JWT processing error [uri=/api/transactions/history, error=The verification key's size is 352 bits which is not secure enough for the HS512 algorithm. The JWT JWA Specification (RFC 7518, Section 3.2) states that keys used with HS512 MUST have a size >= 512 bits (the key size must be greater than or equal to the hash output size). Consider using the Jwts.SIG.HS512.key() builder to create a key guaranteed to be secure enough for HS512.  See https://tools.ietf.org/html/rfc7518#section-3.2 for more information.]
2026-05-12 09:18:42.794 [http-nio-8080-exec-5] WARN  c.z.f.t.filter.JwtAuthenticationFilter   : JWT processing error [uri=/api/recurring/upcoming, error=The verification key's size is 352 bits which is not secure enough for the HS512 algorithm. The JWT JWA Specification (RFC 7518, Section 3.2) states that keys used with HS512 MUST have a size >= 512 bits (the key size must be greater than or equal to the hash output size). Consider using the Jwts.SIG.HS512.key() builder to create a key guaranteed to be secure enough for HS512.  See https://tools.ietf.org/html/rfc7518#section-3.2 for more information.]
2026-05-12 09:18:44.769 [http-nio-8080-exec-7] WARN  c.z.f.t.filter.JwtAuthenticationFilter   : JWT processing error [uri=/api/profile, error=The verification key's size is 352 bits which is not secure enough for the HS512 algorithm. The JWT JWA Specification (RFC 7518, Section 3.2) states that keys used with HS512 MUST have a size >= 512 bits (the key size must be greater than or equal to the hash output size). Consider using the Jwts.SIG.HS512.key() builder to create a key guaranteed to be secure enough for HS512.  See https://tools.ietf.org/html/rfc7518#section-3.2 for more information.]
2026-05-12 09:18:58.021 [http-nio-8080-exec-9] DEBUG c.z.f.tracker.controller.AuthController  : Login attempt: [username=Andy]
2026-05-12 09:18:58.427 [http-nio-8080-exec-9] DEBUG c.z.f.t.m.UserMapper.findByUsername      : ==>  Preparing: SELECT * FROM users WHERE username = ?
2026-05-12 09:18:58.472 [http-nio-8080-exec-9] DEBUG c.z.f.t.m.UserMapper.findByUsername      : ==> Parameters: Andy(String)
2026-05-12 09:18:58.547 [http-nio-8080-exec-9] DEBUG c.z.f.t.m.UserMapper.findByUsername      : <==      Total: 1
2026-05-12 09:18:58.727 [http-nio-8080-exec-9] INFO  c.z.f.tracker.controller.AuthController  : Login success: [username=Andy]
2026-05-12 09:18:59.586 [http-nio-8080-exec-1] DEBUG c.z.f.t.filter.JwtAuthenticationFilter   : Authenticated [user=Andy, uri=/api/transactions/summary]
2026-05-12 09:18:59.600 [http-nio-8080-exec-1] DEBUG c.z.f.t.m.UserMapper.findByUsername      : ==>  Preparing: SELECT * FROM users WHERE username = ?
2026-05-12 09:18:59.601 [http-nio-8080-exec-1] DEBUG c.z.f.t.m.UserMapper.findByUsername      : ==> Parameters: Andy(String)
2026-05-12 09:18:59.603 [http-nio-8080-exec-1] DEBUG c.z.f.t.m.UserMapper.findByUsername      : <==      Total: 1
2026-05-12 09:19:00.188 [http-nio-8080-exec-1] DEBUG c.z.f.t.m.T.getTotalBalance              : ==>  Preparing: SELECT COALESCE( SUM(CASE WHEN type = 'INCOME' THEN amount ELSE ABS(amount) * -1 END), 0 ) FROM transactions WHERE user_id = ?
2026-05-12 09:19:00.194 [http-nio-8080-exec-1] DEBUG c.z.f.t.m.T.getTotalBalance              : ==> Parameters: 1(Long)
2026-05-12 09:19:00.208 [http-nio-8080-exec-1] DEBUG c.z.f.t.m.T.getTotalBalance              : <==      Total: 1
2026-05-12 09:19:00.209 [http-nio-8080-exec-1] DEBUG c.z.f.t.m.T.getMonthlyBalance            : ==>  Preparing: SELECT SUM(CASE WHEN type = 'INCOME' THEN amount ELSE 0 END) as income, SUM(CASE WHEN type = 'EXPENSE' THEN ABS(amount) ELSE 0 END) as expense, SUM(CASE WHEN type = 'INCOME' THEN amount ELSE ABS(amount) * -1 END) as net FROM transactions WHERE user_id = ? AND DATE_FORMAT(date, '%Y-%m') = ?
2026-05-12 09:19:00.210 [http-nio-8080-exec-1] DEBUG c.z.f.t.m.T.getMonthlyBalance            : ==> Parameters: 1(Long), 2026-05(String)
2026-05-12 09:19:00.213 [http-nio-8080-exec-1] DEBUG c.z.f.t.m.T.getMonthlyBalance            : <==      Total: 1
2026-05-12 09:19:00.214 [http-nio-8080-exec-1] DEBUG c.z.f.t.m.T.getIncomeVsExpense           : ==>  Preparing: SELECT SUM(CASE WHEN type = 'INCOME' THEN amount ELSE 0 END) as totalIncome, SUM(CASE WHEN type = 'EXPENSE' THEN ABS(amount) ELSE 0 END) as totalExpense FROM transactions WHERE user_id = ?
2026-05-12 09:19:00.215 [http-nio-8080-exec-1] DEBUG c.z.f.t.m.T.getIncomeVsExpense           : ==> Parameters: 1(Long)
2026-05-12 09:19:00.219 [http-nio-8080-exec-1] DEBUG c.z.f.t.m.T.getIncomeVsExpense           : <==      Total: 1
2026-05-12 09:19:00.221 [http-nio-8080-exec-1] DEBUG c.z.f.t.m.T.getCategorySummary           : ==>  Preparing: SELECT c.name as name, SUM(ABS(t.amount)) as value FROM transactions t INNER JOIN categories c ON t.category_id = c.id WHERE t.user_id = ? AND t.type = ? GROUP BY c.name
2026-05-12 09:19:00.223 [http-nio-8080-exec-1] DEBUG c.z.f.t.m.T.getCategorySummary           : ==> Parameters: 1(Long), INCOME(String)
2026-05-12 09:19:00.241 [http-nio-8080-exec-1] DEBUG c.z.f.t.m.T.getCategorySummary           : <==      Total: 4
2026-05-12 09:19:00.242 [http-nio-8080-exec-1] DEBUG c.z.f.t.m.T.getCategorySummary           : ==>  Preparing: SELECT c.name as name, SUM(ABS(t.amount)) as value FROM transactions t INNER JOIN categories c ON t.category_id = c.id WHERE t.user_id = ? AND t.type = ? GROUP BY c.name
2026-05-12 09:19:00.243 [http-nio-8080-exec-1] DEBUG c.z.f.t.m.T.getCategorySummary           : ==> Parameters: 1(Long), EXPENSE(String)
2026-05-12 09:19:00.248 [http-nio-8080-exec-1] DEBUG c.z.f.t.m.T.getCategorySummary           : <==      Total: 7
2026-05-12 09:19:00.444 [http-nio-8080-exec-3] DEBUG c.z.f.t.filter.JwtAuthenticationFilter   : Authenticated [user=Andy, uri=/api/transactions/daily-trends]
2026-05-12 09:19:00.447 [http-nio-8080-exec-3] DEBUG c.z.f.t.m.UserMapper.findByUsername      : ==>  Preparing: SELECT * FROM users WHERE username = ?
2026-05-12 09:19:00.448 [http-nio-8080-exec-3] DEBUG c.z.f.t.m.UserMapper.findByUsername      : ==> Parameters: Andy(String)
2026-05-12 09:19:00.450 [http-nio-8080-exec-3] DEBUG c.z.f.t.m.UserMapper.findByUsername      : <==      Total: 1
2026-05-12 09:19:00.454 [http-nio-8080-exec-3] DEBUG c.z.f.t.m.T.getDailyTrends               : ==>  Preparing: SELECT DATE(t.date) as date, SUM(CASE WHEN t.type = 'INCOME' THEN t.amount ELSE 0 END) as income, SUM(CASE WHEN t.type = 'EXPENSE' THEN t.amount ELSE 0 END) as expense FROM transactions t WHERE t.user_id = ? AND t.date >= DATE_SUB(CURDATE(), INTERVAL ? DAY) GROUP BY DATE(t.date) ORDER BY date ASC
2026-05-12 09:19:00.458 [http-nio-8080-exec-3] DEBUG c.z.f.t.m.T.getDailyTrends               : ==> Parameters: 1(Long), 30(Integer)
2026-05-12 09:19:00.467 [http-nio-8080-exec-3] DEBUG c.z.f.t.m.T.getDailyTrends               : <==      Total: 11
2026-05-12 09:19:00.584 [http-nio-8080-exec-5] DEBUG c.z.f.t.filter.JwtAuthenticationFilter   : Authenticated [user=Andy, uri=/api/transactions/history]
2026-05-12 09:19:00.595 [http-nio-8080-exec-5] DEBUG c.z.f.t.m.UserMapper.findByUsername      : ==>  Preparing: SELECT * FROM users WHERE username = ?
2026-05-12 09:19:00.595 [http-nio-8080-exec-5] DEBUG c.z.f.t.m.UserMapper.findByUsername      : ==> Parameters: Andy(String)
2026-05-12 09:19:00.597 [http-nio-8080-exec-5] DEBUG c.z.f.t.m.UserMapper.findByUsername      : <==      Total: 1
2026-05-12 09:19:00.627 [http-nio-8080-exec-5] DEBUG c.z.f.t.m.T.findAllFiltered              : ==>  Preparing: SELECT t.*, c.name as categoryName FROM transactions t LEFT JOIN categories c ON t.category_id = c.id WHERE t.user_id = ? ORDER BY t.date DESC, t.id DESC LIMIT ? OFFSET ?
2026-05-12 09:19:00.628 [http-nio-8080-exec-5] DEBUG c.z.f.t.m.T.findAllFiltered              : ==> Parameters: 1(Long), 5(Integer), 0(Integer)
2026-05-12 09:19:00.635 [http-nio-8080-exec-5] DEBUG c.z.f.t.m.T.findAllFiltered              : <==      Total: 5
2026-05-12 09:19:00.636 [http-nio-8080-exec-5] DEBUG c.z.f.t.m.T.countFiltered                : ==>  Preparing: SELECT COUNT(*) FROM transactions t WHERE user_id = ?
2026-05-12 09:19:00.637 [http-nio-8080-exec-5] DEBUG c.z.f.t.m.T.countFiltered                : ==> Parameters: 1(Long)
2026-05-12 09:19:00.640 [http-nio-8080-exec-5] DEBUG c.z.f.t.m.T.countFiltered                : <==      Total: 1
2026-05-12 09:19:00.640 [http-nio-8080-exec-5] DEBUG c.z.f.t.c.TransactionController          : History query [userId=1, page=0, size=5, total=32]
2026-05-12 09:19:00.736 [http-nio-8080-exec-7] DEBUG c.z.f.t.filter.JwtAuthenticationFilter   : Authenticated [user=Andy, uri=/api/recurring/upcoming]
2026-05-12 09:19:00.738 [http-nio-8080-exec-7] DEBUG c.z.f.t.m.UserMapper.findByUsername      : ==>  Preparing: SELECT * FROM users WHERE username = ?
2026-05-12 09:19:00.738 [http-nio-8080-exec-7] DEBUG c.z.f.t.m.UserMapper.findByUsername      : ==> Parameters: Andy(String)
2026-05-12 09:19:00.740 [http-nio-8080-exec-7] DEBUG c.z.f.t.m.UserMapper.findByUsername      : <==      Total: 1
2026-05-12 09:19:00.741 [http-nio-8080-exec-7] DEBUG c.z.f.t.m.RecurringMapper.findUpcoming   : ==>  Preparing: SELECT r.*, c.name as categoryName FROM recurring_transactions r LEFT JOIN categories c ON r.category_id = c.id WHERE r.user_id = ? AND r.is_active = TRUE AND r.next_due_date <= DATE_ADD(CURDATE(), INTERVAL ? DAY) ORDER BY r.next_due_date ASC
2026-05-12 09:19:00.743 [http-nio-8080-exec-7] DEBUG c.z.f.t.m.RecurringMapper.findUpcoming   : ==> Parameters: 1(Long), 7(Integer)
2026-05-12 09:19:00.748 [http-nio-8080-exec-7] DEBUG c.z.f.t.m.RecurringMapper.findUpcoming   : <==      Total: 0
2026-05-12 09:19:05.881 [http-nio-8080-exec-9] DEBUG c.z.f.t.filter.JwtAuthenticationFilter   : Authenticated [user=Andy, uri=/api/profile]
2026-05-12 09:19:05.884 [http-nio-8080-exec-9] DEBUG c.z.f.t.m.UserMapper.findByUsername      : ==>  Preparing: SELECT * FROM users WHERE username = ?
2026-05-12 09:19:05.884 [http-nio-8080-exec-9] DEBUG c.z.f.t.m.UserMapper.findByUsername      : ==> Parameters: Andy(String)
2026-05-12 09:19:05.887 [http-nio-8080-exec-9] DEBUG c.z.f.t.m.UserMapper.findByUsername      : <==      Total: 1
2026-05-12 09:19:06.263 [http-nio-8080-exec-1] DEBUG c.z.f.t.filter.JwtAuthenticationFilter   : Authenticated [user=Andy, uri=/api/profile/avatar]
2026-05-12 09:19:06.264 [http-nio-8080-exec-1] DEBUG c.z.f.t.m.UserMapper.findByUsername      : ==>  Preparing: SELECT * FROM users WHERE username = ?
2026-05-12 09:19:06.265 [http-nio-8080-exec-1] DEBUG c.z.f.t.m.UserMapper.findByUsername      : ==> Parameters: Andy(String)
2026-05-12 09:19:06.268 [http-nio-8080-exec-1] DEBUG c.z.f.t.m.UserMapper.findByUsername      : <==      Total: 1
2026-05-12 09:19:06.269 [http-nio-8080-exec-1] DEBUG c.z.f.t.service.MinioStorageService      : Fetching from MinIO [object=avatars/avatar_1_50ee9765-56a3-4d88-accb-6860179d936f.jpg]
2026-05-12 09:19:06.635 [http-nio-8080-exec-1] DEBUG c.z.f.t.service.MinioStorageService      : Fetched 2578882 bytes from MinIO [object=avatars/avatar_1_50ee9765-56a3-4d88-accb-6860179d936f.jpg]
2026-05-12 09:19:13.928 [http-nio-8080-exec-3] DEBUG c.z.f.t.filter.JwtAuthenticationFilter   : Authenticated [user=Andy, uri=/api/transactions/summary]
2026-05-12 09:19:13.929 [http-nio-8080-exec-3] DEBUG c.z.f.t.m.UserMapper.findByUsername      : ==>  Preparing: SELECT * FROM users WHERE username = ?
2026-05-12 09:19:13.930 [http-nio-8080-exec-3] DEBUG c.z.f.t.m.UserMapper.findByUsername      : ==> Parameters: Andy(String)
2026-05-12 09:19:13.932 [http-nio-8080-exec-3] DEBUG c.z.f.t.m.UserMapper.findByUsername      : <==      Total: 1
2026-05-12 09:19:14.067 [http-nio-8080-exec-5] DEBUG c.z.f.t.filter.JwtAuthenticationFilter   : Authenticated [user=Andy, uri=/api/transactions/daily-trends]
2026-05-12 09:19:14.069 [http-nio-8080-exec-5] DEBUG c.z.f.t.m.UserMapper.findByUsername      : ==>  Preparing: SELECT * FROM users WHERE username = ?
2026-05-12 09:19:14.069 [http-nio-8080-exec-5] DEBUG c.z.f.t.m.UserMapper.findByUsername      : ==> Parameters: Andy(String)
2026-05-12 09:19:14.071 [http-nio-8080-exec-5] DEBUG c.z.f.t.m.UserMapper.findByUsername      : <==      Total: 1
2026-05-12 09:19:14.278 [http-nio-8080-exec-7] DEBUG c.z.f.t.filter.JwtAuthenticationFilter   : Authenticated [user=Andy, uri=/api/transactions/history]
2026-05-12 09:19:14.279 [http-nio-8080-exec-7] DEBUG c.z.f.t.m.UserMapper.findByUsername      : ==>  Preparing: SELECT * FROM users WHERE username = ?
2026-05-12 09:19:14.280 [http-nio-8080-exec-7] DEBUG c.z.f.t.m.UserMapper.findByUsername      : ==> Parameters: Andy(String)
2026-05-12 09:19:14.283 [http-nio-8080-exec-7] DEBUG c.z.f.t.m.UserMapper.findByUsername      : <==      Total: 1
2026-05-12 09:19:14.284 [http-nio-8080-exec-7] DEBUG c.z.f.t.m.T.findAllFiltered              : ==>  Preparing: SELECT t.*, c.name as categoryName FROM transactions t LEFT JOIN categories c ON t.category_id = c.id WHERE t.user_id = ? ORDER BY t.date DESC, t.id DESC LIMIT ? OFFSET ?
2026-05-12 09:19:14.284 [http-nio-8080-exec-7] DEBUG c.z.f.t.m.T.findAllFiltered              : ==> Parameters: 1(Long), 5(Integer), 0(Integer)
2026-05-12 09:19:14.289 [http-nio-8080-exec-7] DEBUG c.z.f.t.m.T.findAllFiltered              : <==      Total: 5
2026-05-12 09:19:14.290 [http-nio-8080-exec-7] DEBUG c.z.f.t.m.T.countFiltered                : ==>  Preparing: SELECT COUNT(*) FROM transactions t WHERE user_id = ?
2026-05-12 09:19:14.291 [http-nio-8080-exec-7] DEBUG c.z.f.t.m.T.countFiltered                : ==> Parameters: 1(Long)
2026-05-12 09:19:14.293 [http-nio-8080-exec-7] DEBUG c.z.f.t.m.T.countFiltered                : <==      Total: 1
2026-05-12 09:19:14.293 [http-nio-8080-exec-7] DEBUG c.z.f.t.c.TransactionController          : History query [userId=1, page=0, size=5, total=32]
2026-05-12 09:19:14.486 [http-nio-8080-exec-9] DEBUG c.z.f.t.filter.JwtAuthenticationFilter   : Authenticated [user=Andy, uri=/api/recurring/upcoming]
2026-05-12 09:19:14.487 [http-nio-8080-exec-9] DEBUG c.z.f.t.m.UserMapper.findByUsername      : ==>  Preparing: SELECT * FROM users WHERE username = ?
2026-05-12 09:19:14.488 [http-nio-8080-exec-9] DEBUG c.z.f.t.m.UserMapper.findByUsername      : ==> Parameters: Andy(String)
2026-05-12 09:19:14.490 [http-nio-8080-exec-9] DEBUG c.z.f.t.m.UserMapper.findByUsername      : <==      Total: 1
2026-05-12 09:19:14.490 [http-nio-8080-exec-9] DEBUG c.z.f.t.m.RecurringMapper.findUpcoming   : ==>  Preparing: SELECT r.*, c.name as categoryName FROM recurring_transactions r LEFT JOIN categories c ON r.category_id = c.id WHERE r.user_id = ? AND r.is_active = TRUE AND r.next_due_date <= DATE_ADD(CURDATE(), INTERVAL ? DAY) ORDER BY r.next_due_date ASC
2026-05-12 09:19:14.491 [http-nio-8080-exec-9] DEBUG c.z.f.t.m.RecurringMapper.findUpcoming   : ==> Parameters: 1(Long), 7(Integer)
2026-05-12 09:19:14.493 [http-nio-8080-exec-9] DEBUG c.z.f.t.m.RecurringMapper.findUpcoming   : <==      Total: 0
2026-05-12 09:19:16.663 [http-nio-8080-exec-1] DEBUG c.z.f.t.filter.JwtAuthenticationFilter   : Authenticated [user=Andy, uri=/api/categories]
2026-05-12 09:19:16.668 [http-nio-8080-exec-1] DEBUG c.z.f.t.m.UserMapper.findByUsername      : ==>  Preparing: SELECT * FROM users WHERE username = ?
2026-05-12 09:19:16.668 [http-nio-8080-exec-1] DEBUG c.z.f.t.m.UserMapper.findByUsername      : ==> Parameters: Andy(String)
2026-05-12 09:19:16.671 [http-nio-8080-exec-1] DEBUG c.z.f.t.m.UserMapper.findByUsername      : <==      Total: 1
2026-05-12 09:19:16.676 [http-nio-8080-exec-1] DEBUG c.z.f.t.m.C.findByUserIdAndType          : ==>  Preparing: SELECT * FROM categories WHERE user_id = ? AND type = ? ORDER BY name ASC
2026-05-12 09:19:16.677 [http-nio-8080-exec-1] DEBUG c.z.f.t.m.C.findByUserIdAndType          : ==> Parameters: 1(Long), EXPENSE(String)
2026-05-12 09:19:16.683 [http-nio-8080-exec-1] DEBUG c.z.f.t.m.C.findByUserIdAndType          : <==      Total: 10
2026-05-12 09:19:16.805 [http-nio-8080-exec-3] DEBUG c.z.f.t.filter.JwtAuthenticationFilter   : Authenticated [user=Andy, uri=/api/transactions/history]
2026-05-12 09:19:16.807 [http-nio-8080-exec-3] DEBUG c.z.f.t.m.UserMapper.findByUsername      : ==>  Preparing: SELECT * FROM users WHERE username = ?
2026-05-12 09:19:16.808 [http-nio-8080-exec-3] DEBUG c.z.f.t.m.UserMapper.findByUsername      : ==> Parameters: Andy(String)
2026-05-12 09:19:16.810 [http-nio-8080-exec-3] DEBUG c.z.f.t.m.UserMapper.findByUsername      : <==      Total: 1
2026-05-12 09:19:16.811 [http-nio-8080-exec-3] DEBUG c.z.f.t.m.T.findAllFiltered              : ==>  Preparing: SELECT t.*, c.name as categoryName FROM transactions t LEFT JOIN categories c ON t.category_id = c.id WHERE t.user_id = ? ORDER BY t.date DESC, t.id DESC LIMIT ? OFFSET ?
2026-05-12 09:19:16.811 [http-nio-8080-exec-3] DEBUG c.z.f.t.m.T.findAllFiltered              : ==> Parameters: 1(Long), 15(Integer), 0(Integer)
2026-05-12 09:19:16.818 [http-nio-8080-exec-3] DEBUG c.z.f.t.m.T.findAllFiltered              : <==      Total: 15
2026-05-12 09:19:16.819 [http-nio-8080-exec-3] DEBUG c.z.f.t.m.T.countFiltered                : ==>  Preparing: SELECT COUNT(*) FROM transactions t WHERE user_id = ?
2026-05-12 09:19:16.820 [http-nio-8080-exec-3] DEBUG c.z.f.t.m.T.countFiltered                : ==> Parameters: 1(Long)
2026-05-12 09:19:16.822 [http-nio-8080-exec-3] DEBUG c.z.f.t.m.T.countFiltered                : <==      Total: 1
2026-05-12 09:19:16.822 [http-nio-8080-exec-3] DEBUG c.z.f.t.c.TransactionController          : History query [userId=1, page=0, size=15, total=32]
2026-05-12 09:19:16.884 [http-nio-8080-exec-5] DEBUG c.z.f.t.filter.JwtAuthenticationFilter   : Authenticated [user=Andy, uri=/api/categories]
2026-05-12 09:19:16.886 [http-nio-8080-exec-5] DEBUG c.z.f.t.m.UserMapper.findByUsername      : ==>  Preparing: SELECT * FROM users WHERE username = ?
2026-05-12 09:19:16.886 [http-nio-8080-exec-5] DEBUG c.z.f.t.m.UserMapper.findByUsername      : ==> Parameters: Andy(String)
2026-05-12 09:19:16.889 [http-nio-8080-exec-5] DEBUG c.z.f.t.m.UserMapper.findByUsername      : <==      Total: 1
2026-05-12 09:19:16.891 [http-nio-8080-exec-5] DEBUG c.z.f.t.m.C.findByUserIdAndType          : ==>  Preparing: SELECT * FROM categories WHERE user_id = ? AND type = ? ORDER BY name ASC
2026-05-12 09:19:16.892 [http-nio-8080-exec-5] DEBUG c.z.f.t.m.C.findByUserIdAndType          : ==> Parameters: 1(Long), INCOME(String)
2026-05-12 09:19:16.895 [http-nio-8080-exec-5] DEBUG c.z.f.t.m.C.findByUserIdAndType          : <==      Total: 5
2026-05-12 09:19:17.029 [http-nio-8080-exec-7] DEBUG c.z.f.t.filter.JwtAuthenticationFilter   : Authenticated [user=Andy, uri=/api/transactions/34/image]
2026-05-12 09:19:17.034 [http-nio-8080-exec-7] DEBUG c.z.f.t.m.UserMapper.findByUsername      : ==>  Preparing: SELECT * FROM users WHERE username = ?
2026-05-12 09:19:17.034 [http-nio-8080-exec-7] DEBUG c.z.f.t.m.UserMapper.findByUsername      : ==> Parameters: Andy(String)
2026-05-12 09:19:17.036 [http-nio-8080-exec-7] DEBUG c.z.f.t.m.UserMapper.findByUsername      : <==      Total: 1
2026-05-12 09:19:17.037 [http-nio-8080-exec-7] DEBUG c.z.f.t.m.TransactionMapper.findById     : ==>  Preparing: SELECT t.*, c.name as categoryName FROM transactions t LEFT JOIN categories c ON t.category_id = c.id WHERE t.id = ? AND t.user_id = ?
2026-05-12 09:19:17.037 [http-nio-8080-exec-7] DEBUG c.z.f.t.m.TransactionMapper.findById     : ==> Parameters: 34(Long), 1(Long)
2026-05-12 09:19:17.040 [http-nio-8080-exec-7] DEBUG c.z.f.t.m.TransactionMapper.findById     : <==      Total: 1
2026-05-12 09:19:17.040 [http-nio-8080-exec-7] DEBUG c.z.f.t.service.MinioStorageService      : Fetching from MinIO [object=transactions/tx_34_5a52ade7-c821-45c6-ab22-3102d0e4851c.jpg]
2026-05-12 09:19:17.058 [http-nio-8080-exec-7] DEBUG c.z.f.t.service.MinioStorageService      : Fetched 894934 bytes from MinIO [object=transactions/tx_34_5a52ade7-c821-45c6-ab22-3102d0e4851c.jpg]
2026-05-12 09:19:17.103 [http-nio-8080-exec-9] DEBUG c.z.f.t.filter.JwtAuthenticationFilter   : Authenticated [user=Andy, uri=/api/transactions/33/image]
2026-05-12 09:19:17.104 [http-nio-8080-exec-9] DEBUG c.z.f.t.m.UserMapper.findByUsername      : ==>  Preparing: SELECT * FROM users WHERE username = ?
2026-05-12 09:19:17.105 [http-nio-8080-exec-9] DEBUG c.z.f.t.m.UserMapper.findByUsername      : ==> Parameters: Andy(String)
2026-05-12 09:19:17.107 [http-nio-8080-exec-9] DEBUG c.z.f.t.m.UserMapper.findByUsername      : <==      Total: 1
2026-05-12 09:19:17.108 [http-nio-8080-exec-9] DEBUG c.z.f.t.m.TransactionMapper.findById     : ==>  Preparing: SELECT t.*, c.name as categoryName FROM transactions t LEFT JOIN categories c ON t.category_id = c.id WHERE t.id = ? AND t.user_id = ?
2026-05-12 09:19:17.108 [http-nio-8080-exec-9] DEBUG c.z.f.t.m.TransactionMapper.findById     : ==> Parameters: 33(Long), 1(Long)
2026-05-12 09:19:17.112 [http-nio-8080-exec-9] DEBUG c.z.f.t.m.TransactionMapper.findById     : <==      Total: 1
2026-05-12 09:19:17.113 [http-nio-8080-exec-9] DEBUG c.z.f.t.service.MinioStorageService      : Fetching from MinIO [object=transactions/tx_33_d538c701-cf2d-4e52-9974-7010187a4d7b.jpg]
2026-05-12 09:19:17.130 [http-nio-8080-exec-9] DEBUG c.z.f.t.service.MinioStorageService      : Fetched 894934 bytes from MinIO [object=transactions/tx_33_d538c701-cf2d-4e52-9974-7010187a4d7b.jpg]
2026-05-12 09:19:17.260 [http-nio-8080-exec-1] DEBUG c.z.f.t.filter.JwtAuthenticationFilter   : Authenticated [user=Andy, uri=/api/transactions/32/image]
2026-05-12 09:19:17.262 [http-nio-8080-exec-1] DEBUG c.z.f.t.m.UserMapper.findByUsername      : ==>  Preparing: SELECT * FROM users WHERE username = ?
2026-05-12 09:19:17.262 [http-nio-8080-exec-1] DEBUG c.z.f.t.m.UserMapper.findByUsername      : ==> Parameters: Andy(String)
2026-05-12 09:19:17.265 [http-nio-8080-exec-1] DEBUG c.z.f.t.m.UserMapper.findByUsername      : <==      Total: 1
2026-05-12 09:19:17.266 [http-nio-8080-exec-1] DEBUG c.z.f.t.m.TransactionMapper.findById     : ==>  Preparing: SELECT t.*, c.name as categoryName FROM transactions t LEFT JOIN categories c ON t.category_id = c.id WHERE t.id = ? AND t.user_id = ?
2026-05-12 09:19:17.267 [http-nio-8080-exec-1] DEBUG c.z.f.t.m.TransactionMapper.findById     : ==> Parameters: 32(Long), 1(Long)
2026-05-12 09:19:17.270 [http-nio-8080-exec-1] DEBUG c.z.f.t.m.TransactionMapper.findById     : <==      Total: 1
2026-05-12 09:19:17.270 [http-nio-8080-exec-1] DEBUG c.z.f.t.service.MinioStorageService      : Fetching from MinIO [object=transactions/tx_32_b4e7d9a8-0334-4d7c-866e-c52d5fd86c97.jpg]
2026-05-12 09:19:17.293 [http-nio-8080-exec-1] DEBUG c.z.f.t.service.MinioStorageService      : Fetched 894934 bytes from MinIO [object=transactions/tx_32_b4e7d9a8-0334-4d7c-866e-c52d5fd86c97.jpg]
2026-05-12 09:19:17.324 [http-nio-8080-exec-3] DEBUG c.z.f.t.filter.JwtAuthenticationFilter   : Authenticated [user=Andy, uri=/api/transactions/31/image]
2026-05-12 09:19:17.325 [http-nio-8080-exec-3] DEBUG c.z.f.t.m.UserMapper.findByUsername      : ==>  Preparing: SELECT * FROM users WHERE username = ?
2026-05-12 09:19:17.326 [http-nio-8080-exec-3] DEBUG c.z.f.t.m.UserMapper.findByUsername      : ==> Parameters: Andy(String)
2026-05-12 09:19:17.328 [http-nio-8080-exec-3] DEBUG c.z.f.t.m.UserMapper.findByUsername      : <==      Total: 1
2026-05-12 09:19:17.329 [http-nio-8080-exec-3] DEBUG c.z.f.t.m.TransactionMapper.findById     : ==>  Preparing: SELECT t.*, c.name as categoryName FROM transactions t LEFT JOIN categories c ON t.category_id = c.id WHERE t.id = ? AND t.user_id = ?
2026-05-12 09:19:17.329 [http-nio-8080-exec-3] DEBUG c.z.f.t.m.TransactionMapper.findById     : ==> Parameters: 31(Long), 1(Long)
2026-05-12 09:19:17.333 [http-nio-8080-exec-3] DEBUG c.z.f.t.m.TransactionMapper.findById     : <==      Total: 1
2026-05-12 09:19:17.333 [http-nio-8080-exec-3] DEBUG c.z.f.t.service.MinioStorageService      : Fetching from MinIO [object=transactions/tx_31_9133791b-dffe-4d7b-84bf-05ddc9ad6ee9.jpg]
2026-05-12 09:19:17.352 [http-nio-8080-exec-3] DEBUG c.z.f.t.service.MinioStorageService      : Fetched 899766 bytes from MinIO [object=transactions/tx_31_9133791b-dffe-4d7b-84bf-05ddc9ad6ee9.jpg]
2026-05-12 09:19:17.454 [http-nio-8080-exec-5] DEBUG c.z.f.t.filter.JwtAuthenticationFilter   : Authenticated [user=Andy, uri=/api/transactions/30/image]
2026-05-12 09:19:17.455 [http-nio-8080-exec-5] DEBUG c.z.f.t.m.UserMapper.findByUsername      : ==>  Preparing: SELECT * FROM users WHERE username = ?
2026-05-12 09:19:17.456 [http-nio-8080-exec-5] DEBUG c.z.f.t.m.UserMapper.findByUsername      : ==> Parameters: Andy(String)
2026-05-12 09:19:17.458 [http-nio-8080-exec-5] DEBUG c.z.f.t.m.UserMapper.findByUsername      : <==      Total: 1
2026-05-12 09:19:17.459 [http-nio-8080-exec-5] DEBUG c.z.f.t.m.TransactionMapper.findById     : ==>  Preparing: SELECT t.*, c.name as categoryName FROM transactions t LEFT JOIN categories c ON t.category_id = c.id WHERE t.id = ? AND t.user_id = ?
2026-05-12 09:19:17.459 [http-nio-8080-exec-5] DEBUG c.z.f.t.m.TransactionMapper.findById     : ==> Parameters: 30(Long), 1(Long)
2026-05-12 09:19:17.463 [http-nio-8080-exec-5] DEBUG c.z.f.t.m.TransactionMapper.findById     : <==      Total: 1
2026-05-12 09:19:17.463 [http-nio-8080-exec-5] DEBUG c.z.f.t.service.MinioStorageService      : Fetching from MinIO [object=transactions/tx_30_6ec29c0d-e9f8-419c-a92f-cf622a2f63f2.jpg]
2026-05-12 09:19:17.474 [http-nio-8080-exec-5] DEBUG c.z.f.t.service.MinioStorageService      : Fetched 30972 bytes from MinIO [object=transactions/tx_30_6ec29c0d-e9f8-419c-a92f-cf622a2f63f2.jpg]
2026-05-12 09:19:17.527 [http-nio-8080-exec-7] DEBUG c.z.f.t.filter.JwtAuthenticationFilter   : Authenticated [user=Andy, uri=/api/transactions/29/image]
2026-05-12 09:19:17.528 [http-nio-8080-exec-7] DEBUG c.z.f.t.m.UserMapper.findByUsername      : ==>  Preparing: SELECT * FROM users WHERE username = ?
2026-05-12 09:19:17.529 [http-nio-8080-exec-7] DEBUG c.z.f.t.m.UserMapper.findByUsername      : ==> Parameters: Andy(String)
2026-05-12 09:19:17.531 [http-nio-8080-exec-7] DEBUG c.z.f.t.m.UserMapper.findByUsername      : <==      Total: 1
2026-05-12 09:19:17.532 [http-nio-8080-exec-7] DEBUG c.z.f.t.m.TransactionMapper.findById     : ==>  Preparing: SELECT t.*, c.name as categoryName FROM transactions t LEFT JOIN categories c ON t.category_id = c.id WHERE t.id = ? AND t.user_id = ?
2026-05-12 09:19:17.532 [http-nio-8080-exec-7] DEBUG c.z.f.t.m.TransactionMapper.findById     : ==> Parameters: 29(Long), 1(Long)
2026-05-12 09:19:17.536 [http-nio-8080-exec-7] DEBUG c.z.f.t.m.TransactionMapper.findById     : <==      Total: 1
2026-05-12 09:19:17.537 [http-nio-8080-exec-7] DEBUG c.z.f.t.service.MinioStorageService      : Fetching from MinIO [object=transactions/tx_29_b889f510-b781-4ea9-b387-5002b32483d9.jpg]
2026-05-12 09:19:17.549 [http-nio-8080-exec-7] DEBUG c.z.f.t.service.MinioStorageService      : Fetched 30972 bytes from MinIO [object=transactions/tx_29_b889f510-b781-4ea9-b387-5002b32483d9.jpg]
2026-05-12 09:19:20.044 [http-nio-8080-exec-9] DEBUG c.z.f.t.filter.JwtAuthenticationFilter   : Authenticated [user=Andy, uri=/api/transactions/trends]
2026-05-12 09:19:20.047 [http-nio-8080-exec-9] DEBUG c.z.f.t.m.UserMapper.findByUsername      : ==>  Preparing: SELECT * FROM users WHERE username = ?
2026-05-12 09:19:20.048 [http-nio-8080-exec-9] DEBUG c.z.f.t.m.UserMapper.findByUsername      : ==> Parameters: Andy(String)
2026-05-12 09:19:20.051 [http-nio-8080-exec-9] DEBUG c.z.f.t.m.UserMapper.findByUsername      : <==      Total: 1
2026-05-12 09:19:20.056 [http-nio-8080-exec-9] DEBUG c.z.f.t.m.T.getTimeSeriesData            : ==>  Preparing: SELECT DATE_FORMAT(date, '%Y-%m') as timeLabel, SUM(ABS(amount)) as total FROM transactions WHERE user_id = ? AND type = ? GROUP BY timeLabel ORDER BY timeLabel ASC
2026-05-12 09:19:20.057 [http-nio-8080-exec-9] DEBUG c.z.f.t.m.T.getTimeSeriesData            : ==> Parameters: 1(Long), INCOME(String)
2026-05-12 09:19:20.060 [http-nio-8080-exec-9] DEBUG c.z.f.t.m.T.getTimeSeriesData            : <==      Total: 4
2026-05-12 09:19:20.193 [http-nio-8080-exec-1] DEBUG c.z.f.t.filter.JwtAuthenticationFilter   : Authenticated [user=Andy, uri=/api/transactions/trends]
2026-05-12 09:19:20.194 [http-nio-8080-exec-1] DEBUG c.z.f.t.m.UserMapper.findByUsername      : ==>  Preparing: SELECT * FROM users WHERE username = ?
2026-05-12 09:19:20.195 [http-nio-8080-exec-1] DEBUG c.z.f.t.m.UserMapper.findByUsername      : ==> Parameters: Andy(String)
2026-05-12 09:19:20.196 [http-nio-8080-exec-1] DEBUG c.z.f.t.m.UserMapper.findByUsername      : <==      Total: 1
2026-05-12 09:19:20.199 [http-nio-8080-exec-1] DEBUG c.z.f.t.m.T.getTimeSeriesData            : ==>  Preparing: SELECT DATE_FORMAT(date, '%Y-%m') as timeLabel, SUM(ABS(amount)) as total FROM transactions WHERE user_id = ? AND type = ? GROUP BY timeLabel ORDER BY timeLabel ASC
2026-05-12 09:19:20.200 [http-nio-8080-exec-1] DEBUG c.z.f.t.m.T.getTimeSeriesData            : ==> Parameters: 1(Long), EXPENSE(String)
2026-05-12 09:19:20.202 [http-nio-8080-exec-1] DEBUG c.z.f.t.m.T.getTimeSeriesData            : <==      Total: 5
2026-05-12 09:19:20.310 [http-nio-8080-exec-3] DEBUG c.z.f.t.filter.JwtAuthenticationFilter   : Authenticated [user=Andy, uri=/api/transactions/summary]
2026-05-12 09:19:20.311 [http-nio-8080-exec-3] DEBUG c.z.f.t.m.UserMapper.findByUsername      : ==>  Preparing: SELECT * FROM users WHERE username = ?
2026-05-12 09:19:20.311 [http-nio-8080-exec-3] DEBUG c.z.f.t.m.UserMapper.findByUsername      : ==> Parameters: Andy(String)
2026-05-12 09:19:20.313 [http-nio-8080-exec-3] DEBUG c.z.f.t.m.UserMapper.findByUsername      : <==      Total: 1
2026-05-12 09:19:22.261 [http-nio-8080-exec-5] DEBUG c.z.f.t.filter.JwtAuthenticationFilter   : Authenticated [user=Andy, uri=/api/profile]
2026-05-12 09:19:22.263 [http-nio-8080-exec-5] DEBUG c.z.f.t.m.UserMapper.findByUsername      : ==>  Preparing: SELECT * FROM users WHERE username = ?
2026-05-12 09:19:22.264 [http-nio-8080-exec-5] DEBUG c.z.f.t.m.UserMapper.findByUsername      : ==> Parameters: Andy(String)
2026-05-12 09:19:22.267 [http-nio-8080-exec-5] DEBUG c.z.f.t.m.UserMapper.findByUsername      : <==      Total: 1
2026-05-12 09:23:25.188 [http-nio-8080-exec-7] DEBUG c.z.f.t.filter.JwtAuthenticationFilter   : Authenticated [user=Andy, uri=/api/transactions/summary]
2026-05-12 09:23:25.190 [http-nio-8080-exec-7] DEBUG c.z.f.t.m.UserMapper.findByUsername      : ==>  Preparing: SELECT * FROM users WHERE username = ?
2026-05-12 09:23:25.191 [http-nio-8080-exec-7] DEBUG c.z.f.t.m.UserMapper.findByUsername      : ==> Parameters: Andy(String)
2026-05-12 09:23:25.192 [http-nio-8080-exec-7] DEBUG c.z.f.t.m.UserMapper.findByUsername      : <==      Total: 1
2026-05-12 09:23:25.981 [http-nio-8080-exec-9] DEBUG c.z.f.t.filter.JwtAuthenticationFilter   : Authenticated [user=Andy, uri=/api/transactions/daily-trends]
2026-05-12 09:23:25.983 [http-nio-8080-exec-9] DEBUG c.z.f.t.m.UserMapper.findByUsername      : ==>  Preparing: SELECT * FROM users WHERE username = ?
2026-05-12 09:23:25.983 [http-nio-8080-exec-9] DEBUG c.z.f.t.m.UserMapper.findByUsername      : ==> Parameters: Andy(String)
2026-05-12 09:23:25.984 [http-nio-8080-exec-9] DEBUG c.z.f.t.m.UserMapper.findByUsername      : <==      Total: 1
2026-05-12 09:23:27.572 [http-nio-8080-exec-1] DEBUG c.z.f.t.filter.JwtAuthenticationFilter   : Authenticated [user=Andy, uri=/api/transactions/history]
2026-05-12 09:23:27.574 [http-nio-8080-exec-1] DEBUG c.z.f.t.m.UserMapper.findByUsername      : ==>  Preparing: SELECT * FROM users WHERE username = ?
2026-05-12 09:23:27.574 [http-nio-8080-exec-1] DEBUG c.z.f.t.m.UserMapper.findByUsername      : ==> Parameters: Andy(String)
2026-05-12 09:23:27.575 [http-nio-8080-exec-1] DEBUG c.z.f.t.m.UserMapper.findByUsername      : <==      Total: 1
2026-05-12 09:23:27.576 [http-nio-8080-exec-1] DEBUG c.z.f.t.m.T.findAllFiltered              : ==>  Preparing: SELECT t.*, c.name as categoryName FROM transactions t LEFT JOIN categories c ON t.category_id = c.id WHERE t.user_id = ? ORDER BY t.date DESC, t.id DESC LIMIT ? OFFSET ?
2026-05-12 09:23:27.576 [http-nio-8080-exec-1] DEBUG c.z.f.t.m.T.findAllFiltered              : ==> Parameters: 1(Long), 5(Integer), 0(Integer)
2026-05-12 09:23:27.578 [http-nio-8080-exec-1] DEBUG c.z.f.t.m.T.findAllFiltered              : <==      Total: 5
2026-05-12 09:23:27.579 [http-nio-8080-exec-1] DEBUG c.z.f.t.m.T.countFiltered                : ==>  Preparing: SELECT COUNT(*) FROM transactions t WHERE user_id = ?
2026-05-12 09:23:27.579 [http-nio-8080-exec-1] DEBUG c.z.f.t.m.T.countFiltered                : ==> Parameters: 1(Long)
2026-05-12 09:23:27.580 [http-nio-8080-exec-1] DEBUG c.z.f.t.m.T.countFiltered                : <==      Total: 1
2026-05-12 09:23:27.580 [http-nio-8080-exec-1] DEBUG c.z.f.t.c.TransactionController          : History query [userId=1, page=0, size=5, total=32]
2026-05-12 09:23:29.338 [http-nio-8080-exec-3] DEBUG c.z.f.t.filter.JwtAuthenticationFilter   : Authenticated [user=Andy, uri=/api/recurring/upcoming]
2026-05-12 09:23:29.339 [http-nio-8080-exec-3] DEBUG c.z.f.t.m.UserMapper.findByUsername      : ==>  Preparing: SELECT * FROM users WHERE username = ?
2026-05-12 09:23:29.339 [http-nio-8080-exec-3] DEBUG c.z.f.t.m.UserMapper.findByUsername      : ==> Parameters: Andy(String)
2026-05-12 09:23:29.340 [http-nio-8080-exec-3] DEBUG c.z.f.t.m.UserMapper.findByUsername      : <==      Total: 1
2026-05-12 09:23:29.341 [http-nio-8080-exec-3] DEBUG c.z.f.t.m.RecurringMapper.findUpcoming   : ==>  Preparing: SELECT r.*, c.name as categoryName FROM recurring_transactions r LEFT JOIN categories c ON r.category_id = c.id WHERE r.user_id = ? AND r.is_active = TRUE AND r.next_due_date <= DATE_ADD(CURDATE(), INTERVAL ? DAY) ORDER BY r.next_due_date ASC
2026-05-12 09:23:29.341 [http-nio-8080-exec-3] DEBUG c.z.f.t.m.RecurringMapper.findUpcoming   : ==> Parameters: 1(Long), 7(Integer)
2026-05-12 09:23:29.342 [http-nio-8080-exec-3] DEBUG c.z.f.t.m.RecurringMapper.findUpcoming   : <==      Total: 0
2026-05-12 09:23:33.477 [http-nio-8080-exec-5] DEBUG c.z.f.t.filter.JwtAuthenticationFilter   : Authenticated [user=Andy, uri=/api/transactions/history]
2026-05-12 09:23:33.479 [http-nio-8080-exec-5] DEBUG c.z.f.t.m.UserMapper.findByUsername      : ==>  Preparing: SELECT * FROM users WHERE username = ?
2026-05-12 09:23:33.479 [http-nio-8080-exec-5] DEBUG c.z.f.t.m.UserMapper.findByUsername      : ==> Parameters: Andy(String)
2026-05-12 09:23:33.480 [http-nio-8080-exec-5] DEBUG c.z.f.t.m.UserMapper.findByUsername      : <==      Total: 1
2026-05-12 09:23:33.481 [http-nio-8080-exec-5] DEBUG c.z.f.t.m.T.findAllFiltered              : ==>  Preparing: SELECT t.*, c.name as categoryName FROM transactions t LEFT JOIN categories c ON t.category_id = c.id WHERE t.user_id = ? ORDER BY t.date DESC, t.id DESC LIMIT ? OFFSET ?
2026-05-12 09:23:33.481 [http-nio-8080-exec-5] DEBUG c.z.f.t.m.T.findAllFiltered              : ==> Parameters: 1(Long), 15(Integer), 0(Integer)
2026-05-12 09:23:33.485 [http-nio-8080-exec-5] DEBUG c.z.f.t.m.T.findAllFiltered              : <==      Total: 15
2026-05-12 09:23:33.485 [http-nio-8080-exec-5] DEBUG c.z.f.t.m.T.countFiltered                : ==>  Preparing: SELECT COUNT(*) FROM transactions t WHERE user_id = ?
2026-05-12 09:23:33.485 [http-nio-8080-exec-5] DEBUG c.z.f.t.m.T.countFiltered                : ==> Parameters: 1(Long)
2026-05-12 09:23:33.486 [http-nio-8080-exec-5] DEBUG c.z.f.t.m.T.countFiltered                : <==      Total: 1
2026-05-12 09:23:33.487 [http-nio-8080-exec-5] DEBUG c.z.f.t.c.TransactionController          : History query [userId=1, page=0, size=15, total=32]
2026-05-12 09:23:33.671 [http-nio-8080-exec-7] DEBUG c.z.f.t.filter.JwtAuthenticationFilter   : Authenticated [user=Andy, uri=/api/categories]
2026-05-12 09:23:33.671 [http-nio-8080-exec-7] DEBUG c.z.f.t.m.UserMapper.findByUsername      : ==>  Preparing: SELECT * FROM users WHERE username = ?
2026-05-12 09:23:33.672 [http-nio-8080-exec-7] DEBUG c.z.f.t.m.UserMapper.findByUsername      : ==> Parameters: Andy(String)
2026-05-12 09:23:33.673 [http-nio-8080-exec-7] DEBUG c.z.f.t.m.UserMapper.findByUsername      : <==      Total: 1
2026-05-12 09:23:34.583 [http-nio-8080-exec-9] DEBUG c.z.f.t.filter.JwtAuthenticationFilter   : Authenticated [user=Andy, uri=/api/transactions/34/image]
2026-05-12 09:23:34.584 [http-nio-8080-exec-10] DEBUG c.z.f.t.filter.JwtAuthenticationFilter   : Authenticated [user=Andy, uri=/api/transactions/33/image]
2026-05-12 09:23:34.584 [http-nio-8080-exec-1] DEBUG c.z.f.t.filter.JwtAuthenticationFilter   : Authenticated [user=Andy, uri=/api/transactions/32/image]
2026-05-12 09:23:34.585 [http-nio-8080-exec-3] DEBUG c.z.f.t.filter.JwtAuthenticationFilter   : Authenticated [user=Andy, uri=/api/categories]
2026-05-12 09:23:34.585 [http-nio-8080-exec-2] DEBUG c.z.f.t.filter.JwtAuthenticationFilter   : Authenticated [user=Andy, uri=/api/transactions/31/image]
2026-05-12 09:23:34.585 [http-nio-8080-exec-9] DEBUG c.z.f.t.m.UserMapper.findByUsername      : ==>  Preparing: SELECT * FROM users WHERE username = ?
2026-05-12 09:23:34.585 [http-nio-8080-exec-10] DEBUG c.z.f.t.m.UserMapper.findByUsername      : ==>  Preparing: SELECT * FROM users WHERE username = ?
2026-05-12 09:23:34.586 [http-nio-8080-exec-1] DEBUG c.z.f.t.m.UserMapper.findByUsername      : ==>  Preparing: SELECT * FROM users WHERE username = ?
2026-05-12 09:23:34.586 [http-nio-8080-exec-9] DEBUG c.z.f.t.m.UserMapper.findByUsername      : ==> Parameters: Andy(String)
2026-05-12 09:23:34.586 [http-nio-8080-exec-3] DEBUG c.z.f.t.m.UserMapper.findByUsername      : ==>  Preparing: SELECT * FROM users WHERE username = ?
2026-05-12 09:23:34.586 [http-nio-8080-exec-10] DEBUG c.z.f.t.m.UserMapper.findByUsername      : ==> Parameters: Andy(String)
2026-05-12 09:23:34.586 [http-nio-8080-exec-1] DEBUG c.z.f.t.m.UserMapper.findByUsername      : ==> Parameters: Andy(String)
2026-05-12 09:23:34.586 [http-nio-8080-exec-3] DEBUG c.z.f.t.m.UserMapper.findByUsername      : ==> Parameters: Andy(String)
2026-05-12 09:23:34.587 [http-nio-8080-exec-2] DEBUG c.z.f.t.m.UserMapper.findByUsername      : ==>  Preparing: SELECT * FROM users WHERE username = ?
2026-05-12 09:23:34.587 [http-nio-8080-exec-2] DEBUG c.z.f.t.m.UserMapper.findByUsername      : ==> Parameters: Andy(String)
2026-05-12 09:23:34.587 [http-nio-8080-exec-10] DEBUG c.z.f.t.m.UserMapper.findByUsername      : <==      Total: 1
2026-05-12 09:23:34.587 [http-nio-8080-exec-3] DEBUG c.z.f.t.m.UserMapper.findByUsername      : <==      Total: 1
2026-05-12 09:23:34.587 [http-nio-8080-exec-1] DEBUG c.z.f.t.m.UserMapper.findByUsername      : <==      Total: 1
2026-05-12 09:23:34.587 [http-nio-8080-exec-9] DEBUG c.z.f.t.m.UserMapper.findByUsername      : <==      Total: 1
2026-05-12 09:23:34.588 [http-nio-8080-exec-10] DEBUG c.z.f.t.m.TransactionMapper.findById     : ==>  Preparing: SELECT t.*, c.name as categoryName FROM transactions t LEFT JOIN categories c ON t.category_id = c.id WHERE t.id = ? AND t.user_id = ?
2026-05-12 09:23:34.588 [http-nio-8080-exec-9] DEBUG c.z.f.t.m.TransactionMapper.findById     : ==>  Preparing: SELECT t.*, c.name as categoryName FROM transactions t LEFT JOIN categories c ON t.category_id = c.id WHERE t.id = ? AND t.user_id = ?
2026-05-12 09:23:34.588 [http-nio-8080-exec-1] DEBUG c.z.f.t.m.TransactionMapper.findById     : ==>  Preparing: SELECT t.*, c.name as categoryName FROM transactions t LEFT JOIN categories c ON t.category_id = c.id WHERE t.id = ? AND t.user_id = ?
2026-05-12 09:23:34.588 [http-nio-8080-exec-10] DEBUG c.z.f.t.m.TransactionMapper.findById     : ==> Parameters: 33(Long), 1(Long)
2026-05-12 09:23:34.588 [http-nio-8080-exec-9] DEBUG c.z.f.t.m.TransactionMapper.findById     : ==> Parameters: 34(Long), 1(Long)
2026-05-12 09:23:34.588 [http-nio-8080-exec-1] DEBUG c.z.f.t.m.TransactionMapper.findById     : ==> Parameters: 32(Long), 1(Long)
2026-05-12 09:23:34.588 [http-nio-8080-exec-2] DEBUG c.z.f.t.m.UserMapper.findByUsername      : <==      Total: 1
2026-05-12 09:23:34.589 [http-nio-8080-exec-2] DEBUG c.z.f.t.m.TransactionMapper.findById     : ==>  Preparing: SELECT t.*, c.name as categoryName FROM transactions t LEFT JOIN categories c ON t.category_id = c.id WHERE t.id = ? AND t.user_id = ?
2026-05-12 09:23:34.589 [http-nio-8080-exec-2] DEBUG c.z.f.t.m.TransactionMapper.findById     : ==> Parameters: 31(Long), 1(Long)
2026-05-12 09:23:34.590 [http-nio-8080-exec-9] DEBUG c.z.f.t.m.TransactionMapper.findById     : <==      Total: 1
2026-05-12 09:23:34.590 [http-nio-8080-exec-10] DEBUG c.z.f.t.m.TransactionMapper.findById     : <==      Total: 1
2026-05-12 09:23:34.590 [http-nio-8080-exec-1] DEBUG c.z.f.t.m.TransactionMapper.findById     : <==      Total: 1
2026-05-12 09:23:34.590 [http-nio-8080-exec-9] DEBUG c.z.f.t.service.MinioStorageService      : Fetching from MinIO [object=transactions/tx_34_5a52ade7-c821-45c6-ab22-3102d0e4851c.jpg]
2026-05-12 09:23:34.590 [http-nio-8080-exec-10] DEBUG c.z.f.t.service.MinioStorageService      : Fetching from MinIO [object=transactions/tx_33_d538c701-cf2d-4e52-9974-7010187a4d7b.jpg]
2026-05-12 09:23:34.590 [http-nio-8080-exec-1] DEBUG c.z.f.t.service.MinioStorageService      : Fetching from MinIO [object=transactions/tx_32_b4e7d9a8-0334-4d7c-866e-c52d5fd86c97.jpg]
2026-05-12 09:23:34.591 [http-nio-8080-exec-2] DEBUG c.z.f.t.m.TransactionMapper.findById     : <==      Total: 1
2026-05-12 09:23:34.591 [http-nio-8080-exec-2] DEBUG c.z.f.t.service.MinioStorageService      : Fetching from MinIO [object=transactions/tx_31_9133791b-dffe-4d7b-84bf-05ddc9ad6ee9.jpg]
2026-05-12 09:23:34.605 [http-nio-8080-exec-10] DEBUG c.z.f.t.service.MinioStorageService      : Fetched 894934 bytes from MinIO [object=transactions/tx_33_d538c701-cf2d-4e52-9974-7010187a4d7b.jpg]
2026-05-12 09:23:34.606 [http-nio-8080-exec-2] DEBUG c.z.f.t.service.MinioStorageService      : Fetched 899766 bytes from MinIO [object=transactions/tx_31_9133791b-dffe-4d7b-84bf-05ddc9ad6ee9.jpg]
2026-05-12 09:23:34.607 [http-nio-8080-exec-9] DEBUG c.z.f.t.service.MinioStorageService      : Fetched 894934 bytes from MinIO [object=transactions/tx_34_5a52ade7-c821-45c6-ab22-3102d0e4851c.jpg]
2026-05-12 09:23:34.618 [http-nio-8080-exec-1] DEBUG c.z.f.t.service.MinioStorageService      : Fetched 894934 bytes from MinIO [object=transactions/tx_32_b4e7d9a8-0334-4d7c-866e-c52d5fd86c97.jpg]
2026-05-12 09:23:35.000 [http-nio-8080-exec-3] DEBUG c.z.f.t.filter.JwtAuthenticationFilter   : Authenticated [user=Andy, uri=/api/transactions/30/image]
2026-05-12 09:23:35.001 [http-nio-8080-exec-3] DEBUG c.z.f.t.m.UserMapper.findByUsername      : ==>  Preparing: SELECT * FROM users WHERE username = ?
2026-05-12 09:23:35.002 [http-nio-8080-exec-3] DEBUG c.z.f.t.m.UserMapper.findByUsername      : ==> Parameters: Andy(String)
2026-05-12 09:23:35.003 [http-nio-8080-exec-3] DEBUG c.z.f.t.m.UserMapper.findByUsername      : <==      Total: 1
2026-05-12 09:23:35.004 [http-nio-8080-exec-3] DEBUG c.z.f.t.m.TransactionMapper.findById     : ==>  Preparing: SELECT t.*, c.name as categoryName FROM transactions t LEFT JOIN categories c ON t.category_id = c.id WHERE t.id = ? AND t.user_id = ?
2026-05-12 09:23:35.004 [http-nio-8080-exec-3] DEBUG c.z.f.t.m.TransactionMapper.findById     : ==> Parameters: 30(Long), 1(Long)
2026-05-12 09:23:35.006 [http-nio-8080-exec-3] DEBUG c.z.f.t.m.TransactionMapper.findById     : <==      Total: 1
2026-05-12 09:23:35.006 [http-nio-8080-exec-3] DEBUG c.z.f.t.service.MinioStorageService      : Fetching from MinIO [object=transactions/tx_30_6ec29c0d-e9f8-419c-a92f-cf622a2f63f2.jpg]
2026-05-12 09:23:35.011 [http-nio-8080-exec-3] DEBUG c.z.f.t.service.MinioStorageService      : Fetched 30972 bytes from MinIO [object=transactions/tx_30_6ec29c0d-e9f8-419c-a92f-cf622a2f63f2.jpg]
2026-05-12 09:23:35.213 [http-nio-8080-exec-10] DEBUG c.z.f.t.filter.JwtAuthenticationFilter   : Authenticated [user=Andy, uri=/api/transactions/29/image]
2026-05-12 09:23:35.215 [http-nio-8080-exec-10] DEBUG c.z.f.t.m.UserMapper.findByUsername      : ==>  Preparing: SELECT * FROM users WHERE username = ?
2026-05-12 09:23:35.215 [http-nio-8080-exec-10] DEBUG c.z.f.t.m.UserMapper.findByUsername      : ==> Parameters: Andy(String)
2026-05-12 09:23:35.216 [http-nio-8080-exec-10] DEBUG c.z.f.t.m.UserMapper.findByUsername      : <==      Total: 1
2026-05-12 09:23:35.217 [http-nio-8080-exec-10] DEBUG c.z.f.t.m.TransactionMapper.findById     : ==>  Preparing: SELECT t.*, c.name as categoryName FROM transactions t LEFT JOIN categories c ON t.category_id = c.id WHERE t.id = ? AND t.user_id = ?
2026-05-12 09:23:35.217 [http-nio-8080-exec-10] DEBUG c.z.f.t.m.TransactionMapper.findById     : ==> Parameters: 29(Long), 1(Long)
2026-05-12 09:23:35.218 [http-nio-8080-exec-10] DEBUG c.z.f.t.m.TransactionMapper.findById     : <==      Total: 1
2026-05-12 09:23:35.219 [http-nio-8080-exec-10] DEBUG c.z.f.t.service.MinioStorageService      : Fetching from MinIO [object=transactions/tx_29_b889f510-b781-4ea9-b387-5002b32483d9.jpg]
2026-05-12 09:23:35.224 [http-nio-8080-exec-10] DEBUG c.z.f.t.service.MinioStorageService      : Fetched 30972 bytes from MinIO [object=transactions/tx_29_b889f510-b781-4ea9-b387-5002b32483d9.jpg]
2026-05-12 09:23:48.458 [http-nio-8080-exec-2] DEBUG c.z.f.t.filter.JwtAuthenticationFilter   : Authenticated [user=Andy, uri=/api/transactions/28/image]
2026-05-12 09:23:48.459 [http-nio-8080-exec-2] DEBUG c.z.f.t.m.UserMapper.findByUsername      : ==>  Preparing: SELECT * FROM users WHERE username = ?
2026-05-12 09:23:48.460 [http-nio-8080-exec-2] DEBUG c.z.f.t.m.UserMapper.findByUsername      : ==> Parameters: Andy(String)
2026-05-12 09:23:48.461 [http-nio-8080-exec-2] DEBUG c.z.f.t.m.UserMapper.findByUsername      : <==      Total: 1
2026-05-12 09:23:48.462 [http-nio-8080-exec-2] DEBUG c.z.f.t.m.TransactionMapper.findById     : ==>  Preparing: SELECT t.*, c.name as categoryName FROM transactions t LEFT JOIN categories c ON t.category_id = c.id WHERE t.id = ? AND t.user_id = ?
2026-05-12 09:23:48.462 [http-nio-8080-exec-2] DEBUG c.z.f.t.m.TransactionMapper.findById     : ==> Parameters: 28(Long), 1(Long)
2026-05-12 09:23:48.464 [http-nio-8080-exec-2] DEBUG c.z.f.t.m.TransactionMapper.findById     : <==      Total: 1
2026-05-12 09:23:48.464 [http-nio-8080-exec-2] DEBUG c.z.f.t.service.MinioStorageService      : Fetching from MinIO [object=transactions/tx_28_c602e60e-2fb0-4bac-a365-cee60c0093d0.jpg]
2026-05-12 09:23:48.484 [http-nio-8080-exec-2] DEBUG c.z.f.t.service.MinioStorageService      : Fetched 899766 bytes from MinIO [object=transactions/tx_28_c602e60e-2fb0-4bac-a365-cee60c0093d0.jpg]
2026-05-12 09:23:48.908 [http-nio-8080-exec-6] DEBUG c.z.f.t.filter.JwtAuthenticationFilter   : Authenticated [user=Andy, uri=/api/transactions/24/image]
2026-05-12 09:23:48.910 [http-nio-8080-exec-6] DEBUG c.z.f.t.m.UserMapper.findByUsername      : ==>  Preparing: SELECT * FROM users WHERE username = ?
2026-05-12 09:23:48.910 [http-nio-8080-exec-6] DEBUG c.z.f.t.m.UserMapper.findByUsername      : ==> Parameters: Andy(String)
2026-05-12 09:23:48.910 [http-nio-8080-exec-7] DEBUG c.z.f.t.filter.JwtAuthenticationFilter   : Authenticated [user=Andy, uri=/api/transactions/23/image]
2026-05-12 09:23:48.911 [http-nio-8080-exec-6] DEBUG c.z.f.t.m.UserMapper.findByUsername      : <==      Total: 1
2026-05-12 09:23:48.911 [http-nio-8080-exec-7] DEBUG c.z.f.t.m.UserMapper.findByUsername      : ==>  Preparing: SELECT * FROM users WHERE username = ?
2026-05-12 09:23:48.912 [http-nio-8080-exec-7] DEBUG c.z.f.t.m.UserMapper.findByUsername      : ==> Parameters: Andy(String)
2026-05-12 09:23:48.912 [http-nio-8080-exec-6] DEBUG c.z.f.t.m.TransactionMapper.findById     : ==>  Preparing: SELECT t.*, c.name as categoryName FROM transactions t LEFT JOIN categories c ON t.category_id = c.id WHERE t.id = ? AND t.user_id = ?
2026-05-12 09:23:48.912 [http-nio-8080-exec-6] DEBUG c.z.f.t.m.TransactionMapper.findById     : ==> Parameters: 24(Long), 1(Long)
2026-05-12 09:23:48.913 [http-nio-8080-exec-7] DEBUG c.z.f.t.m.UserMapper.findByUsername      : <==      Total: 1
2026-05-12 09:23:48.913 [http-nio-8080-exec-7] DEBUG c.z.f.t.m.TransactionMapper.findById     : ==>  Preparing: SELECT t.*, c.name as categoryName FROM transactions t LEFT JOIN categories c ON t.category_id = c.id WHERE t.id = ? AND t.user_id = ?
2026-05-12 09:23:48.913 [http-nio-8080-exec-6] DEBUG c.z.f.t.m.TransactionMapper.findById     : <==      Total: 1
2026-05-12 09:23:48.913 [http-nio-8080-exec-7] DEBUG c.z.f.t.m.TransactionMapper.findById     : ==> Parameters: 23(Long), 1(Long)
2026-05-12 09:23:48.913 [http-nio-8080-exec-6] DEBUG c.z.f.t.service.MinioStorageService      : Fetching from MinIO [object=transactions/tx_24_764aca22-00c8-46b3-aeae-ac1451af4fa5.jpg]
2026-05-12 09:23:48.915 [http-nio-8080-exec-7] DEBUG c.z.f.t.m.TransactionMapper.findById     : <==      Total: 1
2026-05-12 09:23:48.915 [http-nio-8080-exec-7] DEBUG c.z.f.t.service.MinioStorageService      : Fetching from MinIO [object=transactions/tx_23_986c4de8-9af1-4032-9e43-f499a6d375a3.jpg]
2026-05-12 09:23:48.928 [http-nio-8080-exec-7] DEBUG c.z.f.t.service.MinioStorageService      : Fetched 866644 bytes from MinIO [object=transactions/tx_23_986c4de8-9af1-4032-9e43-f499a6d375a3.jpg]
2026-05-12 09:23:48.929 [http-nio-8080-exec-6] DEBUG c.z.f.t.service.MinioStorageService      : Fetched 1353592 bytes from MinIO [object=transactions/tx_24_764aca22-00c8-46b3-aeae-ac1451af4fa5.jpg]
2026-05-12 09:23:49.419 [http-nio-8080-exec-3] DEBUG c.z.f.t.filter.JwtAuthenticationFilter   : Authenticated [user=Andy, uri=/api/transactions/33/image]
2026-05-12 09:23:49.421 [http-nio-8080-exec-3] DEBUG c.z.f.t.m.UserMapper.findByUsername      : ==>  Preparing: SELECT * FROM users WHERE username = ?
2026-05-12 09:23:49.421 [http-nio-8080-exec-3] DEBUG c.z.f.t.m.UserMapper.findByUsername      : ==> Parameters: Andy(String)
2026-05-12 09:23:49.424 [http-nio-8080-exec-3] DEBUG c.z.f.t.m.UserMapper.findByUsername      : <==      Total: 1
2026-05-12 09:23:49.424 [http-nio-8080-exec-3] DEBUG c.z.f.t.m.TransactionMapper.findById     : ==>  Preparing: SELECT t.*, c.name as categoryName FROM transactions t LEFT JOIN categories c ON t.category_id = c.id WHERE t.id = ? AND t.user_id = ?
2026-05-12 09:23:49.425 [http-nio-8080-exec-3] DEBUG c.z.f.t.m.TransactionMapper.findById     : ==> Parameters: 33(Long), 1(Long)
2026-05-12 09:23:49.426 [http-nio-8080-exec-3] DEBUG c.z.f.t.m.TransactionMapper.findById     : <==      Total: 1
2026-05-12 09:23:49.427 [http-nio-8080-exec-3] DEBUG c.z.f.t.service.MinioStorageService      : Fetching from MinIO [object=transactions/tx_33_d538c701-cf2d-4e52-9974-7010187a4d7b.jpg]
2026-05-12 09:23:49.436 [http-nio-8080-exec-3] DEBUG c.z.f.t.service.MinioStorageService      : Fetched 894934 bytes from MinIO [object=transactions/tx_33_d538c701-cf2d-4e52-9974-7010187a4d7b.jpg]
2026-05-12 09:23:49.532 [http-nio-8080-exec-10] DEBUG c.z.f.t.filter.JwtAuthenticationFilter   : Authenticated [user=Andy, uri=/api/transactions/34/image]
2026-05-12 09:23:49.533 [http-nio-8080-exec-10] DEBUG c.z.f.t.m.UserMapper.findByUsername      : ==>  Preparing: SELECT * FROM users WHERE username = ?
2026-05-12 09:23:49.533 [http-nio-8080-exec-10] DEBUG c.z.f.t.m.UserMapper.findByUsername      : ==> Parameters: Andy(String)
2026-05-12 09:23:49.534 [http-nio-8080-exec-10] DEBUG c.z.f.t.m.UserMapper.findByUsername      : <==      Total: 1
2026-05-12 09:23:49.535 [http-nio-8080-exec-10] DEBUG c.z.f.t.m.TransactionMapper.findById     : ==>  Preparing: SELECT t.*, c.name as categoryName FROM transactions t LEFT JOIN categories c ON t.category_id = c.id WHERE t.id = ? AND t.user_id = ?
2026-05-12 09:23:49.535 [http-nio-8080-exec-10] DEBUG c.z.f.t.m.TransactionMapper.findById     : ==> Parameters: 34(Long), 1(Long)
2026-05-12 09:23:49.536 [http-nio-8080-exec-10] DEBUG c.z.f.t.m.TransactionMapper.findById     : <==      Total: 1
2026-05-12 09:23:49.537 [http-nio-8080-exec-10] DEBUG c.z.f.t.service.MinioStorageService      : Fetching from MinIO [object=transactions/tx_34_5a52ade7-c821-45c6-ab22-3102d0e4851c.jpg]
2026-05-12 09:23:49.545 [http-nio-8080-exec-10] DEBUG c.z.f.t.service.MinioStorageService      : Fetched 894934 bytes from MinIO [object=transactions/tx_34_5a52ade7-c821-45c6-ab22-3102d0e4851c.jpg]
2026-05-12 09:23:50.802 [http-nio-8080-exec-2] DEBUG c.z.f.t.filter.JwtAuthenticationFilter   : Authenticated [user=Andy, uri=/api/transactions/28/image]
2026-05-12 09:23:50.804 [http-nio-8080-exec-2] DEBUG c.z.f.t.m.UserMapper.findByUsername      : ==>  Preparing: SELECT * FROM users WHERE username = ?
2026-05-12 09:23:50.804 [http-nio-8080-exec-2] DEBUG c.z.f.t.m.UserMapper.findByUsername      : ==> Parameters: Andy(String)
2026-05-12 09:23:50.806 [http-nio-8080-exec-2] DEBUG c.z.f.t.m.UserMapper.findByUsername      : <==      Total: 1
2026-05-12 09:23:50.806 [http-nio-8080-exec-2] DEBUG c.z.f.t.m.TransactionMapper.findById     : ==>  Preparing: SELECT t.*, c.name as categoryName FROM transactions t LEFT JOIN categories c ON t.category_id = c.id WHERE t.id = ? AND t.user_id = ?
2026-05-12 09:23:50.806 [http-nio-8080-exec-2] DEBUG c.z.f.t.m.TransactionMapper.findById     : ==> Parameters: 28(Long), 1(Long)
2026-05-12 09:23:50.808 [http-nio-8080-exec-2] DEBUG c.z.f.t.m.TransactionMapper.findById     : <==      Total: 1
2026-05-12 09:23:50.808 [http-nio-8080-exec-2] DEBUG c.z.f.t.service.MinioStorageService      : Fetching from MinIO [object=transactions/tx_28_c602e60e-2fb0-4bac-a365-cee60c0093d0.jpg]
2026-05-12 09:23:50.820 [http-nio-8080-exec-2] DEBUG c.z.f.t.service.MinioStorageService      : Fetched 899766 bytes from MinIO [object=transactions/tx_28_c602e60e-2fb0-4bac-a365-cee60c0093d0.jpg]
2026-05-12 09:23:50.951 [http-nio-8080-exec-7] DEBUG c.z.f.t.filter.JwtAuthenticationFilter   : Authenticated [user=Andy, uri=/api/transactions/24/image]
2026-05-12 09:23:50.952 [http-nio-8080-exec-7] DEBUG c.z.f.t.m.UserMapper.findByUsername      : ==>  Preparing: SELECT * FROM users WHERE username = ?
2026-05-12 09:23:50.953 [http-nio-8080-exec-7] DEBUG c.z.f.t.m.UserMapper.findByUsername      : ==> Parameters: Andy(String)
2026-05-12 09:23:50.954 [http-nio-8080-exec-7] DEBUG c.z.f.t.m.UserMapper.findByUsername      : <==      Total: 1
2026-05-12 09:23:50.954 [http-nio-8080-exec-7] DEBUG c.z.f.t.m.TransactionMapper.findById     : ==>  Preparing: SELECT t.*, c.name as categoryName FROM transactions t LEFT JOIN categories c ON t.category_id = c.id WHERE t.id = ? AND t.user_id = ?
2026-05-12 09:23:50.954 [http-nio-8080-exec-7] DEBUG c.z.f.t.m.TransactionMapper.findById     : ==> Parameters: 24(Long), 1(Long)
2026-05-12 09:23:50.956 [http-nio-8080-exec-7] DEBUG c.z.f.t.m.TransactionMapper.findById     : <==      Total: 1
2026-05-12 09:23:50.956 [http-nio-8080-exec-7] DEBUG c.z.f.t.service.MinioStorageService      : Fetching from MinIO [object=transactions/tx_24_764aca22-00c8-46b3-aeae-ac1451af4fa5.jpg]
2026-05-12 09:23:50.966 [http-nio-8080-exec-7] DEBUG c.z.f.t.service.MinioStorageService      : Fetched 1353592 bytes from MinIO [object=transactions/tx_24_764aca22-00c8-46b3-aeae-ac1451af4fa5.jpg]
2026-05-12 09:23:51.033 [http-nio-8080-exec-1] DEBUG c.z.f.t.filter.JwtAuthenticationFilter   : Authenticated [user=Andy, uri=/api/transactions/23/image]
2026-05-12 09:23:51.034 [http-nio-8080-exec-1] DEBUG c.z.f.t.m.UserMapper.findByUsername      : ==>  Preparing: SELECT * FROM users WHERE username = ?
2026-05-12 09:23:51.034 [http-nio-8080-exec-1] DEBUG c.z.f.t.m.UserMapper.findByUsername      : ==> Parameters: Andy(String)
2026-05-12 09:23:51.035 [http-nio-8080-exec-1] DEBUG c.z.f.t.m.UserMapper.findByUsername      : <==      Total: 1
2026-05-12 09:23:51.036 [http-nio-8080-exec-1] DEBUG c.z.f.t.m.TransactionMapper.findById     : ==>  Preparing: SELECT t.*, c.name as categoryName FROM transactions t LEFT JOIN categories c ON t.category_id = c.id WHERE t.id = ? AND t.user_id = ?
2026-05-12 09:23:51.036 [http-nio-8080-exec-1] DEBUG c.z.f.t.m.TransactionMapper.findById     : ==> Parameters: 23(Long), 1(Long)
2026-05-12 09:23:51.037 [http-nio-8080-exec-1] DEBUG c.z.f.t.m.TransactionMapper.findById     : <==      Total: 1
2026-05-12 09:23:51.037 [http-nio-8080-exec-1] DEBUG c.z.f.t.service.MinioStorageService      : Fetching from MinIO [object=transactions/tx_23_986c4de8-9af1-4032-9e43-f499a6d375a3.jpg]
2026-05-12 09:23:51.044 [http-nio-8080-exec-1] DEBUG c.z.f.t.service.MinioStorageService      : Fetched 866644 bytes from MinIO [object=transactions/tx_23_986c4de8-9af1-4032-9e43-f499a6d375a3.jpg]
2026-05-12 09:23:52.582 [http-nio-8080-exec-3] DEBUG c.z.f.t.filter.JwtAuthenticationFilter   : Authenticated [user=Andy, uri=/api/transactions/33/image]
2026-05-12 09:23:52.583 [http-nio-8080-exec-3] DEBUG c.z.f.t.m.UserMapper.findByUsername      : ==>  Preparing: SELECT * FROM users WHERE username = ?
2026-05-12 09:23:52.584 [http-nio-8080-exec-3] DEBUG c.z.f.t.m.UserMapper.findByUsername      : ==> Parameters: Andy(String)
2026-05-12 09:23:52.584 [http-nio-8080-exec-4] DEBUG c.z.f.t.filter.JwtAuthenticationFilter   : Authenticated [user=Andy, uri=/api/transactions/31/image]
2026-05-12 09:23:52.585 [http-nio-8080-exec-3] DEBUG c.z.f.t.m.UserMapper.findByUsername      : <==      Total: 1
2026-05-12 09:23:52.585 [http-nio-8080-exec-4] DEBUG c.z.f.t.m.UserMapper.findByUsername      : ==>  Preparing: SELECT * FROM users WHERE username = ?
2026-05-12 09:23:52.586 [http-nio-8080-exec-3] DEBUG c.z.f.t.m.TransactionMapper.findById     : ==>  Preparing: SELECT t.*, c.name as categoryName FROM transactions t LEFT JOIN categories c ON t.category_id = c.id WHERE t.id = ? AND t.user_id = ?
2026-05-12 09:23:52.586 [http-nio-8080-exec-4] DEBUG c.z.f.t.m.UserMapper.findByUsername      : ==> Parameters: Andy(String)
2026-05-12 09:23:52.586 [http-nio-8080-exec-3] DEBUG c.z.f.t.m.TransactionMapper.findById     : ==> Parameters: 33(Long), 1(Long)
2026-05-12 09:23:52.587 [http-nio-8080-exec-4] DEBUG c.z.f.t.m.UserMapper.findByUsername      : <==      Total: 1
2026-05-12 09:23:52.587 [http-nio-8080-exec-3] DEBUG c.z.f.t.m.TransactionMapper.findById     : <==      Total: 1
2026-05-12 09:23:52.587 [http-nio-8080-exec-3] DEBUG c.z.f.t.service.MinioStorageService      : Fetching from MinIO [object=transactions/tx_33_d538c701-cf2d-4e52-9974-7010187a4d7b.jpg]
2026-05-12 09:23:52.587 [http-nio-8080-exec-4] DEBUG c.z.f.t.m.TransactionMapper.findById     : ==>  Preparing: SELECT t.*, c.name as categoryName FROM transactions t LEFT JOIN categories c ON t.category_id = c.id WHERE t.id = ? AND t.user_id = ?
2026-05-12 09:23:52.588 [http-nio-8080-exec-4] DEBUG c.z.f.t.m.TransactionMapper.findById     : ==> Parameters: 31(Long), 1(Long)
2026-05-12 09:23:52.590 [http-nio-8080-exec-4] DEBUG c.z.f.t.m.TransactionMapper.findById     : <==      Total: 1
2026-05-12 09:23:52.590 [http-nio-8080-exec-4] DEBUG c.z.f.t.service.MinioStorageService      : Fetching from MinIO [object=transactions/tx_31_9133791b-dffe-4d7b-84bf-05ddc9ad6ee9.jpg]
2026-05-12 09:23:52.597 [http-nio-8080-exec-3] DEBUG c.z.f.t.service.MinioStorageService      : Fetched 894934 bytes from MinIO [object=transactions/tx_33_d538c701-cf2d-4e52-9974-7010187a4d7b.jpg]
2026-05-12 09:23:52.602 [http-nio-8080-exec-4] DEBUG c.z.f.t.service.MinioStorageService      : Fetched 899766 bytes from MinIO [object=transactions/tx_31_9133791b-dffe-4d7b-84bf-05ddc9ad6ee9.jpg]
2026-05-12 09:23:52.642 [http-nio-8080-exec-2] DEBUG c.z.f.t.filter.JwtAuthenticationFilter   : Authenticated [user=Andy, uri=/api/transactions/34/image]
2026-05-12 09:23:52.644 [http-nio-8080-exec-2] DEBUG c.z.f.t.m.UserMapper.findByUsername      : ==>  Preparing: SELECT * FROM users WHERE username = ?
2026-05-12 09:23:52.644 [http-nio-8080-exec-2] DEBUG c.z.f.t.m.UserMapper.findByUsername      : ==> Parameters: Andy(String)
2026-05-12 09:23:52.645 [http-nio-8080-exec-2] DEBUG c.z.f.t.m.UserMapper.findByUsername      : <==      Total: 1
2026-05-12 09:23:52.645 [http-nio-8080-exec-2] DEBUG c.z.f.t.m.TransactionMapper.findById     : ==>  Preparing: SELECT t.*, c.name as categoryName FROM transactions t LEFT JOIN categories c ON t.category_id = c.id WHERE t.id = ? AND t.user_id = ?
2026-05-12 09:23:52.646 [http-nio-8080-exec-2] DEBUG c.z.f.t.m.TransactionMapper.findById     : ==> Parameters: 34(Long), 1(Long)
2026-05-12 09:23:52.647 [http-nio-8080-exec-2] DEBUG c.z.f.t.m.TransactionMapper.findById     : <==      Total: 1
2026-05-12 09:23:52.647 [http-nio-8080-exec-2] DEBUG c.z.f.t.service.MinioStorageService      : Fetching from MinIO [object=transactions/tx_34_5a52ade7-c821-45c6-ab22-3102d0e4851c.jpg]
2026-05-12 09:23:52.654 [http-nio-8080-exec-2] DEBUG c.z.f.t.service.MinioStorageService      : Fetched 894934 bytes from MinIO [object=transactions/tx_34_5a52ade7-c821-45c6-ab22-3102d0e4851c.jpg]
2026-05-12 09:23:53.487 [http-nio-8080-exec-7] DEBUG c.z.f.t.filter.JwtAuthenticationFilter   : Authenticated [user=Andy, uri=/api/transactions/32/image]
2026-05-12 09:23:53.488 [http-nio-8080-exec-7] DEBUG c.z.f.t.m.UserMapper.findByUsername      : ==>  Preparing: SELECT * FROM users WHERE username = ?
2026-05-12 09:23:53.489 [http-nio-8080-exec-7] DEBUG c.z.f.t.m.UserMapper.findByUsername      : ==> Parameters: Andy(String)
2026-05-12 09:23:53.490 [http-nio-8080-exec-7] DEBUG c.z.f.t.m.UserMapper.findByUsername      : <==      Total: 1
2026-05-12 09:23:53.490 [http-nio-8080-exec-7] DEBUG c.z.f.t.m.TransactionMapper.findById     : ==>  Preparing: SELECT t.*, c.name as categoryName FROM transactions t LEFT JOIN categories c ON t.category_id = c.id WHERE t.id = ? AND t.user_id = ?
2026-05-12 09:23:53.490 [http-nio-8080-exec-7] DEBUG c.z.f.t.m.TransactionMapper.findById     : ==> Parameters: 32(Long), 1(Long)
2026-05-12 09:23:53.491 [http-nio-8080-exec-7] DEBUG c.z.f.t.m.TransactionMapper.findById     : <==      Total: 1
2026-05-12 09:23:53.492 [http-nio-8080-exec-7] DEBUG c.z.f.t.service.MinioStorageService      : Fetching from MinIO [object=transactions/tx_32_b4e7d9a8-0334-4d7c-866e-c52d5fd86c97.jpg]
2026-05-12 09:23:53.499 [http-nio-8080-exec-7] DEBUG c.z.f.t.service.MinioStorageService      : Fetched 894934 bytes from MinIO [object=transactions/tx_32_b4e7d9a8-0334-4d7c-866e-c52d5fd86c97.jpg]
2026-05-12 09:23:56.291 [http-nio-8080-exec-1] DEBUG c.z.f.t.filter.JwtAuthenticationFilter   : Authenticated [user=Andy, uri=/api/transactions/28/image]
2026-05-12 09:23:56.292 [http-nio-8080-exec-1] DEBUG c.z.f.t.m.UserMapper.findByUsername      : ==>  Preparing: SELECT * FROM users WHERE username = ?
2026-05-12 09:23:56.293 [http-nio-8080-exec-1] DEBUG c.z.f.t.m.UserMapper.findByUsername      : ==> Parameters: Andy(String)
2026-05-12 09:23:56.294 [http-nio-8080-exec-1] DEBUG c.z.f.t.m.UserMapper.findByUsername      : <==      Total: 1
2026-05-12 09:23:56.294 [http-nio-8080-exec-1] DEBUG c.z.f.t.m.TransactionMapper.findById     : ==>  Preparing: SELECT t.*, c.name as categoryName FROM transactions t LEFT JOIN categories c ON t.category_id = c.id WHERE t.id = ? AND t.user_id = ?
2026-05-12 09:23:56.294 [http-nio-8080-exec-1] DEBUG c.z.f.t.m.TransactionMapper.findById     : ==> Parameters: 28(Long), 1(Long)
2026-05-12 09:23:56.295 [http-nio-8080-exec-1] DEBUG c.z.f.t.m.TransactionMapper.findById     : <==      Total: 1
2026-05-12 09:23:56.296 [http-nio-8080-exec-1] DEBUG c.z.f.t.service.MinioStorageService      : Fetching from MinIO [object=transactions/tx_28_c602e60e-2fb0-4bac-a365-cee60c0093d0.jpg]
2026-05-12 09:23:56.302 [http-nio-8080-exec-1] DEBUG c.z.f.t.service.MinioStorageService      : Fetched 899766 bytes from MinIO [object=transactions/tx_28_c602e60e-2fb0-4bac-a365-cee60c0093d0.jpg]
2026-05-12 09:23:56.349 [http-nio-8080-exec-3] DEBUG c.z.f.t.filter.JwtAuthenticationFilter   : Authenticated [user=Andy, uri=/api/transactions/24/image]
2026-05-12 09:23:56.350 [http-nio-8080-exec-3] DEBUG c.z.f.t.m.UserMapper.findByUsername      : ==>  Preparing: SELECT * FROM users WHERE username = ?
2026-05-12 09:23:56.351 [http-nio-8080-exec-3] DEBUG c.z.f.t.m.UserMapper.findByUsername      : ==> Parameters: Andy(String)
2026-05-12 09:23:56.352 [http-nio-8080-exec-3] DEBUG c.z.f.t.m.UserMapper.findByUsername      : <==      Total: 1
2026-05-12 09:23:56.352 [http-nio-8080-exec-3] DEBUG c.z.f.t.m.TransactionMapper.findById     : ==>  Preparing: SELECT t.*, c.name as categoryName FROM transactions t LEFT JOIN categories c ON t.category_id = c.id WHERE t.id = ? AND t.user_id = ?
2026-05-12 09:23:56.352 [http-nio-8080-exec-3] DEBUG c.z.f.t.m.TransactionMapper.findById     : ==> Parameters: 24(Long), 1(Long)
2026-05-12 09:23:56.353 [http-nio-8080-exec-3] DEBUG c.z.f.t.m.TransactionMapper.findById     : <==      Total: 1
2026-05-12 09:23:56.353 [http-nio-8080-exec-3] DEBUG c.z.f.t.service.MinioStorageService      : Fetching from MinIO [object=transactions/tx_24_764aca22-00c8-46b3-aeae-ac1451af4fa5.jpg]
2026-05-12 09:23:56.364 [http-nio-8080-exec-3] DEBUG c.z.f.t.service.MinioStorageService      : Fetched 1353592 bytes from MinIO [object=transactions/tx_24_764aca22-00c8-46b3-aeae-ac1451af4fa5.jpg]
2026-05-12 09:23:56.369 [http-nio-8080-exec-10] DEBUG c.z.f.t.filter.JwtAuthenticationFilter   : Authenticated [user=Andy, uri=/api/transactions/23/image]
2026-05-12 09:23:56.370 [http-nio-8080-exec-10] DEBUG c.z.f.t.m.UserMapper.findByUsername      : ==>  Preparing: SELECT * FROM users WHERE username = ?
2026-05-12 09:23:56.370 [http-nio-8080-exec-10] DEBUG c.z.f.t.m.UserMapper.findByUsername      : ==> Parameters: Andy(String)
2026-05-12 09:23:56.371 [http-nio-8080-exec-10] DEBUG c.z.f.t.m.UserMapper.findByUsername      : <==      Total: 1
2026-05-12 09:23:56.371 [http-nio-8080-exec-10] DEBUG c.z.f.t.m.TransactionMapper.findById     : ==>  Preparing: SELECT t.*, c.name as categoryName FROM transactions t LEFT JOIN categories c ON t.category_id = c.id WHERE t.id = ? AND t.user_id = ?
2026-05-12 09:23:56.371 [http-nio-8080-exec-10] DEBUG c.z.f.t.m.TransactionMapper.findById     : ==> Parameters: 23(Long), 1(Long)
2026-05-12 09:23:56.372 [http-nio-8080-exec-10] DEBUG c.z.f.t.m.TransactionMapper.findById     : <==      Total: 1
2026-05-12 09:23:56.372 [http-nio-8080-exec-10] DEBUG c.z.f.t.service.MinioStorageService      : Fetching from MinIO [object=transactions/tx_23_986c4de8-9af1-4032-9e43-f499a6d375a3.jpg]
2026-05-12 09:23:56.378 [http-nio-8080-exec-10] DEBUG c.z.f.t.service.MinioStorageService      : Fetched 866644 bytes from MinIO [object=transactions/tx_23_986c4de8-9af1-4032-9e43-f499a6d375a3.jpg]
2026-05-12 09:23:56.946 [http-nio-8080-exec-2] DEBUG c.z.f.t.filter.JwtAuthenticationFilter   : Authenticated [user=Andy, uri=/api/transactions/31/image]
2026-05-12 09:23:56.947 [http-nio-8080-exec-2] DEBUG c.z.f.t.m.UserMapper.findByUsername      : ==>  Preparing: SELECT * FROM users WHERE username = ?
2026-05-12 09:23:56.948 [http-nio-8080-exec-2] DEBUG c.z.f.t.m.UserMapper.findByUsername      : ==> Parameters: Andy(String)
2026-05-12 09:23:56.949 [http-nio-8080-exec-2] DEBUG c.z.f.t.m.UserMapper.findByUsername      : <==      Total: 1
2026-05-12 09:23:56.949 [http-nio-8080-exec-2] DEBUG c.z.f.t.m.TransactionMapper.findById     : ==>  Preparing: SELECT t.*, c.name as categoryName FROM transactions t LEFT JOIN categories c ON t.category_id = c.id WHERE t.id = ? AND t.user_id = ?
2026-05-12 09:23:56.949 [http-nio-8080-exec-2] DEBUG c.z.f.t.m.TransactionMapper.findById     : ==> Parameters: 31(Long), 1(Long)
2026-05-12 09:23:56.951 [http-nio-8080-exec-2] DEBUG c.z.f.t.m.TransactionMapper.findById     : <==      Total: 1
2026-05-12 09:23:56.951 [http-nio-8080-exec-2] DEBUG c.z.f.t.service.MinioStorageService      : Fetching from MinIO [object=transactions/tx_31_9133791b-dffe-4d7b-84bf-05ddc9ad6ee9.jpg]
2026-05-12 09:23:56.957 [http-nio-8080-exec-2] DEBUG c.z.f.t.service.MinioStorageService      : Fetched 899766 bytes from MinIO [object=transactions/tx_31_9133791b-dffe-4d7b-84bf-05ddc9ad6ee9.jpg]
2026-05-12 09:23:57.032 [http-nio-8080-exec-7] DEBUG c.z.f.t.filter.JwtAuthenticationFilter   : Authenticated [user=Andy, uri=/api/transactions/33/image]
2026-05-12 09:23:57.033 [http-nio-8080-exec-7] DEBUG c.z.f.t.m.UserMapper.findByUsername      : ==>  Preparing: SELECT * FROM users WHERE username = ?
2026-05-12 09:23:57.033 [http-nio-8080-exec-7] DEBUG c.z.f.t.m.UserMapper.findByUsername      : ==> Parameters: Andy(String)
2026-05-12 09:23:57.035 [http-nio-8080-exec-7] DEBUG c.z.f.t.m.UserMapper.findByUsername      : <==      Total: 1
2026-05-12 09:23:57.035 [http-nio-8080-exec-7] DEBUG c.z.f.t.m.TransactionMapper.findById     : ==>  Preparing: SELECT t.*, c.name as categoryName FROM transactions t LEFT JOIN categories c ON t.category_id = c.id WHERE t.id = ? AND t.user_id = ?
2026-05-12 09:23:57.035 [http-nio-8080-exec-7] DEBUG c.z.f.t.m.TransactionMapper.findById     : ==> Parameters: 33(Long), 1(Long)
2026-05-12 09:23:57.036 [http-nio-8080-exec-7] DEBUG c.z.f.t.m.TransactionMapper.findById     : <==      Total: 1
2026-05-12 09:23:57.036 [http-nio-8080-exec-7] DEBUG c.z.f.t.service.MinioStorageService      : Fetching from MinIO [object=transactions/tx_33_d538c701-cf2d-4e52-9974-7010187a4d7b.jpg]
2026-05-12 09:23:57.043 [http-nio-8080-exec-7] DEBUG c.z.f.t.service.MinioStorageService      : Fetched 894934 bytes from MinIO [object=transactions/tx_33_d538c701-cf2d-4e52-9974-7010187a4d7b.jpg]
2026-05-12 09:23:57.054 [http-nio-8080-exec-1] DEBUG c.z.f.t.filter.JwtAuthenticationFilter   : Authenticated [user=Andy, uri=/api/transactions/32/image]
2026-05-12 09:23:57.055 [http-nio-8080-exec-1] DEBUG c.z.f.t.m.UserMapper.findByUsername      : ==>  Preparing: SELECT * FROM users WHERE username = ?
2026-05-12 09:23:57.055 [http-nio-8080-exec-1] DEBUG c.z.f.t.m.UserMapper.findByUsername      : ==> Parameters: Andy(String)
2026-05-12 09:23:57.056 [http-nio-8080-exec-1] DEBUG c.z.f.t.m.UserMapper.findByUsername      : <==      Total: 1
2026-05-12 09:23:57.057 [http-nio-8080-exec-1] DEBUG c.z.f.t.m.TransactionMapper.findById     : ==>  Preparing: SELECT t.*, c.name as categoryName FROM transactions t LEFT JOIN categories c ON t.category_id = c.id WHERE t.id = ? AND t.user_id = ?
2026-05-12 09:23:57.057 [http-nio-8080-exec-1] DEBUG c.z.f.t.m.TransactionMapper.findById     : ==> Parameters: 32(Long), 1(Long)
2026-05-12 09:23:57.058 [http-nio-8080-exec-1] DEBUG c.z.f.t.m.TransactionMapper.findById     : <==      Total: 1
2026-05-12 09:23:57.058 [http-nio-8080-exec-1] DEBUG c.z.f.t.service.MinioStorageService      : Fetching from MinIO [object=transactions/tx_32_b4e7d9a8-0334-4d7c-866e-c52d5fd86c97.jpg]
2026-05-12 09:23:57.065 [http-nio-8080-exec-1] DEBUG c.z.f.t.service.MinioStorageService      : Fetched 894934 bytes from MinIO [object=transactions/tx_32_b4e7d9a8-0334-4d7c-866e-c52d5fd86c97.jpg]
2026-05-12 09:23:57.859 [http-nio-8080-exec-3] DEBUG c.z.f.t.filter.JwtAuthenticationFilter   : Authenticated [user=Andy, uri=/api/transactions/34/image]
2026-05-12 09:23:57.860 [http-nio-8080-exec-4] DEBUG c.z.f.t.filter.JwtAuthenticationFilter   : Authenticated [user=Andy, uri=/api/transactions/24/image]
2026-05-12 09:23:57.860 [http-nio-8080-exec-3] DEBUG c.z.f.t.m.UserMapper.findByUsername      : ==>  Preparing: SELECT * FROM users WHERE username = ?
2026-05-12 09:23:57.860 [http-nio-8080-exec-3] DEBUG c.z.f.t.m.UserMapper.findByUsername      : ==> Parameters: Andy(String)
2026-05-12 09:23:57.861 [http-nio-8080-exec-4] DEBUG c.z.f.t.m.UserMapper.findByUsername      : ==>  Preparing: SELECT * FROM users WHERE username = ?
2026-05-12 09:23:57.861 [http-nio-8080-exec-4] DEBUG c.z.f.t.m.UserMapper.findByUsername      : ==> Parameters: Andy(String)
2026-05-12 09:23:57.861 [http-nio-8080-exec-3] DEBUG c.z.f.t.m.UserMapper.findByUsername      : <==      Total: 1
2026-05-12 09:23:57.861 [http-nio-8080-exec-3] DEBUG c.z.f.t.m.TransactionMapper.findById     : ==>  Preparing: SELECT t.*, c.name as categoryName FROM transactions t LEFT JOIN categories c ON t.category_id = c.id WHERE t.id = ? AND t.user_id = ?
2026-05-12 09:23:57.862 [http-nio-8080-exec-3] DEBUG c.z.f.t.m.TransactionMapper.findById     : ==> Parameters: 34(Long), 1(Long)
2026-05-12 09:23:57.862 [http-nio-8080-exec-4] DEBUG c.z.f.t.m.UserMapper.findByUsername      : <==      Total: 1
2026-05-12 09:23:57.862 [http-nio-8080-exec-4] DEBUG c.z.f.t.m.TransactionMapper.findById     : ==>  Preparing: SELECT t.*, c.name as categoryName FROM transactions t LEFT JOIN categories c ON t.category_id = c.id WHERE t.id = ? AND t.user_id = ?
2026-05-12 09:23:57.862 [http-nio-8080-exec-4] DEBUG c.z.f.t.m.TransactionMapper.findById     : ==> Parameters: 24(Long), 1(Long)
2026-05-12 09:23:57.863 [http-nio-8080-exec-3] DEBUG c.z.f.t.m.TransactionMapper.findById     : <==      Total: 1
2026-05-12 09:23:57.863 [http-nio-8080-exec-3] DEBUG c.z.f.t.service.MinioStorageService      : Fetching from MinIO [object=transactions/tx_34_5a52ade7-c821-45c6-ab22-3102d0e4851c.jpg]
2026-05-12 09:23:57.864 [http-nio-8080-exec-4] DEBUG c.z.f.t.m.TransactionMapper.findById     : <==      Total: 1
2026-05-12 09:23:57.864 [http-nio-8080-exec-4] DEBUG c.z.f.t.service.MinioStorageService      : Fetching from MinIO [object=transactions/tx_24_764aca22-00c8-46b3-aeae-ac1451af4fa5.jpg]
2026-05-12 09:23:57.869 [http-nio-8080-exec-3] DEBUG c.z.f.t.service.MinioStorageService      : Fetched 894934 bytes from MinIO [object=transactions/tx_34_5a52ade7-c821-45c6-ab22-3102d0e4851c.jpg]
2026-05-12 09:23:57.877 [http-nio-8080-exec-4] DEBUG c.z.f.t.service.MinioStorageService      : Fetched 1353592 bytes from MinIO [object=transactions/tx_24_764aca22-00c8-46b3-aeae-ac1451af4fa5.jpg]
2026-05-12 09:23:58.682 [http-nio-8080-exec-2] DEBUG c.z.f.t.filter.JwtAuthenticationFilter   : Authenticated [user=Andy, uri=/api/transactions/23/image]
2026-05-12 09:23:58.684 [http-nio-8080-exec-2] DEBUG c.z.f.t.m.UserMapper.findByUsername      : ==>  Preparing: SELECT * FROM users WHERE username = ?
2026-05-12 09:23:58.684 [http-nio-8080-exec-2] DEBUG c.z.f.t.m.UserMapper.findByUsername      : ==> Parameters: Andy(String)
2026-05-12 09:23:58.685 [http-nio-8080-exec-2] DEBUG c.z.f.t.m.UserMapper.findByUsername      : <==      Total: 1
2026-05-12 09:23:58.685 [http-nio-8080-exec-2] DEBUG c.z.f.t.m.TransactionMapper.findById     : ==>  Preparing: SELECT t.*, c.name as categoryName FROM transactions t LEFT JOIN categories c ON t.category_id = c.id WHERE t.id = ? AND t.user_id = ?
2026-05-12 09:23:58.686 [http-nio-8080-exec-2] DEBUG c.z.f.t.m.TransactionMapper.findById     : ==> Parameters: 23(Long), 1(Long)
2026-05-12 09:23:58.687 [http-nio-8080-exec-2] DEBUG c.z.f.t.m.TransactionMapper.findById     : <==      Total: 1
2026-05-12 09:23:58.687 [http-nio-8080-exec-2] DEBUG c.z.f.t.service.MinioStorageService      : Fetching from MinIO [object=transactions/tx_23_986c4de8-9af1-4032-9e43-f499a6d375a3.jpg]
2026-05-12 09:23:58.693 [http-nio-8080-exec-2] DEBUG c.z.f.t.service.MinioStorageService      : Fetched 866644 bytes from MinIO [object=transactions/tx_23_986c4de8-9af1-4032-9e43-f499a6d375a3.jpg]
2026-05-12 09:23:58.870 [http-nio-8080-exec-7] DEBUG c.z.f.t.filter.JwtAuthenticationFilter   : Authenticated [user=Andy, uri=/api/transactions/28/image]
2026-05-12 09:23:58.872 [http-nio-8080-exec-7] DEBUG c.z.f.t.m.UserMapper.findByUsername      : ==>  Preparing: SELECT * FROM users WHERE username = ?
2026-05-12 09:23:58.872 [http-nio-8080-exec-7] DEBUG c.z.f.t.m.UserMapper.findByUsername      : ==> Parameters: Andy(String)
2026-05-12 09:23:58.873 [http-nio-8080-exec-7] DEBUG c.z.f.t.m.UserMapper.findByUsername      : <==      Total: 1
2026-05-12 09:23:58.873 [http-nio-8080-exec-7] DEBUG c.z.f.t.m.TransactionMapper.findById     : ==>  Preparing: SELECT t.*, c.name as categoryName FROM transactions t LEFT JOIN categories c ON t.category_id = c.id WHERE t.id = ? AND t.user_id = ?
2026-05-12 09:23:58.873 [http-nio-8080-exec-7] DEBUG c.z.f.t.m.TransactionMapper.findById     : ==> Parameters: 28(Long), 1(Long)
2026-05-12 09:23:58.874 [http-nio-8080-exec-7] DEBUG c.z.f.t.m.TransactionMapper.findById     : <==      Total: 1
2026-05-12 09:23:58.874 [http-nio-8080-exec-7] DEBUG c.z.f.t.service.MinioStorageService      : Fetching from MinIO [object=transactions/tx_28_c602e60e-2fb0-4bac-a365-cee60c0093d0.jpg]
2026-05-12 09:23:58.881 [http-nio-8080-exec-7] DEBUG c.z.f.t.service.MinioStorageService      : Fetched 899766 bytes from MinIO [object=transactions/tx_28_c602e60e-2fb0-4bac-a365-cee60c0093d0.jpg]
2026-05-12 09:24:01.450 [http-nio-8080-exec-1] DEBUG c.z.f.t.filter.JwtAuthenticationFilter   : Authenticated [user=Andy, uri=/api/transactions/34/image]
2026-05-12 09:24:01.452 [http-nio-8080-exec-1] DEBUG c.z.f.t.m.UserMapper.findByUsername      : ==>  Preparing: SELECT * FROM users WHERE username = ?
2026-05-12 09:24:01.452 [http-nio-8080-exec-1] DEBUG c.z.f.t.m.UserMapper.findByUsername      : ==> Parameters: Andy(String)
2026-05-12 09:24:01.453 [http-nio-8080-exec-1] DEBUG c.z.f.t.m.UserMapper.findByUsername      : <==      Total: 1
2026-05-12 09:24:01.453 [http-nio-8080-exec-1] DEBUG c.z.f.t.m.TransactionMapper.findById     : ==>  Preparing: SELECT t.*, c.name as categoryName FROM transactions t LEFT JOIN categories c ON t.category_id = c.id WHERE t.id = ? AND t.user_id = ?
2026-05-12 09:24:01.454 [http-nio-8080-exec-1] DEBUG c.z.f.t.m.TransactionMapper.findById     : ==> Parameters: 34(Long), 1(Long)
2026-05-12 09:24:01.455 [http-nio-8080-exec-1] DEBUG c.z.f.t.m.TransactionMapper.findById     : <==      Total: 1
2026-05-12 09:24:01.455 [http-nio-8080-exec-1] DEBUG c.z.f.t.service.MinioStorageService      : Fetching from MinIO [object=transactions/tx_34_5a52ade7-c821-45c6-ab22-3102d0e4851c.jpg]
2026-05-12 09:24:01.462 [http-nio-8080-exec-1] DEBUG c.z.f.t.service.MinioStorageService      : Fetched 894934 bytes from MinIO [object=transactions/tx_34_5a52ade7-c821-45c6-ab22-3102d0e4851c.jpg]
2026-05-12 09:24:03.049 [http-nio-8080-exec-3] DEBUG c.z.f.t.filter.JwtAuthenticationFilter   : Authenticated [user=Andy, uri=/api/transactions/28/image]
2026-05-12 09:24:03.050 [http-nio-8080-exec-3] DEBUG c.z.f.t.m.UserMapper.findByUsername      : ==>  Preparing: SELECT * FROM users WHERE username = ?
2026-05-12 09:24:03.050 [http-nio-8080-exec-3] DEBUG c.z.f.t.m.UserMapper.findByUsername      : ==> Parameters: Andy(String)
2026-05-12 09:24:03.051 [http-nio-8080-exec-3] DEBUG c.z.f.t.m.UserMapper.findByUsername      : <==      Total: 1
2026-05-12 09:24:03.051 [http-nio-8080-exec-3] DEBUG c.z.f.t.m.TransactionMapper.findById     : ==>  Preparing: SELECT t.*, c.name as categoryName FROM transactions t LEFT JOIN categories c ON t.category_id = c.id WHERE t.id = ? AND t.user_id = ?
2026-05-12 09:24:03.052 [http-nio-8080-exec-3] DEBUG c.z.f.t.m.TransactionMapper.findById     : ==> Parameters: 28(Long), 1(Long)
2026-05-12 09:24:03.053 [http-nio-8080-exec-3] DEBUG c.z.f.t.m.TransactionMapper.findById     : <==      Total: 1
2026-05-12 09:24:03.053 [http-nio-8080-exec-3] DEBUG c.z.f.t.service.MinioStorageService      : Fetching from MinIO [object=transactions/tx_28_c602e60e-2fb0-4bac-a365-cee60c0093d0.jpg]
2026-05-12 09:24:03.059 [http-nio-8080-exec-3] DEBUG c.z.f.t.service.MinioStorageService      : Fetched 899766 bytes from MinIO [object=transactions/tx_28_c602e60e-2fb0-4bac-a365-cee60c0093d0.jpg]
2026-05-12 09:24:03.406 [http-nio-8080-exec-4] DEBUG c.z.f.t.filter.JwtAuthenticationFilter   : Authenticated [user=Andy, uri=/api/transactions/24/image]
2026-05-12 09:24:03.407 [http-nio-8080-exec-4] DEBUG c.z.f.t.m.UserMapper.findByUsername      : ==>  Preparing: SELECT * FROM users WHERE username = ?
2026-05-12 09:24:03.408 [http-nio-8080-exec-4] DEBUG c.z.f.t.m.UserMapper.findByUsername      : ==> Parameters: Andy(String)
2026-05-12 09:24:03.409 [http-nio-8080-exec-4] DEBUG c.z.f.t.m.UserMapper.findByUsername      : <==      Total: 1
2026-05-12 09:24:03.409 [http-nio-8080-exec-4] DEBUG c.z.f.t.m.TransactionMapper.findById     : ==>  Preparing: SELECT t.*, c.name as categoryName FROM transactions t LEFT JOIN categories c ON t.category_id = c.id WHERE t.id = ? AND t.user_id = ?
2026-05-12 09:24:03.409 [http-nio-8080-exec-4] DEBUG c.z.f.t.m.TransactionMapper.findById     : ==> Parameters: 24(Long), 1(Long)
2026-05-12 09:24:03.410 [http-nio-8080-exec-4] DEBUG c.z.f.t.m.TransactionMapper.findById     : <==      Total: 1
2026-05-12 09:24:03.411 [http-nio-8080-exec-4] DEBUG c.z.f.t.service.MinioStorageService      : Fetching from MinIO [object=transactions/tx_24_764aca22-00c8-46b3-aeae-ac1451af4fa5.jpg]
2026-05-12 09:24:03.418 [http-nio-8080-exec-4] DEBUG c.z.f.t.service.MinioStorageService      : Fetched 1353592 bytes from MinIO [object=transactions/tx_24_764aca22-00c8-46b3-aeae-ac1451af4fa5.jpg]
2026-05-12 09:24:03.482 [http-nio-8080-exec-2] DEBUG c.z.f.t.filter.JwtAuthenticationFilter   : Authenticated [user=Andy, uri=/api/transactions/23/image]
2026-05-12 09:24:03.483 [http-nio-8080-exec-2] DEBUG c.z.f.t.m.UserMapper.findByUsername      : ==>  Preparing: SELECT * FROM users WHERE username = ?
2026-05-12 09:24:03.484 [http-nio-8080-exec-2] DEBUG c.z.f.t.m.UserMapper.findByUsername      : ==> Parameters: Andy(String)
2026-05-12 09:24:03.485 [http-nio-8080-exec-2] DEBUG c.z.f.t.m.UserMapper.findByUsername      : <==      Total: 1
2026-05-12 09:24:03.485 [http-nio-8080-exec-2] DEBUG c.z.f.t.m.TransactionMapper.findById     : ==>  Preparing: SELECT t.*, c.name as categoryName FROM transactions t LEFT JOIN categories c ON t.category_id = c.id WHERE t.id = ? AND t.user_id = ?
2026-05-12 09:24:03.485 [http-nio-8080-exec-2] DEBUG c.z.f.t.m.TransactionMapper.findById     : ==> Parameters: 23(Long), 1(Long)
2026-05-12 09:24:03.486 [http-nio-8080-exec-2] DEBUG c.z.f.t.m.TransactionMapper.findById     : <==      Total: 1
2026-05-12 09:24:03.487 [http-nio-8080-exec-2] DEBUG c.z.f.t.service.MinioStorageService      : Fetching from MinIO [object=transactions/tx_23_986c4de8-9af1-4032-9e43-f499a6d375a3.jpg]
2026-05-12 09:24:03.493 [http-nio-8080-exec-2] DEBUG c.z.f.t.service.MinioStorageService      : Fetched 866644 bytes from MinIO [object=transactions/tx_23_986c4de8-9af1-4032-9e43-f499a6d375a3.jpg]
2026-05-12 09:24:04.903 [http-nio-8080-exec-6] DEBUG c.z.f.t.filter.JwtAuthenticationFilter   : Authenticated [user=Andy, uri=/api/transactions/trends]
2026-05-12 09:24:04.904 [http-nio-8080-exec-6] DEBUG c.z.f.t.m.UserMapper.findByUsername      : ==>  Preparing: SELECT * FROM users WHERE username = ?
2026-05-12 09:24:04.904 [http-nio-8080-exec-6] DEBUG c.z.f.t.m.UserMapper.findByUsername      : ==> Parameters: Andy(String)
2026-05-12 09:24:04.905 [http-nio-8080-exec-6] DEBUG c.z.f.t.m.UserMapper.findByUsername      : <==      Total: 1
2026-05-12 09:24:05.555 [http-nio-8080-exec-8] DEBUG c.z.f.t.filter.JwtAuthenticationFilter   : Authenticated [user=Andy, uri=/api/transactions/trends]
2026-05-12 09:24:05.557 [http-nio-8080-exec-8] DEBUG c.z.f.t.m.UserMapper.findByUsername      : ==>  Preparing: SELECT * FROM users WHERE username = ?
2026-05-12 09:24:05.557 [http-nio-8080-exec-8] DEBUG c.z.f.t.m.UserMapper.findByUsername      : ==> Parameters: Andy(String)
2026-05-12 09:24:05.558 [http-nio-8080-exec-8] DEBUG c.z.f.t.m.UserMapper.findByUsername      : <==      Total: 1
2026-05-12 09:24:07.152 [http-nio-8080-exec-10] DEBUG c.z.f.t.filter.JwtAuthenticationFilter   : Authenticated [user=Andy, uri=/api/transactions/summary]
2026-05-12 09:24:07.154 [http-nio-8080-exec-10] DEBUG c.z.f.t.m.UserMapper.findByUsername      : ==>  Preparing: SELECT * FROM users WHERE username = ?
2026-05-12 09:24:07.154 [http-nio-8080-exec-10] DEBUG c.z.f.t.m.UserMapper.findByUsername      : ==> Parameters: Andy(String)
2026-05-12 09:24:07.155 [http-nio-8080-exec-10] DEBUG c.z.f.t.m.UserMapper.findByUsername      : <==      Total: 1
2026-05-12 09:24:07.157 [http-nio-8080-exec-10] DEBUG c.z.f.t.m.T.getTotalBalance              : ==>  Preparing: SELECT COALESCE( SUM(CASE WHEN type = 'INCOME' THEN amount ELSE ABS(amount) * -1 END), 0 ) FROM transactions WHERE user_id = ?
2026-05-12 09:24:07.157 [http-nio-8080-exec-10] DEBUG c.z.f.t.m.T.getTotalBalance              : ==> Parameters: 1(Long)
2026-05-12 09:24:07.160 [http-nio-8080-exec-10] DEBUG c.z.f.t.m.T.getTotalBalance              : <==      Total: 1
2026-05-12 09:24:07.162 [http-nio-8080-exec-10] DEBUG c.z.f.t.m.T.getMonthlyBalance            : ==>  Preparing: SELECT SUM(CASE WHEN type = 'INCOME' THEN amount ELSE 0 END) as income, SUM(CASE WHEN type = 'EXPENSE' THEN ABS(amount) ELSE 0 END) as expense, SUM(CASE WHEN type = 'INCOME' THEN amount ELSE ABS(amount) * -1 END) as net FROM transactions WHERE user_id = ? AND DATE_FORMAT(date, '%Y-%m') = ?
2026-05-12 09:24:07.163 [http-nio-8080-exec-10] DEBUG c.z.f.t.m.T.getMonthlyBalance            : ==> Parameters: 1(Long), 2026-05(String)
2026-05-12 09:24:07.165 [http-nio-8080-exec-10] DEBUG c.z.f.t.m.T.getMonthlyBalance            : <==      Total: 1
2026-05-12 09:24:07.165 [http-nio-8080-exec-10] DEBUG c.z.f.t.m.T.getIncomeVsExpense           : ==>  Preparing: SELECT SUM(CASE WHEN type = 'INCOME' THEN amount ELSE 0 END) as totalIncome, SUM(CASE WHEN type = 'EXPENSE' THEN ABS(amount) ELSE 0 END) as totalExpense FROM transactions WHERE user_id = ?
2026-05-12 09:24:07.166 [http-nio-8080-exec-10] DEBUG c.z.f.t.m.T.getIncomeVsExpense           : ==> Parameters: 1(Long)
2026-05-12 09:24:07.167 [http-nio-8080-exec-10] DEBUG c.z.f.t.m.T.getIncomeVsExpense           : <==      Total: 1
2026-05-12 09:24:07.167 [http-nio-8080-exec-10] DEBUG c.z.f.t.m.T.getCategorySummary           : ==>  Preparing: SELECT c.name as name, SUM(ABS(t.amount)) as value FROM transactions t INNER JOIN categories c ON t.category_id = c.id WHERE t.user_id = ? AND t.type = ? GROUP BY c.name
2026-05-12 09:24:07.168 [http-nio-8080-exec-10] DEBUG c.z.f.t.m.T.getCategorySummary           : ==> Parameters: 1(Long), INCOME(String)
2026-05-12 09:24:07.169 [http-nio-8080-exec-10] DEBUG c.z.f.t.m.T.getCategorySummary           : <==      Total: 4
2026-05-12 09:24:07.169 [http-nio-8080-exec-10] DEBUG c.z.f.t.m.T.getCategorySummary           : ==>  Preparing: SELECT c.name as name, SUM(ABS(t.amount)) as value FROM transactions t INNER JOIN categories c ON t.category_id = c.id WHERE t.user_id = ? AND t.type = ? GROUP BY c.name
2026-05-12 09:24:07.170 [http-nio-8080-exec-10] DEBUG c.z.f.t.m.T.getCategorySummary           : ==> Parameters: 1(Long), EXPENSE(String)
2026-05-12 09:24:07.171 [http-nio-8080-exec-10] DEBUG c.z.f.t.m.T.getCategorySummary           : <==      Total: 7
2026-05-12 09:24:09.532 [http-nio-8080-exec-9] DEBUG c.z.f.t.filter.JwtAuthenticationFilter   : Authenticated [user=Andy, uri=/api/profile]
2026-05-12 09:24:09.534 [http-nio-8080-exec-9] DEBUG c.z.f.t.m.UserMapper.findByUsername      : ==>  Preparing: SELECT * FROM users WHERE username = ?
2026-05-12 09:24:09.534 [http-nio-8080-exec-9] DEBUG c.z.f.t.m.UserMapper.findByUsername      : ==> Parameters: Andy(String)
2026-05-12 09:24:09.535 [http-nio-8080-exec-9] DEBUG c.z.f.t.m.UserMapper.findByUsername      : <==      Total: 1
2026-05-12 09:24:10.243 [http-nio-8080-exec-5] DEBUG c.z.f.t.filter.JwtAuthenticationFilter   : Authenticated [user=Andy, uri=/api/profile/avatar]
2026-05-12 09:24:10.244 [http-nio-8080-exec-5] DEBUG c.z.f.t.m.UserMapper.findByUsername      : ==>  Preparing: SELECT * FROM users WHERE username = ?
2026-05-12 09:24:10.244 [http-nio-8080-exec-5] DEBUG c.z.f.t.m.UserMapper.findByUsername      : ==> Parameters: Andy(String)
2026-05-12 09:24:10.246 [http-nio-8080-exec-5] DEBUG c.z.f.t.m.UserMapper.findByUsername      : <==      Total: 1
2026-05-12 09:24:10.246 [http-nio-8080-exec-5] DEBUG c.z.f.t.service.MinioStorageService      : Fetching from MinIO [object=avatars/avatar_1_50ee9765-56a3-4d88-accb-6860179d936f.jpg]
2026-05-12 09:24:10.261 [http-nio-8080-exec-5] DEBUG c.z.f.t.service.MinioStorageService      : Fetched 2578882 bytes from MinIO [object=avatars/avatar_1_50ee9765-56a3-4d88-accb-6860179d936f.jpg]
2026-05-12 09:24:27.957 [http-nio-8080-exec-6] DEBUG c.z.f.t.filter.JwtAuthenticationFilter   : Authenticated [user=Andy, uri=/api/transactions/history]
2026-05-12 09:24:27.959 [http-nio-8080-exec-6] DEBUG c.z.f.t.m.UserMapper.findByUsername      : ==>  Preparing: SELECT * FROM users WHERE username = ?
2026-05-12 09:24:27.960 [http-nio-8080-exec-6] DEBUG c.z.f.t.m.UserMapper.findByUsername      : ==> Parameters: Andy(String)
2026-05-12 09:24:27.961 [http-nio-8080-exec-6] DEBUG c.z.f.t.m.UserMapper.findByUsername      : <==      Total: 1
2026-05-12 09:24:27.962 [http-nio-8080-exec-6] DEBUG c.z.f.t.m.T.findAllFiltered              : ==>  Preparing: SELECT t.*, c.name as categoryName FROM transactions t LEFT JOIN categories c ON t.category_id = c.id WHERE t.user_id = ? ORDER BY t.date DESC, t.id DESC LIMIT ? OFFSET ?
2026-05-12 09:24:27.962 [http-nio-8080-exec-6] DEBUG c.z.f.t.m.T.findAllFiltered              : ==> Parameters: 1(Long), 15(Integer), 0(Integer)
2026-05-12 09:24:27.965 [http-nio-8080-exec-6] DEBUG c.z.f.t.m.T.findAllFiltered              : <==      Total: 15
2026-05-12 09:24:27.966 [http-nio-8080-exec-6] DEBUG c.z.f.t.m.T.countFiltered                : ==>  Preparing: SELECT COUNT(*) FROM transactions t WHERE user_id = ?
2026-05-12 09:24:27.966 [http-nio-8080-exec-6] DEBUG c.z.f.t.m.T.countFiltered                : ==> Parameters: 1(Long)
2026-05-12 09:24:27.967 [http-nio-8080-exec-6] DEBUG c.z.f.t.m.T.countFiltered                : <==      Total: 1
2026-05-12 09:24:27.967 [http-nio-8080-exec-6] DEBUG c.z.f.t.c.TransactionController          : History query [userId=1, page=0, size=15, total=32]
2026-05-12 09:24:28.368 [http-nio-8080-exec-8] DEBUG c.z.f.t.filter.JwtAuthenticationFilter   : Authenticated [user=Andy, uri=/api/categories]
2026-05-12 09:24:28.368 [http-nio-8080-exec-8] DEBUG c.z.f.t.m.UserMapper.findByUsername      : ==>  Preparing: SELECT * FROM users WHERE username = ?
2026-05-12 09:24:28.369 [http-nio-8080-exec-8] DEBUG c.z.f.t.m.UserMapper.findByUsername      : ==> Parameters: Andy(String)
2026-05-12 09:24:28.370 [http-nio-8080-exec-8] DEBUG c.z.f.t.m.UserMapper.findByUsername      : <==      Total: 1
2026-05-12 09:24:28.947 [http-nio-8080-exec-10] DEBUG c.z.f.t.filter.JwtAuthenticationFilter   : Authenticated [user=Andy, uri=/api/transactions/34/image]
2026-05-12 09:24:28.948 [http-nio-8080-exec-10] DEBUG c.z.f.t.m.UserMapper.findByUsername      : ==>  Preparing: SELECT * FROM users WHERE username = ?
2026-05-12 09:24:28.948 [http-nio-8080-exec-10] DEBUG c.z.f.t.m.UserMapper.findByUsername      : ==> Parameters: Andy(String)
2026-05-12 09:24:28.949 [http-nio-8080-exec-10] DEBUG c.z.f.t.m.UserMapper.findByUsername      : <==      Total: 1
2026-05-12 09:24:28.950 [http-nio-8080-exec-10] DEBUG c.z.f.t.m.TransactionMapper.findById     : ==>  Preparing: SELECT t.*, c.name as categoryName FROM transactions t LEFT JOIN categories c ON t.category_id = c.id WHERE t.id = ? AND t.user_id = ?
2026-05-12 09:24:28.950 [http-nio-8080-exec-10] DEBUG c.z.f.t.m.TransactionMapper.findById     : ==> Parameters: 34(Long), 1(Long)
2026-05-12 09:24:28.951 [http-nio-8080-exec-10] DEBUG c.z.f.t.m.TransactionMapper.findById     : <==      Total: 1
2026-05-12 09:24:28.951 [http-nio-8080-exec-10] DEBUG c.z.f.t.service.MinioStorageService      : Fetching from MinIO [object=transactions/tx_34_5a52ade7-c821-45c6-ab22-3102d0e4851c.jpg]
2026-05-12 09:24:28.962 [http-nio-8080-exec-10] DEBUG c.z.f.t.service.MinioStorageService      : Fetched 894934 bytes from MinIO [object=transactions/tx_34_5a52ade7-c821-45c6-ab22-3102d0e4851c.jpg]
2026-05-12 09:24:29.100 [http-nio-8080-exec-9] DEBUG c.z.f.t.filter.JwtAuthenticationFilter   : Authenticated [user=Andy, uri=/api/transactions/33/image]
2026-05-12 09:24:29.101 [http-nio-8080-exec-9] DEBUG c.z.f.t.m.UserMapper.findByUsername      : ==>  Preparing: SELECT * FROM users WHERE username = ?
2026-05-12 09:24:29.102 [http-nio-8080-exec-9] DEBUG c.z.f.t.m.UserMapper.findByUsername      : ==> Parameters: Andy(String)
2026-05-12 09:24:29.103 [http-nio-8080-exec-9] DEBUG c.z.f.t.m.UserMapper.findByUsername      : <==      Total: 1
2026-05-12 09:24:29.103 [http-nio-8080-exec-9] DEBUG c.z.f.t.m.TransactionMapper.findById     : ==>  Preparing: SELECT t.*, c.name as categoryName FROM transactions t LEFT JOIN categories c ON t.category_id = c.id WHERE t.id = ? AND t.user_id = ?
2026-05-12 09:24:29.104 [http-nio-8080-exec-9] DEBUG c.z.f.t.m.TransactionMapper.findById     : ==> Parameters: 33(Long), 1(Long)
2026-05-12 09:24:29.105 [http-nio-8080-exec-9] DEBUG c.z.f.t.m.TransactionMapper.findById     : <==      Total: 1
2026-05-12 09:24:29.106 [http-nio-8080-exec-9] DEBUG c.z.f.t.service.MinioStorageService      : Fetching from MinIO [object=transactions/tx_33_d538c701-cf2d-4e52-9974-7010187a4d7b.jpg]
2026-05-12 09:24:29.123 [http-nio-8080-exec-9] DEBUG c.z.f.t.service.MinioStorageService      : Fetched 894934 bytes from MinIO [object=transactions/tx_33_d538c701-cf2d-4e52-9974-7010187a4d7b.jpg]
2026-05-12 09:24:29.169 [http-nio-8080-exec-5] DEBUG c.z.f.t.filter.JwtAuthenticationFilter   : Authenticated [user=Andy, uri=/api/transactions/31/image]
2026-05-12 09:24:29.170 [http-nio-8080-exec-5] DEBUG c.z.f.t.m.UserMapper.findByUsername      : ==>  Preparing: SELECT * FROM users WHERE username = ?
2026-05-12 09:24:29.170 [http-nio-8080-exec-5] DEBUG c.z.f.t.m.UserMapper.findByUsername      : ==> Parameters: Andy(String)
2026-05-12 09:24:29.173 [http-nio-8080-exec-5] DEBUG c.z.f.t.m.UserMapper.findByUsername      : <==      Total: 1
2026-05-12 09:24:29.173 [http-nio-8080-exec-5] DEBUG c.z.f.t.m.TransactionMapper.findById     : ==>  Preparing: SELECT t.*, c.name as categoryName FROM transactions t LEFT JOIN categories c ON t.category_id = c.id WHERE t.id = ? AND t.user_id = ?
2026-05-12 09:24:29.174 [http-nio-8080-exec-5] DEBUG c.z.f.t.m.TransactionMapper.findById     : ==> Parameters: 31(Long), 1(Long)
2026-05-12 09:24:29.176 [http-nio-8080-exec-5] DEBUG c.z.f.t.m.TransactionMapper.findById     : <==      Total: 1
2026-05-12 09:24:29.176 [http-nio-8080-exec-5] DEBUG c.z.f.t.service.MinioStorageService      : Fetching from MinIO [object=transactions/tx_31_9133791b-dffe-4d7b-84bf-05ddc9ad6ee9.jpg]
2026-05-12 09:24:29.188 [http-nio-8080-exec-5] DEBUG c.z.f.t.service.MinioStorageService      : Fetched 899766 bytes from MinIO [object=transactions/tx_31_9133791b-dffe-4d7b-84bf-05ddc9ad6ee9.jpg]
2026-05-12 09:24:29.204 [http-nio-8080-exec-6] DEBUG c.z.f.t.filter.JwtAuthenticationFilter   : Authenticated [user=Andy, uri=/api/transactions/32/image]
2026-05-12 09:24:29.205 [http-nio-8080-exec-6] DEBUG c.z.f.t.m.UserMapper.findByUsername      : ==>  Preparing: SELECT * FROM users WHERE username = ?
2026-05-12 09:24:29.206 [http-nio-8080-exec-6] DEBUG c.z.f.t.m.UserMapper.findByUsername      : ==> Parameters: Andy(String)
2026-05-12 09:24:29.207 [http-nio-8080-exec-6] DEBUG c.z.f.t.m.UserMapper.findByUsername      : <==      Total: 1
2026-05-12 09:24:29.209 [http-nio-8080-exec-6] DEBUG c.z.f.t.m.TransactionMapper.findById     : ==>  Preparing: SELECT t.*, c.name as categoryName FROM transactions t LEFT JOIN categories c ON t.category_id = c.id WHERE t.id = ? AND t.user_id = ?
2026-05-12 09:24:29.210 [http-nio-8080-exec-6] DEBUG c.z.f.t.m.TransactionMapper.findById     : ==> Parameters: 32(Long), 1(Long)
2026-05-12 09:24:29.212 [http-nio-8080-exec-6] DEBUG c.z.f.t.m.TransactionMapper.findById     : <==      Total: 1
2026-05-12 09:24:29.213 [http-nio-8080-exec-6] DEBUG c.z.f.t.service.MinioStorageService      : Fetching from MinIO [object=transactions/tx_32_b4e7d9a8-0334-4d7c-866e-c52d5fd86c97.jpg]
2026-05-12 09:24:29.226 [http-nio-8080-exec-6] DEBUG c.z.f.t.service.MinioStorageService      : Fetched 894934 bytes from MinIO [object=transactions/tx_32_b4e7d9a8-0334-4d7c-866e-c52d5fd86c97.jpg]
2026-05-12 09:24:29.892 [http-nio-8080-exec-8] DEBUG c.z.f.t.filter.JwtAuthenticationFilter   : Authenticated [user=Andy, uri=/api/transactions/28/image]
2026-05-12 09:24:29.893 [http-nio-8080-exec-8] DEBUG c.z.f.t.m.UserMapper.findByUsername      : ==>  Preparing: SELECT * FROM users WHERE username = ?
2026-05-12 09:24:29.893 [http-nio-8080-exec-8] DEBUG c.z.f.t.m.UserMapper.findByUsername      : ==> Parameters: Andy(String)
2026-05-12 09:24:29.894 [http-nio-8080-exec-8] DEBUG c.z.f.t.m.UserMapper.findByUsername      : <==      Total: 1
2026-05-12 09:24:29.895 [http-nio-8080-exec-8] DEBUG c.z.f.t.m.TransactionMapper.findById     : ==>  Preparing: SELECT t.*, c.name as categoryName FROM transactions t LEFT JOIN categories c ON t.category_id = c.id WHERE t.id = ? AND t.user_id = ?
2026-05-12 09:24:29.895 [http-nio-8080-exec-8] DEBUG c.z.f.t.m.TransactionMapper.findById     : ==> Parameters: 28(Long), 1(Long)
2026-05-12 09:24:29.896 [http-nio-8080-exec-8] DEBUG c.z.f.t.m.TransactionMapper.findById     : <==      Total: 1
2026-05-12 09:24:29.896 [http-nio-8080-exec-8] DEBUG c.z.f.t.service.MinioStorageService      : Fetching from MinIO [object=transactions/tx_28_c602e60e-2fb0-4bac-a365-cee60c0093d0.jpg]
2026-05-12 09:24:29.906 [http-nio-8080-exec-8] DEBUG c.z.f.t.service.MinioStorageService      : Fetched 899766 bytes from MinIO [object=transactions/tx_28_c602e60e-2fb0-4bac-a365-cee60c0093d0.jpg]
2026-05-12 09:24:30.208 [http-nio-8080-exec-4] DEBUG c.z.f.t.filter.JwtAuthenticationFilter   : Authenticated [user=Andy, uri=/api/transactions/24/image]
2026-05-12 09:24:30.208 [http-nio-8080-exec-10] DEBUG c.z.f.t.filter.JwtAuthenticationFilter   : Authenticated [user=Andy, uri=/api/transactions/23/image]
2026-05-12 09:24:30.209 [http-nio-8080-exec-4] DEBUG c.z.f.t.m.UserMapper.findByUsername      : ==>  Preparing: SELECT * FROM users WHERE username = ?
2026-05-12 09:24:30.209 [http-nio-8080-exec-4] DEBUG c.z.f.t.m.UserMapper.findByUsername      : ==> Parameters: Andy(String)
2026-05-12 09:24:30.209 [http-nio-8080-exec-10] DEBUG c.z.f.t.m.UserMapper.findByUsername      : ==>  Preparing: SELECT * FROM users WHERE username = ?
2026-05-12 09:24:30.210 [http-nio-8080-exec-10] DEBUG c.z.f.t.m.UserMapper.findByUsername      : ==> Parameters: Andy(String)
2026-05-12 09:24:30.211 [http-nio-8080-exec-4] DEBUG c.z.f.t.m.UserMapper.findByUsername      : <==      Total: 1
2026-05-12 09:24:30.211 [http-nio-8080-exec-10] DEBUG c.z.f.t.m.UserMapper.findByUsername      : <==      Total: 1
2026-05-12 09:24:30.211 [http-nio-8080-exec-4] DEBUG c.z.f.t.m.TransactionMapper.findById     : ==>  Preparing: SELECT t.*, c.name as categoryName FROM transactions t LEFT JOIN categories c ON t.category_id = c.id WHERE t.id = ? AND t.user_id = ?
2026-05-12 09:24:30.211 [http-nio-8080-exec-10] DEBUG c.z.f.t.m.TransactionMapper.findById     : ==>  Preparing: SELECT t.*, c.name as categoryName FROM transactions t LEFT JOIN categories c ON t.category_id = c.id WHERE t.id = ? AND t.user_id = ?
2026-05-12 09:24:30.211 [http-nio-8080-exec-4] DEBUG c.z.f.t.m.TransactionMapper.findById     : ==> Parameters: 24(Long), 1(Long)
2026-05-12 09:24:30.211 [http-nio-8080-exec-10] DEBUG c.z.f.t.m.TransactionMapper.findById     : ==> Parameters: 23(Long), 1(Long)
2026-05-12 09:24:30.213 [http-nio-8080-exec-4] DEBUG c.z.f.t.m.TransactionMapper.findById     : <==      Total: 1
2026-05-12 09:24:30.213 [http-nio-8080-exec-4] DEBUG c.z.f.t.service.MinioStorageService      : Fetching from MinIO [object=transactions/tx_24_764aca22-00c8-46b3-aeae-ac1451af4fa5.jpg]
2026-05-12 09:24:30.214 [http-nio-8080-exec-10] DEBUG c.z.f.t.m.TransactionMapper.findById     : <==      Total: 1
2026-05-12 09:24:30.214 [http-nio-8080-exec-10] DEBUG c.z.f.t.service.MinioStorageService      : Fetching from MinIO [object=transactions/tx_23_986c4de8-9af1-4032-9e43-f499a6d375a3.jpg]
2026-05-12 09:24:30.228 [http-nio-8080-exec-4] DEBUG c.z.f.t.service.MinioStorageService      : Fetched 1353592 bytes from MinIO [object=transactions/tx_24_764aca22-00c8-46b3-aeae-ac1451af4fa5.jpg]
2026-05-12 09:24:30.235 [http-nio-8080-exec-10] DEBUG c.z.f.t.service.MinioStorageService      : Fetched 866644 bytes from MinIO [object=transactions/tx_23_986c4de8-9af1-4032-9e43-f499a6d375a3.jpg]
2026-05-12 09:24:30.563 [http-nio-8080-exec-5] DEBUG c.z.f.t.filter.JwtAuthenticationFilter   : Authenticated [user=Andy, uri=/api/transactions/31/image]
2026-05-12 09:24:30.563 [http-nio-8080-exec-5] DEBUG c.z.f.t.m.UserMapper.findByUsername      : ==>  Preparing: SELECT * FROM users WHERE username = ?
2026-05-12 09:24:30.564 [http-nio-8080-exec-5] DEBUG c.z.f.t.m.UserMapper.findByUsername      : ==> Parameters: Andy(String)
2026-05-12 09:24:30.565 [http-nio-8080-exec-5] DEBUG c.z.f.t.m.UserMapper.findByUsername      : <==      Total: 1
2026-05-12 09:24:30.565 [http-nio-8080-exec-5] DEBUG c.z.f.t.m.TransactionMapper.findById     : ==>  Preparing: SELECT t.*, c.name as categoryName FROM transactions t LEFT JOIN categories c ON t.category_id = c.id WHERE t.id = ? AND t.user_id = ?
2026-05-12 09:24:30.566 [http-nio-8080-exec-5] DEBUG c.z.f.t.m.TransactionMapper.findById     : ==> Parameters: 31(Long), 1(Long)
2026-05-12 09:24:30.567 [http-nio-8080-exec-5] DEBUG c.z.f.t.m.TransactionMapper.findById     : <==      Total: 1
2026-05-12 09:24:30.567 [http-nio-8080-exec-5] DEBUG c.z.f.t.service.MinioStorageService      : Fetching from MinIO [object=transactions/tx_31_9133791b-dffe-4d7b-84bf-05ddc9ad6ee9.jpg]
2026-05-12 09:24:30.576 [http-nio-8080-exec-5] DEBUG c.z.f.t.service.MinioStorageService      : Fetched 899766 bytes from MinIO [object=transactions/tx_31_9133791b-dffe-4d7b-84bf-05ddc9ad6ee9.jpg]
2026-05-12 09:24:30.605 [http-nio-8080-exec-6] DEBUG c.z.f.t.filter.JwtAuthenticationFilter   : Authenticated [user=Andy, uri=/api/categories]
2026-05-12 09:24:30.606 [http-nio-8080-exec-6] DEBUG c.z.f.t.m.UserMapper.findByUsername      : ==>  Preparing: SELECT * FROM users WHERE username = ?
2026-05-12 09:24:30.606 [http-nio-8080-exec-6] DEBUG c.z.f.t.m.UserMapper.findByUsername      : ==> Parameters: Andy(String)
2026-05-12 09:24:30.607 [http-nio-8080-exec-6] DEBUG c.z.f.t.m.UserMapper.findByUsername      : <==      Total: 1
2026-05-12 09:24:30.704 [http-nio-8080-exec-8] DEBUG c.z.f.t.filter.JwtAuthenticationFilter   : Authenticated [user=Andy, uri=/api/transactions/32/image]
2026-05-12 09:24:30.705 [http-nio-8080-exec-8] DEBUG c.z.f.t.m.UserMapper.findByUsername      : ==>  Preparing: SELECT * FROM users WHERE username = ?
2026-05-12 09:24:30.705 [http-nio-8080-exec-8] DEBUG c.z.f.t.m.UserMapper.findByUsername      : ==> Parameters: Andy(String)
2026-05-12 09:24:30.706 [http-nio-8080-exec-8] DEBUG c.z.f.t.m.UserMapper.findByUsername      : <==      Total: 1
2026-05-12 09:24:30.707 [http-nio-8080-exec-8] DEBUG c.z.f.t.m.TransactionMapper.findById     : ==>  Preparing: SELECT t.*, c.name as categoryName FROM transactions t LEFT JOIN categories c ON t.category_id = c.id WHERE t.id = ? AND t.user_id = ?
2026-05-12 09:24:30.707 [http-nio-8080-exec-8] DEBUG c.z.f.t.m.TransactionMapper.findById     : ==> Parameters: 32(Long), 1(Long)
2026-05-12 09:24:30.708 [http-nio-8080-exec-8] DEBUG c.z.f.t.m.TransactionMapper.findById     : <==      Total: 1
2026-05-12 09:24:30.708 [http-nio-8080-exec-8] DEBUG c.z.f.t.service.MinioStorageService      : Fetching from MinIO [object=transactions/tx_32_b4e7d9a8-0334-4d7c-866e-c52d5fd86c97.jpg]
2026-05-12 09:24:30.718 [http-nio-8080-exec-8] DEBUG c.z.f.t.service.MinioStorageService      : Fetched 894934 bytes from MinIO [object=transactions/tx_32_b4e7d9a8-0334-4d7c-866e-c52d5fd86c97.jpg]
2026-05-12 09:24:30.954 [http-nio-8080-exec-4] DEBUG c.z.f.t.filter.JwtAuthenticationFilter   : Authenticated [user=Andy, uri=/api/transactions/33/image]
2026-05-12 09:24:30.954 [http-nio-8080-exec-9] DEBUG c.z.f.t.filter.JwtAuthenticationFilter   : Authenticated [user=Andy, uri=/api/transactions/34/image]
2026-05-12 09:24:30.955 [http-nio-8080-exec-4] DEBUG c.z.f.t.m.UserMapper.findByUsername      : ==>  Preparing: SELECT * FROM users WHERE username = ?
2026-05-12 09:24:30.955 [http-nio-8080-exec-4] DEBUG c.z.f.t.m.UserMapper.findByUsername      : ==> Parameters: Andy(String)
2026-05-12 09:24:30.955 [http-nio-8080-exec-9] DEBUG c.z.f.t.m.UserMapper.findByUsername      : ==>  Preparing: SELECT * FROM users WHERE username = ?
2026-05-12 09:24:30.955 [http-nio-8080-exec-9] DEBUG c.z.f.t.m.UserMapper.findByUsername      : ==> Parameters: Andy(String)
2026-05-12 09:24:30.956 [http-nio-8080-exec-4] DEBUG c.z.f.t.m.UserMapper.findByUsername      : <==      Total: 1
2026-05-12 09:24:30.956 [http-nio-8080-exec-4] DEBUG c.z.f.t.m.TransactionMapper.findById     : ==>  Preparing: SELECT t.*, c.name as categoryName FROM transactions t LEFT JOIN categories c ON t.category_id = c.id WHERE t.id = ? AND t.user_id = ?
2026-05-12 09:24:30.956 [http-nio-8080-exec-9] DEBUG c.z.f.t.m.UserMapper.findByUsername      : <==      Total: 1
2026-05-12 09:24:30.956 [http-nio-8080-exec-4] DEBUG c.z.f.t.m.TransactionMapper.findById     : ==> Parameters: 33(Long), 1(Long)
2026-05-12 09:24:30.957 [http-nio-8080-exec-9] DEBUG c.z.f.t.m.TransactionMapper.findById     : ==>  Preparing: SELECT t.*, c.name as categoryName FROM transactions t LEFT JOIN categories c ON t.category_id = c.id WHERE t.id = ? AND t.user_id = ?
2026-05-12 09:24:30.957 [http-nio-8080-exec-9] DEBUG c.z.f.t.m.TransactionMapper.findById     : ==> Parameters: 34(Long), 1(Long)
2026-05-12 09:24:30.958 [http-nio-8080-exec-4] DEBUG c.z.f.t.m.TransactionMapper.findById     : <==      Total: 1
2026-05-12 09:24:30.958 [http-nio-8080-exec-4] DEBUG c.z.f.t.service.MinioStorageService      : Fetching from MinIO [object=transactions/tx_33_d538c701-cf2d-4e52-9974-7010187a4d7b.jpg]
2026-05-12 09:24:30.958 [http-nio-8080-exec-9] DEBUG c.z.f.t.m.TransactionMapper.findById     : <==      Total: 1
2026-05-12 09:24:30.958 [http-nio-8080-exec-9] DEBUG c.z.f.t.service.MinioStorageService      : Fetching from MinIO [object=transactions/tx_34_5a52ade7-c821-45c6-ab22-3102d0e4851c.jpg]
2026-05-12 09:24:30.964 [http-nio-8080-exec-4] DEBUG c.z.f.t.service.MinioStorageService      : Fetched 894934 bytes from MinIO [object=transactions/tx_33_d538c701-cf2d-4e52-9974-7010187a4d7b.jpg]
2026-05-12 09:24:30.968 [http-nio-8080-exec-9] DEBUG c.z.f.t.service.MinioStorageService      : Fetched 894934 bytes from MinIO [object=transactions/tx_34_5a52ade7-c821-45c6-ab22-3102d0e4851c.jpg]
2026-05-12 09:24:34.565 [http-nio-8080-exec-5] DEBUG c.z.f.t.filter.JwtAuthenticationFilter   : Authenticated [user=Andy, uri=/api/transactions/28/image]
2026-05-12 09:24:34.566 [http-nio-8080-exec-5] DEBUG c.z.f.t.m.UserMapper.findByUsername      : ==>  Preparing: SELECT * FROM users WHERE username = ?
2026-05-12 09:24:34.567 [http-nio-8080-exec-5] DEBUG c.z.f.t.m.UserMapper.findByUsername      : ==> Parameters: Andy(String)
2026-05-12 09:24:34.568 [http-nio-8080-exec-5] DEBUG c.z.f.t.m.UserMapper.findByUsername      : <==      Total: 1
2026-05-12 09:24:34.568 [http-nio-8080-exec-5] DEBUG c.z.f.t.m.TransactionMapper.findById     : ==>  Preparing: SELECT t.*, c.name as categoryName FROM transactions t LEFT JOIN categories c ON t.category_id = c.id WHERE t.id = ? AND t.user_id = ?
2026-05-12 09:24:34.569 [http-nio-8080-exec-5] DEBUG c.z.f.t.m.TransactionMapper.findById     : ==> Parameters: 28(Long), 1(Long)
2026-05-12 09:24:34.570 [http-nio-8080-exec-5] DEBUG c.z.f.t.m.TransactionMapper.findById     : <==      Total: 1
2026-05-12 09:24:34.570 [http-nio-8080-exec-5] DEBUG c.z.f.t.service.MinioStorageService      : Fetching from MinIO [object=transactions/tx_28_c602e60e-2fb0-4bac-a365-cee60c0093d0.jpg]
2026-05-12 09:24:34.577 [http-nio-8080-exec-5] DEBUG c.z.f.t.service.MinioStorageService      : Fetched 899766 bytes from MinIO [object=transactions/tx_28_c602e60e-2fb0-4bac-a365-cee60c0093d0.jpg]
2026-05-12 09:24:34.657 [http-nio-8080-exec-6] DEBUG c.z.f.t.filter.JwtAuthenticationFilter   : Authenticated [user=Andy, uri=/api/transactions/23/image]
2026-05-12 09:24:34.657 [http-nio-8080-exec-1] DEBUG c.z.f.t.filter.JwtAuthenticationFilter   : Authenticated [user=Andy, uri=/api/transactions/24/image]
2026-05-12 09:24:34.657 [http-nio-8080-exec-6] DEBUG c.z.f.t.m.UserMapper.findByUsername      : ==>  Preparing: SELECT * FROM users WHERE username = ?
2026-05-12 09:24:34.658 [http-nio-8080-exec-6] DEBUG c.z.f.t.m.UserMapper.findByUsername      : ==> Parameters: Andy(String)
2026-05-12 09:24:34.658 [http-nio-8080-exec-1] DEBUG c.z.f.t.m.UserMapper.findByUsername      : ==>  Preparing: SELECT * FROM users WHERE username = ?
2026-05-12 09:24:34.658 [http-nio-8080-exec-1] DEBUG c.z.f.t.m.UserMapper.findByUsername      : ==> Parameters: Andy(String)
2026-05-12 09:24:34.659 [http-nio-8080-exec-6] DEBUG c.z.f.t.m.UserMapper.findByUsername      : <==      Total: 1
2026-05-12 09:24:34.659 [http-nio-8080-exec-1] DEBUG c.z.f.t.m.UserMapper.findByUsername      : <==      Total: 1
2026-05-12 09:24:34.659 [http-nio-8080-exec-6] DEBUG c.z.f.t.m.TransactionMapper.findById     : ==>  Preparing: SELECT t.*, c.name as categoryName FROM transactions t LEFT JOIN categories c ON t.category_id = c.id WHERE t.id = ? AND t.user_id = ?
2026-05-12 09:24:34.660 [http-nio-8080-exec-1] DEBUG c.z.f.t.m.TransactionMapper.findById     : ==>  Preparing: SELECT t.*, c.name as categoryName FROM transactions t LEFT JOIN categories c ON t.category_id = c.id WHERE t.id = ? AND t.user_id = ?
2026-05-12 09:24:34.660 [http-nio-8080-exec-6] DEBUG c.z.f.t.m.TransactionMapper.findById     : ==> Parameters: 23(Long), 1(Long)
2026-05-12 09:24:34.660 [http-nio-8080-exec-1] DEBUG c.z.f.t.m.TransactionMapper.findById     : ==> Parameters: 24(Long), 1(Long)
2026-05-12 09:24:34.661 [http-nio-8080-exec-6] DEBUG c.z.f.t.m.TransactionMapper.findById     : <==      Total: 1
2026-05-12 09:24:34.661 [http-nio-8080-exec-1] DEBUG c.z.f.t.m.TransactionMapper.findById     : <==      Total: 1
2026-05-12 09:24:34.661 [http-nio-8080-exec-6] DEBUG c.z.f.t.service.MinioStorageService      : Fetching from MinIO [object=transactions/tx_23_986c4de8-9af1-4032-9e43-f499a6d375a3.jpg]
2026-05-12 09:24:34.661 [http-nio-8080-exec-1] DEBUG c.z.f.t.service.MinioStorageService      : Fetching from MinIO [object=transactions/tx_24_764aca22-00c8-46b3-aeae-ac1451af4fa5.jpg]
2026-05-12 09:24:34.669 [http-nio-8080-exec-6] DEBUG c.z.f.t.service.MinioStorageService      : Fetched 866644 bytes from MinIO [object=transactions/tx_23_986c4de8-9af1-4032-9e43-f499a6d375a3.jpg]
2026-05-12 09:24:34.673 [http-nio-8080-exec-1] DEBUG c.z.f.t.service.MinioStorageService      : Fetched 1353592 bytes from MinIO [object=transactions/tx_24_764aca22-00c8-46b3-aeae-ac1451af4fa5.jpg]
2026-05-12 09:24:36.966 [http-nio-8080-exec-4] DEBUG c.z.f.t.filter.JwtAuthenticationFilter   : Authenticated [user=Andy, uri=/api/transactions/history]
2026-05-12 09:24:36.968 [http-nio-8080-exec-4] DEBUG c.z.f.t.m.UserMapper.findByUsername      : ==>  Preparing: SELECT * FROM users WHERE username = ?
2026-05-12 09:24:36.969 [http-nio-8080-exec-4] DEBUG c.z.f.t.m.UserMapper.findByUsername      : ==> Parameters: Andy(String)
2026-05-12 09:24:36.970 [http-nio-8080-exec-4] DEBUG c.z.f.t.m.UserMapper.findByUsername      : <==      Total: 1
2026-05-12 09:24:36.971 [http-nio-8080-exec-4] DEBUG c.z.f.t.m.T.findAllFiltered              : ==>  Preparing: SELECT t.*, c.name as categoryName FROM transactions t LEFT JOIN categories c ON t.category_id = c.id WHERE t.user_id = ? ORDER BY t.date DESC, t.id DESC LIMIT ? OFFSET ?
2026-05-12 09:24:36.971 [http-nio-8080-exec-4] DEBUG c.z.f.t.m.T.findAllFiltered              : ==> Parameters: 1(Long), 15(Integer), 15(Integer)
2026-05-12 09:24:36.975 [http-nio-8080-exec-4] DEBUG c.z.f.t.m.T.findAllFiltered              : <==      Total: 15
2026-05-12 09:24:36.976 [http-nio-8080-exec-4] DEBUG c.z.f.t.m.T.countFiltered                : ==>  Preparing: SELECT COUNT(*) FROM transactions t WHERE user_id = ?
2026-05-12 09:24:36.976 [http-nio-8080-exec-4] DEBUG c.z.f.t.m.T.countFiltered                : ==> Parameters: 1(Long)
2026-05-12 09:24:36.977 [http-nio-8080-exec-4] DEBUG c.z.f.t.m.T.countFiltered                : <==      Total: 1
2026-05-12 09:24:36.978 [http-nio-8080-exec-4] DEBUG c.z.f.t.c.TransactionController          : History query [userId=1, page=1, size=15, total=32]
2026-05-12 09:24:37.292 [http-nio-8080-exec-9] DEBUG c.z.f.t.filter.JwtAuthenticationFilter   : Authenticated [user=Andy, uri=/api/transactions/23/image]
2026-05-12 09:24:37.292 [http-nio-8080-exec-2] DEBUG c.z.f.t.filter.JwtAuthenticationFilter   : Authenticated [user=Andy, uri=/api/transactions/24/image]
2026-05-12 09:24:37.294 [http-nio-8080-exec-2] DEBUG c.z.f.t.m.UserMapper.findByUsername      : ==>  Preparing: SELECT * FROM users WHERE username = ?
2026-05-12 09:24:37.294 [http-nio-8080-exec-9] DEBUG c.z.f.t.m.UserMapper.findByUsername      : ==>  Preparing: SELECT * FROM users WHERE username = ?
2026-05-12 09:24:37.294 [http-nio-8080-exec-2] DEBUG c.z.f.t.m.UserMapper.findByUsername      : ==> Parameters: Andy(String)
2026-05-12 09:24:37.294 [http-nio-8080-exec-9] DEBUG c.z.f.t.m.UserMapper.findByUsername      : ==> Parameters: Andy(String)
2026-05-12 09:24:37.295 [http-nio-8080-exec-9] DEBUG c.z.f.t.m.UserMapper.findByUsername      : <==      Total: 1
2026-05-12 09:24:37.295 [http-nio-8080-exec-2] DEBUG c.z.f.t.m.UserMapper.findByUsername      : <==      Total: 1
2026-05-12 09:24:37.296 [http-nio-8080-exec-2] DEBUG c.z.f.t.m.TransactionMapper.findById     : ==>  Preparing: SELECT t.*, c.name as categoryName FROM transactions t LEFT JOIN categories c ON t.category_id = c.id WHERE t.id = ? AND t.user_id = ?
2026-05-12 09:24:37.296 [http-nio-8080-exec-9] DEBUG c.z.f.t.m.TransactionMapper.findById     : ==>  Preparing: SELECT t.*, c.name as categoryName FROM transactions t LEFT JOIN categories c ON t.category_id = c.id WHERE t.id = ? AND t.user_id = ?
2026-05-12 09:24:37.296 [http-nio-8080-exec-2] DEBUG c.z.f.t.m.TransactionMapper.findById     : ==> Parameters: 24(Long), 1(Long)
2026-05-12 09:24:37.296 [http-nio-8080-exec-9] DEBUG c.z.f.t.m.TransactionMapper.findById     : ==> Parameters: 23(Long), 1(Long)
2026-05-12 09:24:37.298 [http-nio-8080-exec-9] DEBUG c.z.f.t.m.TransactionMapper.findById     : <==      Total: 1
2026-05-12 09:24:37.298 [http-nio-8080-exec-2] DEBUG c.z.f.t.m.TransactionMapper.findById     : <==      Total: 1
2026-05-12 09:24:37.298 [http-nio-8080-exec-9] DEBUG c.z.f.t.service.MinioStorageService      : Fetching from MinIO [object=transactions/tx_23_986c4de8-9af1-4032-9e43-f499a6d375a3.jpg]
2026-05-12 09:24:37.298 [http-nio-8080-exec-2] DEBUG c.z.f.t.service.MinioStorageService      : Fetching from MinIO [object=transactions/tx_24_764aca22-00c8-46b3-aeae-ac1451af4fa5.jpg]
2026-05-12 09:24:37.306 [http-nio-8080-exec-2] DEBUG c.z.f.t.service.MinioStorageService      : Fetched 1353592 bytes from MinIO [object=transactions/tx_24_764aca22-00c8-46b3-aeae-ac1451af4fa5.jpg]
2026-05-12 09:24:37.308 [http-nio-8080-exec-9] DEBUG c.z.f.t.service.MinioStorageService      : Fetched 866644 bytes from MinIO [object=transactions/tx_23_986c4de8-9af1-4032-9e43-f499a6d375a3.jpg]
2026-05-12 09:24:37.481 [http-nio-8080-exec-6] DEBUG c.z.f.t.filter.JwtAuthenticationFilter   : Authenticated [user=Andy, uri=/api/transactions/28/image]
2026-05-12 09:24:37.482 [http-nio-8080-exec-6] DEBUG c.z.f.t.m.UserMapper.findByUsername      : ==>  Preparing: SELECT * FROM users WHERE username = ?
2026-05-12 09:24:37.482 [http-nio-8080-exec-6] DEBUG c.z.f.t.m.UserMapper.findByUsername      : ==> Parameters: Andy(String)
2026-05-12 09:24:37.483 [http-nio-8080-exec-6] DEBUG c.z.f.t.m.UserMapper.findByUsername      : <==      Total: 1
2026-05-12 09:24:37.483 [http-nio-8080-exec-6] DEBUG c.z.f.t.m.TransactionMapper.findById     : ==>  Preparing: SELECT t.*, c.name as categoryName FROM transactions t LEFT JOIN categories c ON t.category_id = c.id WHERE t.id = ? AND t.user_id = ?
2026-05-12 09:24:37.484 [http-nio-8080-exec-6] DEBUG c.z.f.t.m.TransactionMapper.findById     : ==> Parameters: 28(Long), 1(Long)
2026-05-12 09:24:37.485 [http-nio-8080-exec-6] DEBUG c.z.f.t.m.TransactionMapper.findById     : <==      Total: 1
2026-05-12 09:24:37.485 [http-nio-8080-exec-6] DEBUG c.z.f.t.service.MinioStorageService      : Fetching from MinIO [object=transactions/tx_28_c602e60e-2fb0-4bac-a365-cee60c0093d0.jpg]
2026-05-12 09:24:37.491 [http-nio-8080-exec-6] DEBUG c.z.f.t.service.MinioStorageService      : Fetched 899766 bytes from MinIO [object=transactions/tx_28_c602e60e-2fb0-4bac-a365-cee60c0093d0.jpg]
2026-05-12 09:24:40.073 [http-nio-8080-exec-1] DEBUG c.z.f.t.filter.JwtAuthenticationFilter   : Authenticated [user=Andy, uri=/api/transactions/31/image]
2026-05-12 09:24:40.075 [http-nio-8080-exec-1] DEBUG c.z.f.t.m.UserMapper.findByUsername      : ==>  Preparing: SELECT * FROM users WHERE username = ?
2026-05-12 09:24:40.075 [http-nio-8080-exec-1] DEBUG c.z.f.t.m.UserMapper.findByUsername      : ==> Parameters: Andy(String)
2026-05-12 09:24:40.076 [http-nio-8080-exec-1] DEBUG c.z.f.t.m.UserMapper.findByUsername      : <==      Total: 1
2026-05-12 09:24:40.077 [http-nio-8080-exec-1] DEBUG c.z.f.t.m.TransactionMapper.findById     : ==>  Preparing: SELECT t.*, c.name as categoryName FROM transactions t LEFT JOIN categories c ON t.category_id = c.id WHERE t.id = ? AND t.user_id = ?
2026-05-12 09:24:40.077 [http-nio-8080-exec-1] DEBUG c.z.f.t.m.TransactionMapper.findById     : ==> Parameters: 31(Long), 1(Long)
2026-05-12 09:24:40.078 [http-nio-8080-exec-1] DEBUG c.z.f.t.m.TransactionMapper.findById     : <==      Total: 1
2026-05-12 09:24:40.078 [http-nio-8080-exec-1] DEBUG c.z.f.t.service.MinioStorageService      : Fetching from MinIO [object=transactions/tx_31_9133791b-dffe-4d7b-84bf-05ddc9ad6ee9.jpg]
2026-05-12 09:24:40.087 [http-nio-8080-exec-1] DEBUG c.z.f.t.service.MinioStorageService      : Fetched 899766 bytes from MinIO [object=transactions/tx_31_9133791b-dffe-4d7b-84bf-05ddc9ad6ee9.jpg]
2026-05-12 09:24:40.213 [http-nio-8080-exec-4] DEBUG c.z.f.t.filter.JwtAuthenticationFilter   : Authenticated [user=Andy, uri=/api/transactions/32/image]
2026-05-12 09:24:40.214 [http-nio-8080-exec-4] DEBUG c.z.f.t.m.UserMapper.findByUsername      : ==>  Preparing: SELECT * FROM users WHERE username = ?
2026-05-12 09:24:40.215 [http-nio-8080-exec-4] DEBUG c.z.f.t.m.UserMapper.findByUsername      : ==> Parameters: Andy(String)
2026-05-12 09:24:40.216 [http-nio-8080-exec-4] DEBUG c.z.f.t.m.UserMapper.findByUsername      : <==      Total: 1
2026-05-12 09:24:40.216 [http-nio-8080-exec-4] DEBUG c.z.f.t.m.TransactionMapper.findById     : ==>  Preparing: SELECT t.*, c.name as categoryName FROM transactions t LEFT JOIN categories c ON t.category_id = c.id WHERE t.id = ? AND t.user_id = ?
2026-05-12 09:24:40.216 [http-nio-8080-exec-4] DEBUG c.z.f.t.m.TransactionMapper.findById     : ==> Parameters: 32(Long), 1(Long)
2026-05-12 09:24:40.218 [http-nio-8080-exec-4] DEBUG c.z.f.t.m.TransactionMapper.findById     : <==      Total: 1
2026-05-12 09:24:40.218 [http-nio-8080-exec-4] DEBUG c.z.f.t.service.MinioStorageService      : Fetching from MinIO [object=transactions/tx_32_b4e7d9a8-0334-4d7c-866e-c52d5fd86c97.jpg]
2026-05-12 09:24:40.226 [http-nio-8080-exec-4] DEBUG c.z.f.t.service.MinioStorageService      : Fetched 894934 bytes from MinIO [object=transactions/tx_32_b4e7d9a8-0334-4d7c-866e-c52d5fd86c97.jpg]
2026-05-12 09:24:40.501 [http-nio-8080-exec-2] DEBUG c.z.f.t.filter.JwtAuthenticationFilter   : Authenticated [user=Andy, uri=/api/transactions/34/image]
2026-05-12 09:24:40.503 [http-nio-8080-exec-2] DEBUG c.z.f.t.m.UserMapper.findByUsername      : ==>  Preparing: SELECT * FROM users WHERE username = ?
2026-05-12 09:24:40.503 [http-nio-8080-exec-2] DEBUG c.z.f.t.m.UserMapper.findByUsername      : ==> Parameters: Andy(String)
2026-05-12 09:24:40.504 [http-nio-8080-exec-2] DEBUG c.z.f.t.m.UserMapper.findByUsername      : <==      Total: 1
2026-05-12 09:24:40.505 [http-nio-8080-exec-2] DEBUG c.z.f.t.m.TransactionMapper.findById     : ==>  Preparing: SELECT t.*, c.name as categoryName FROM transactions t LEFT JOIN categories c ON t.category_id = c.id WHERE t.id = ? AND t.user_id = ?
2026-05-12 09:24:40.505 [http-nio-8080-exec-2] DEBUG c.z.f.t.m.TransactionMapper.findById     : ==> Parameters: 34(Long), 1(Long)
2026-05-12 09:24:40.507 [http-nio-8080-exec-2] DEBUG c.z.f.t.m.TransactionMapper.findById     : <==      Total: 1
2026-05-12 09:24:40.507 [http-nio-8080-exec-2] DEBUG c.z.f.t.service.MinioStorageService      : Fetching from MinIO [object=transactions/tx_34_5a52ade7-c821-45c6-ab22-3102d0e4851c.jpg]
2026-05-12 09:24:40.520 [http-nio-8080-exec-2] DEBUG c.z.f.t.service.MinioStorageService      : Fetched 894934 bytes from MinIO [object=transactions/tx_34_5a52ade7-c821-45c6-ab22-3102d0e4851c.jpg]
2026-05-12 09:24:40.528 [http-nio-8080-exec-5] DEBUG c.z.f.t.filter.JwtAuthenticationFilter   : Authenticated [user=Andy, uri=/api/transactions/33/image]
2026-05-12 09:24:40.528 [http-nio-8080-exec-5] DEBUG c.z.f.t.m.UserMapper.findByUsername      : ==>  Preparing: SELECT * FROM users WHERE username = ?
2026-05-12 09:24:40.529 [http-nio-8080-exec-5] DEBUG c.z.f.t.m.UserMapper.findByUsername      : ==> Parameters: Andy(String)
2026-05-12 09:24:40.530 [http-nio-8080-exec-5] DEBUG c.z.f.t.m.UserMapper.findByUsername      : <==      Total: 1
2026-05-12 09:24:40.530 [http-nio-8080-exec-5] DEBUG c.z.f.t.m.TransactionMapper.findById     : ==>  Preparing: SELECT t.*, c.name as categoryName FROM transactions t LEFT JOIN categories c ON t.category_id = c.id WHERE t.id = ? AND t.user_id = ?
2026-05-12 09:24:40.530 [http-nio-8080-exec-5] DEBUG c.z.f.t.m.TransactionMapper.findById     : ==> Parameters: 33(Long), 1(Long)
2026-05-12 09:24:40.532 [http-nio-8080-exec-5] DEBUG c.z.f.t.m.TransactionMapper.findById     : <==      Total: 1
2026-05-12 09:24:40.533 [http-nio-8080-exec-5] DEBUG c.z.f.t.service.MinioStorageService      : Fetching from MinIO [object=transactions/tx_33_d538c701-cf2d-4e52-9974-7010187a4d7b.jpg]
2026-05-12 09:24:40.549 [http-nio-8080-exec-5] DEBUG c.z.f.t.service.MinioStorageService      : Fetched 894934 bytes from MinIO [object=transactions/tx_33_d538c701-cf2d-4e52-9974-7010187a4d7b.jpg]
2026-05-12 09:24:42.964 [http-nio-8080-exec-6] DEBUG c.z.f.t.filter.JwtAuthenticationFilter   : Authenticated [user=Andy, uri=/api/transactions/summary]
2026-05-12 09:24:42.966 [http-nio-8080-exec-6] DEBUG c.z.f.t.m.UserMapper.findByUsername      : ==>  Preparing: SELECT * FROM users WHERE username = ?
2026-05-12 09:24:42.966 [http-nio-8080-exec-6] DEBUG c.z.f.t.m.UserMapper.findByUsername      : ==> Parameters: Andy(String)
2026-05-12 09:24:42.967 [http-nio-8080-exec-6] DEBUG c.z.f.t.m.UserMapper.findByUsername      : <==      Total: 1
2026-05-12 09:24:43.822 [http-nio-8080-exec-1] DEBUG c.z.f.t.filter.JwtAuthenticationFilter   : Authenticated [user=Andy, uri=/api/transactions/daily-trends]
2026-05-12 09:24:43.824 [http-nio-8080-exec-1] DEBUG c.z.f.t.m.UserMapper.findByUsername      : ==>  Preparing: SELECT * FROM users WHERE username = ?
2026-05-12 09:24:43.824 [http-nio-8080-exec-1] DEBUG c.z.f.t.m.UserMapper.findByUsername      : ==> Parameters: Andy(String)
2026-05-12 09:24:43.826 [http-nio-8080-exec-1] DEBUG c.z.f.t.m.UserMapper.findByUsername      : <==      Total: 1
2026-05-12 09:24:43.827 [http-nio-8080-exec-1] DEBUG c.z.f.t.m.T.getDailyTrends               : ==>  Preparing: SELECT DATE(t.date) as date, SUM(CASE WHEN t.type = 'INCOME' THEN t.amount ELSE 0 END) as income, SUM(CASE WHEN t.type = 'EXPENSE' THEN t.amount ELSE 0 END) as expense FROM transactions t WHERE t.user_id = ? AND t.date >= DATE_SUB(CURDATE(), INTERVAL ? DAY) GROUP BY DATE(t.date) ORDER BY date ASC
2026-05-12 09:24:43.828 [http-nio-8080-exec-1] DEBUG c.z.f.t.m.T.getDailyTrends               : ==> Parameters: 1(Long), 30(Integer)
2026-05-12 09:24:43.830 [http-nio-8080-exec-1] DEBUG c.z.f.t.m.T.getDailyTrends               : <==      Total: 11
2026-05-12 09:24:44.454 [http-nio-8080-exec-4] DEBUG c.z.f.t.filter.JwtAuthenticationFilter   : Authenticated [user=Andy, uri=/api/transactions/history]
2026-05-12 09:24:44.456 [http-nio-8080-exec-4] DEBUG c.z.f.t.m.UserMapper.findByUsername      : ==>  Preparing: SELECT * FROM users WHERE username = ?
2026-05-12 09:24:44.456 [http-nio-8080-exec-4] DEBUG c.z.f.t.m.UserMapper.findByUsername      : ==> Parameters: Andy(String)
2026-05-12 09:24:44.458 [http-nio-8080-exec-4] DEBUG c.z.f.t.m.UserMapper.findByUsername      : <==      Total: 1
2026-05-12 09:24:44.459 [http-nio-8080-exec-4] DEBUG c.z.f.t.m.T.findAllFiltered              : ==>  Preparing: SELECT t.*, c.name as categoryName FROM transactions t LEFT JOIN categories c ON t.category_id = c.id WHERE t.user_id = ? ORDER BY t.date DESC, t.id DESC LIMIT ? OFFSET ?
2026-05-12 09:24:44.459 [http-nio-8080-exec-4] DEBUG c.z.f.t.m.T.findAllFiltered              : ==> Parameters: 1(Long), 5(Integer), 0(Integer)
2026-05-12 09:24:44.462 [http-nio-8080-exec-4] DEBUG c.z.f.t.m.T.findAllFiltered              : <==      Total: 5
2026-05-12 09:24:44.462 [http-nio-8080-exec-4] DEBUG c.z.f.t.m.T.countFiltered                : ==>  Preparing: SELECT COUNT(*) FROM transactions t WHERE user_id = ?
2026-05-12 09:24:44.462 [http-nio-8080-exec-4] DEBUG c.z.f.t.m.T.countFiltered                : ==> Parameters: 1(Long)
2026-05-12 09:24:44.464 [http-nio-8080-exec-4] DEBUG c.z.f.t.m.T.countFiltered                : <==      Total: 1
2026-05-12 09:24:44.464 [http-nio-8080-exec-4] DEBUG c.z.f.t.c.TransactionController          : History query [userId=1, page=0, size=5, total=32]
2026-05-12 09:24:45.152 [http-nio-8080-exec-2] DEBUG c.z.f.t.filter.JwtAuthenticationFilter   : Authenticated [user=Andy, uri=/api/recurring/upcoming]
2026-05-12 09:24:45.154 [http-nio-8080-exec-2] DEBUG c.z.f.t.m.UserMapper.findByUsername      : ==>  Preparing: SELECT * FROM users WHERE username = ?
2026-05-12 09:24:45.154 [http-nio-8080-exec-2] DEBUG c.z.f.t.m.UserMapper.findByUsername      : ==> Parameters: Andy(String)
2026-05-12 09:24:45.155 [http-nio-8080-exec-2] DEBUG c.z.f.t.m.UserMapper.findByUsername      : <==      Total: 1
2026-05-12 09:24:45.155 [http-nio-8080-exec-2] DEBUG c.z.f.t.m.RecurringMapper.findUpcoming   : ==>  Preparing: SELECT r.*, c.name as categoryName FROM recurring_transactions r LEFT JOIN categories c ON r.category_id = c.id WHERE r.user_id = ? AND r.is_active = TRUE AND r.next_due_date <= DATE_ADD(CURDATE(), INTERVAL ? DAY) ORDER BY r.next_due_date ASC
2026-05-12 09:24:45.155 [http-nio-8080-exec-2] DEBUG c.z.f.t.m.RecurringMapper.findUpcoming   : ==> Parameters: 1(Long), 7(Integer)
2026-05-12 09:24:45.157 [http-nio-8080-exec-2] DEBUG c.z.f.t.m.RecurringMapper.findUpcoming   : <==      Total: 0
2026-05-12 09:24:48.666 [http-nio-8080-exec-5] DEBUG c.z.f.t.filter.JwtAuthenticationFilter   : Authenticated [user=Andy, uri=/api/transactions/trends]
2026-05-12 09:24:48.668 [http-nio-8080-exec-5] DEBUG c.z.f.t.m.UserMapper.findByUsername      : ==>  Preparing: SELECT * FROM users WHERE username = ?
2026-05-12 09:24:48.668 [http-nio-8080-exec-5] DEBUG c.z.f.t.m.UserMapper.findByUsername      : ==> Parameters: Andy(String)
2026-05-12 09:24:48.669 [http-nio-8080-exec-5] DEBUG c.z.f.t.m.UserMapper.findByUsername      : <==      Total: 1
2026-05-12 09:24:48.671 [http-nio-8080-exec-5] DEBUG c.z.f.t.m.T.getTimeSeriesData            : ==>  Preparing: SELECT DATE_FORMAT(date, '%Y-%m') as timeLabel, SUM(ABS(amount)) as total FROM transactions WHERE user_id = ? AND type = ? GROUP BY timeLabel ORDER BY timeLabel ASC
2026-05-12 09:24:48.671 [http-nio-8080-exec-5] DEBUG c.z.f.t.m.T.getTimeSeriesData            : ==> Parameters: 1(Long), INCOME(String)
2026-05-12 09:24:48.673 [http-nio-8080-exec-5] DEBUG c.z.f.t.m.T.getTimeSeriesData            : <==      Total: 4
2026-05-12 09:24:49.395 [http-nio-8080-exec-6] DEBUG c.z.f.t.filter.JwtAuthenticationFilter   : Authenticated [user=Andy, uri=/api/transactions/trends]
2026-05-12 09:24:49.396 [http-nio-8080-exec-6] DEBUG c.z.f.t.m.UserMapper.findByUsername      : ==>  Preparing: SELECT * FROM users WHERE username = ?
2026-05-12 09:24:49.396 [http-nio-8080-exec-6] DEBUG c.z.f.t.m.UserMapper.findByUsername      : ==> Parameters: Andy(String)
2026-05-12 09:24:49.397 [http-nio-8080-exec-6] DEBUG c.z.f.t.m.UserMapper.findByUsername      : <==      Total: 1
2026-05-12 09:24:49.398 [http-nio-8080-exec-6] DEBUG c.z.f.t.m.T.getTimeSeriesData            : ==>  Preparing: SELECT DATE_FORMAT(date, '%Y-%m') as timeLabel, SUM(ABS(amount)) as total FROM transactions WHERE user_id = ? AND type = ? GROUP BY timeLabel ORDER BY timeLabel ASC
2026-05-12 09:24:49.399 [http-nio-8080-exec-6] DEBUG c.z.f.t.m.T.getTimeSeriesData            : ==> Parameters: 1(Long), EXPENSE(String)
2026-05-12 09:24:49.400 [http-nio-8080-exec-6] DEBUG c.z.f.t.m.T.getTimeSeriesData            : <==      Total: 5
2026-05-12 09:24:50.026 [http-nio-8080-exec-1] DEBUG c.z.f.t.filter.JwtAuthenticationFilter   : Authenticated [user=Andy, uri=/api/transactions/summary]
2026-05-12 09:24:50.027 [http-nio-8080-exec-1] DEBUG c.z.f.t.m.UserMapper.findByUsername      : ==>  Preparing: SELECT * FROM users WHERE username = ?
2026-05-12 09:24:50.027 [http-nio-8080-exec-1] DEBUG c.z.f.t.m.UserMapper.findByUsername      : ==> Parameters: Andy(String)
2026-05-12 09:24:50.028 [http-nio-8080-exec-1] DEBUG c.z.f.t.m.UserMapper.findByUsername      : <==      Total: 1
2026-05-12 09:24:51.881 [http-nio-8080-exec-4] DEBUG c.z.f.t.filter.JwtAuthenticationFilter   : Authenticated [user=Andy, uri=/api/profile]
2026-05-12 09:24:51.882 [http-nio-8080-exec-4] DEBUG c.z.f.t.m.UserMapper.findByUsername      : ==>  Preparing: SELECT * FROM users WHERE username = ?
2026-05-12 09:24:51.883 [http-nio-8080-exec-4] DEBUG c.z.f.t.m.UserMapper.findByUsername      : ==> Parameters: Andy(String)
2026-05-12 09:24:51.884 [http-nio-8080-exec-4] DEBUG c.z.f.t.m.UserMapper.findByUsername      : <==      Total: 1
2026-05-12 09:24:52.409 [http-nio-8080-exec-2] DEBUG c.z.f.t.filter.JwtAuthenticationFilter   : Authenticated [user=Andy, uri=/api/profile/avatar]
2026-05-12 09:24:52.410 [http-nio-8080-exec-2] DEBUG c.z.f.t.m.UserMapper.findByUsername      : ==>  Preparing: SELECT * FROM users WHERE username = ?
2026-05-12 09:24:52.410 [http-nio-8080-exec-2] DEBUG c.z.f.t.m.UserMapper.findByUsername      : ==> Parameters: Andy(String)
2026-05-12 09:24:52.411 [http-nio-8080-exec-2] DEBUG c.z.f.t.m.UserMapper.findByUsername      : <==      Total: 1
2026-05-12 09:24:52.412 [http-nio-8080-exec-2] DEBUG c.z.f.t.service.MinioStorageService      : Fetching from MinIO [object=avatars/avatar_1_50ee9765-56a3-4d88-accb-6860179d936f.jpg]
2026-05-12 09:24:52.424 [http-nio-8080-exec-2] DEBUG c.z.f.t.service.MinioStorageService      : Fetched 2578882 bytes from MinIO [object=avatars/avatar_1_50ee9765-56a3-4d88-accb-6860179d936f.jpg]
2026-05-12 09:26:32.842 [http-nio-8080-exec-5] DEBUG c.z.f.t.filter.JwtAuthenticationFilter   : Authenticated [user=Andy, uri=/api/transactions/history]
2026-05-12 09:26:32.843 [http-nio-8080-exec-7] DEBUG c.z.f.t.filter.JwtAuthenticationFilter   : Authenticated [user=Andy, uri=/api/categories]
2026-05-12 09:26:32.843 [http-nio-8080-exec-5] DEBUG c.z.f.t.m.UserMapper.findByUsername      : ==>  Preparing: SELECT * FROM users WHERE username = ?
2026-05-12 09:26:32.844 [http-nio-8080-exec-5] DEBUG c.z.f.t.m.UserMapper.findByUsername      : ==> Parameters: Andy(String)
2026-05-12 09:26:32.844 [http-nio-8080-exec-7] DEBUG c.z.f.t.m.UserMapper.findByUsername      : ==>  Preparing: SELECT * FROM users WHERE username = ?
2026-05-12 09:26:32.845 [http-nio-8080-exec-7] DEBUG c.z.f.t.m.UserMapper.findByUsername      : ==> Parameters: Andy(String)
2026-05-12 09:26:32.845 [http-nio-8080-exec-5] DEBUG c.z.f.t.m.UserMapper.findByUsername      : <==      Total: 1
2026-05-12 09:26:32.846 [http-nio-8080-exec-5] DEBUG c.z.f.t.m.T.findAllFiltered              : ==>  Preparing: SELECT t.*, c.name as categoryName FROM transactions t LEFT JOIN categories c ON t.category_id = c.id WHERE t.user_id = ? ORDER BY t.date DESC, t.id DESC LIMIT ? OFFSET ?
2026-05-12 09:26:32.846 [http-nio-8080-exec-5] DEBUG c.z.f.t.m.T.findAllFiltered              : ==> Parameters: 1(Long), 15(Integer), 0(Integer)
2026-05-12 09:26:32.846 [http-nio-8080-exec-7] DEBUG c.z.f.t.m.UserMapper.findByUsername      : <==      Total: 1
2026-05-12 09:26:32.849 [http-nio-8080-exec-5] DEBUG c.z.f.t.m.T.findAllFiltered              : <==      Total: 15
2026-05-12 09:26:32.849 [http-nio-8080-exec-5] DEBUG c.z.f.t.m.T.countFiltered                : ==>  Preparing: SELECT COUNT(*) FROM transactions t WHERE user_id = ?
2026-05-12 09:26:32.850 [http-nio-8080-exec-5] DEBUG c.z.f.t.m.T.countFiltered                : ==> Parameters: 1(Long)
2026-05-12 09:26:32.851 [http-nio-8080-exec-5] DEBUG c.z.f.t.m.T.countFiltered                : <==      Total: 1
2026-05-12 09:26:32.851 [http-nio-8080-exec-5] DEBUG c.z.f.t.c.TransactionController          : History query [userId=1, page=0, size=15, total=32]
2026-05-12 09:26:33.223 [http-nio-8080-exec-1] DEBUG c.z.f.t.filter.JwtAuthenticationFilter   : Authenticated [user=Andy, uri=/api/transactions/34/image]
2026-05-12 09:26:33.224 [http-nio-8080-exec-1] DEBUG c.z.f.t.m.UserMapper.findByUsername      : ==>  Preparing: SELECT * FROM users WHERE username = ?
2026-05-12 09:26:33.224 [http-nio-8080-exec-1] DEBUG c.z.f.t.m.UserMapper.findByUsername      : ==> Parameters: Andy(String)
2026-05-12 09:26:33.225 [http-nio-8080-exec-1] DEBUG c.z.f.t.m.UserMapper.findByUsername      : <==      Total: 1
2026-05-12 09:26:33.225 [http-nio-8080-exec-1] DEBUG c.z.f.t.m.TransactionMapper.findById     : ==>  Preparing: SELECT t.*, c.name as categoryName FROM transactions t LEFT JOIN categories c ON t.category_id = c.id WHERE t.id = ? AND t.user_id = ?
2026-05-12 09:26:33.225 [http-nio-8080-exec-1] DEBUG c.z.f.t.m.TransactionMapper.findById     : ==> Parameters: 34(Long), 1(Long)
2026-05-12 09:26:33.227 [http-nio-8080-exec-1] DEBUG c.z.f.t.m.TransactionMapper.findById     : <==      Total: 1
2026-05-12 09:26:33.227 [http-nio-8080-exec-1] DEBUG c.z.f.t.service.MinioStorageService      : Fetching from MinIO [object=transactions/tx_34_5a52ade7-c821-45c6-ab22-3102d0e4851c.jpg]
2026-05-12 09:26:33.237 [http-nio-8080-exec-1] DEBUG c.z.f.t.service.MinioStorageService      : Fetched 894934 bytes from MinIO [object=transactions/tx_34_5a52ade7-c821-45c6-ab22-3102d0e4851c.jpg]
2026-05-12 09:26:33.413 [http-nio-8080-exec-4] DEBUG c.z.f.t.filter.JwtAuthenticationFilter   : Authenticated [user=Andy, uri=/api/transactions/31/image]
2026-05-12 09:26:33.413 [http-nio-8080-exec-10] DEBUG c.z.f.t.filter.JwtAuthenticationFilter   : Authenticated [user=Andy, uri=/api/transactions/33/image]
2026-05-12 09:26:33.413 [http-nio-8080-exec-2] DEBUG c.z.f.t.filter.JwtAuthenticationFilter   : Authenticated [user=Andy, uri=/api/transactions/32/image]
2026-05-12 09:26:33.414 [http-nio-8080-exec-4] DEBUG c.z.f.t.m.UserMapper.findByUsername      : ==>  Preparing: SELECT * FROM users WHERE username = ?
2026-05-12 09:26:33.414 [http-nio-8080-exec-10] DEBUG c.z.f.t.m.UserMapper.findByUsername      : ==>  Preparing: SELECT * FROM users WHERE username = ?
2026-05-12 09:26:33.414 [http-nio-8080-exec-4] DEBUG c.z.f.t.m.UserMapper.findByUsername      : ==> Parameters: Andy(String)
2026-05-12 09:26:33.414 [http-nio-8080-exec-2] DEBUG c.z.f.t.m.UserMapper.findByUsername      : ==>  Preparing: SELECT * FROM users WHERE username = ?
2026-05-12 09:26:33.414 [http-nio-8080-exec-10] DEBUG c.z.f.t.m.UserMapper.findByUsername      : ==> Parameters: Andy(String)
2026-05-12 09:26:33.414 [http-nio-8080-exec-2] DEBUG c.z.f.t.m.UserMapper.findByUsername      : ==> Parameters: Andy(String)
2026-05-12 09:26:33.415 [http-nio-8080-exec-4] DEBUG c.z.f.t.m.UserMapper.findByUsername      : <==      Total: 1
2026-05-12 09:26:33.415 [http-nio-8080-exec-2] DEBUG c.z.f.t.m.UserMapper.findByUsername      : <==      Total: 1
2026-05-12 09:26:33.415 [http-nio-8080-exec-10] DEBUG c.z.f.t.m.UserMapper.findByUsername      : <==      Total: 1
2026-05-12 09:26:33.416 [http-nio-8080-exec-4] DEBUG c.z.f.t.m.TransactionMapper.findById     : ==>  Preparing: SELECT t.*, c.name as categoryName FROM transactions t LEFT JOIN categories c ON t.category_id = c.id WHERE t.id = ? AND t.user_id = ?
2026-05-12 09:26:33.416 [http-nio-8080-exec-10] DEBUG c.z.f.t.m.TransactionMapper.findById     : ==>  Preparing: SELECT t.*, c.name as categoryName FROM transactions t LEFT JOIN categories c ON t.category_id = c.id WHERE t.id = ? AND t.user_id = ?
2026-05-12 09:26:33.416 [http-nio-8080-exec-2] DEBUG c.z.f.t.m.TransactionMapper.findById     : ==>  Preparing: SELECT t.*, c.name as categoryName FROM transactions t LEFT JOIN categories c ON t.category_id = c.id WHERE t.id = ? AND t.user_id = ?
2026-05-12 09:26:33.416 [http-nio-8080-exec-4] DEBUG c.z.f.t.m.TransactionMapper.findById     : ==> Parameters: 31(Long), 1(Long)
2026-05-12 09:26:33.416 [http-nio-8080-exec-10] DEBUG c.z.f.t.m.TransactionMapper.findById     : ==> Parameters: 33(Long), 1(Long)
2026-05-12 09:26:33.416 [http-nio-8080-exec-2] DEBUG c.z.f.t.m.TransactionMapper.findById     : ==> Parameters: 32(Long), 1(Long)
2026-05-12 09:26:33.417 [http-nio-8080-exec-4] DEBUG c.z.f.t.m.TransactionMapper.findById     : <==      Total: 1
2026-05-12 09:26:33.417 [http-nio-8080-exec-10] DEBUG c.z.f.t.m.TransactionMapper.findById     : <==      Total: 1
2026-05-12 09:26:33.417 [http-nio-8080-exec-2] DEBUG c.z.f.t.m.TransactionMapper.findById     : <==      Total: 1
2026-05-12 09:26:33.418 [http-nio-8080-exec-4] DEBUG c.z.f.t.service.MinioStorageService      : Fetching from MinIO [object=transactions/tx_31_9133791b-dffe-4d7b-84bf-05ddc9ad6ee9.jpg]
2026-05-12 09:26:33.418 [http-nio-8080-exec-2] DEBUG c.z.f.t.service.MinioStorageService      : Fetching from MinIO [object=transactions/tx_32_b4e7d9a8-0334-4d7c-866e-c52d5fd86c97.jpg]
2026-05-12 09:26:33.418 [http-nio-8080-exec-10] DEBUG c.z.f.t.service.MinioStorageService      : Fetching from MinIO [object=transactions/tx_33_d538c701-cf2d-4e52-9974-7010187a4d7b.jpg]
2026-05-12 09:26:33.426 [http-nio-8080-exec-2] DEBUG c.z.f.t.service.MinioStorageService      : Fetched 894934 bytes from MinIO [object=transactions/tx_32_b4e7d9a8-0334-4d7c-866e-c52d5fd86c97.jpg]
2026-05-12 09:26:33.432 [http-nio-8080-exec-4] DEBUG c.z.f.t.service.MinioStorageService      : Fetched 899766 bytes from MinIO [object=transactions/tx_31_9133791b-dffe-4d7b-84bf-05ddc9ad6ee9.jpg]
2026-05-12 09:26:33.436 [http-nio-8080-exec-10] DEBUG c.z.f.t.service.MinioStorageService      : Fetched 894934 bytes from MinIO [object=transactions/tx_33_d538c701-cf2d-4e52-9974-7010187a4d7b.jpg]
2026-05-12 09:26:33.513 [http-nio-8080-exec-5] DEBUG c.z.f.t.filter.JwtAuthenticationFilter   : Authenticated [user=Andy, uri=/api/categories]
2026-05-12 09:26:33.514 [http-nio-8080-exec-5] DEBUG c.z.f.t.m.UserMapper.findByUsername      : ==>  Preparing: SELECT * FROM users WHERE username = ?
2026-05-12 09:26:33.514 [http-nio-8080-exec-5] DEBUG c.z.f.t.m.UserMapper.findByUsername      : ==> Parameters: Andy(String)
2026-05-12 09:26:33.515 [http-nio-8080-exec-5] DEBUG c.z.f.t.m.UserMapper.findByUsername      : <==      Total: 1
2026-05-12 09:26:34.805 [http-nio-8080-exec-1] DEBUG c.z.f.t.filter.JwtAuthenticationFilter   : Authenticated [user=Andy, uri=/api/transactions/28/image]
2026-05-12 09:26:34.807 [http-nio-8080-exec-1] DEBUG c.z.f.t.m.UserMapper.findByUsername      : ==>  Preparing: SELECT * FROM users WHERE username = ?
2026-05-12 09:26:34.807 [http-nio-8080-exec-1] DEBUG c.z.f.t.m.UserMapper.findByUsername      : ==> Parameters: Andy(String)
2026-05-12 09:26:34.809 [http-nio-8080-exec-1] DEBUG c.z.f.t.m.UserMapper.findByUsername      : <==      Total: 1
2026-05-12 09:26:34.809 [http-nio-8080-exec-1] DEBUG c.z.f.t.m.TransactionMapper.findById     : ==>  Preparing: SELECT t.*, c.name as categoryName FROM transactions t LEFT JOIN categories c ON t.category_id = c.id WHERE t.id = ? AND t.user_id = ?
2026-05-12 09:26:34.809 [http-nio-8080-exec-1] DEBUG c.z.f.t.m.TransactionMapper.findById     : ==> Parameters: 28(Long), 1(Long)
2026-05-12 09:26:34.811 [http-nio-8080-exec-1] DEBUG c.z.f.t.m.TransactionMapper.findById     : <==      Total: 1
2026-05-12 09:26:34.811 [http-nio-8080-exec-1] DEBUG c.z.f.t.service.MinioStorageService      : Fetching from MinIO [object=transactions/tx_28_c602e60e-2fb0-4bac-a365-cee60c0093d0.jpg]
2026-05-12 09:26:34.818 [http-nio-8080-exec-1] DEBUG c.z.f.t.service.MinioStorageService      : Fetched 899766 bytes from MinIO [object=transactions/tx_28_c602e60e-2fb0-4bac-a365-cee60c0093d0.jpg]
2026-05-12 09:26:34.879 [http-nio-8080-exec-2] DEBUG c.z.f.t.filter.JwtAuthenticationFilter   : Authenticated [user=Andy, uri=/api/transactions/24/image]
2026-05-12 09:26:34.880 [http-nio-8080-exec-2] DEBUG c.z.f.t.m.UserMapper.findByUsername      : ==>  Preparing: SELECT * FROM users WHERE username = ?
2026-05-12 09:26:34.880 [http-nio-8080-exec-2] DEBUG c.z.f.t.m.UserMapper.findByUsername      : ==> Parameters: Andy(String)
2026-05-12 09:26:34.882 [http-nio-8080-exec-2] DEBUG c.z.f.t.m.UserMapper.findByUsername      : <==      Total: 1
2026-05-12 09:26:34.882 [http-nio-8080-exec-2] DEBUG c.z.f.t.m.TransactionMapper.findById     : ==>  Preparing: SELECT t.*, c.name as categoryName FROM transactions t LEFT JOIN categories c ON t.category_id = c.id WHERE t.id = ? AND t.user_id = ?
2026-05-12 09:26:34.882 [http-nio-8080-exec-2] DEBUG c.z.f.t.m.TransactionMapper.findById     : ==> Parameters: 24(Long), 1(Long)
2026-05-12 09:26:34.883 [http-nio-8080-exec-2] DEBUG c.z.f.t.m.TransactionMapper.findById     : <==      Total: 1
2026-05-12 09:26:34.884 [http-nio-8080-exec-2] DEBUG c.z.f.t.service.MinioStorageService      : Fetching from MinIO [object=transactions/tx_24_764aca22-00c8-46b3-aeae-ac1451af4fa5.jpg]
2026-05-12 09:26:34.891 [http-nio-8080-exec-2] DEBUG c.z.f.t.service.MinioStorageService      : Fetched 1353592 bytes from MinIO [object=transactions/tx_24_764aca22-00c8-46b3-aeae-ac1451af4fa5.jpg]
2026-05-12 09:26:34.959 [http-nio-8080-exec-4] DEBUG c.z.f.t.filter.JwtAuthenticationFilter   : Authenticated [user=Andy, uri=/api/transactions/23/image]
2026-05-12 09:26:34.961 [http-nio-8080-exec-4] DEBUG c.z.f.t.m.UserMapper.findByUsername      : ==>  Preparing: SELECT * FROM users WHERE username = ?
2026-05-12 09:26:34.961 [http-nio-8080-exec-4] DEBUG c.z.f.t.m.UserMapper.findByUsername      : ==> Parameters: Andy(String)
2026-05-12 09:26:34.962 [http-nio-8080-exec-4] DEBUG c.z.f.t.m.UserMapper.findByUsername      : <==      Total: 1
2026-05-12 09:26:34.962 [http-nio-8080-exec-4] DEBUG c.z.f.t.m.TransactionMapper.findById     : ==>  Preparing: SELECT t.*, c.name as categoryName FROM transactions t LEFT JOIN categories c ON t.category_id = c.id WHERE t.id = ? AND t.user_id = ?
2026-05-12 09:26:34.963 [http-nio-8080-exec-4] DEBUG c.z.f.t.m.TransactionMapper.findById     : ==> Parameters: 23(Long), 1(Long)
2026-05-12 09:26:34.964 [http-nio-8080-exec-4] DEBUG c.z.f.t.m.TransactionMapper.findById     : <==      Total: 1
2026-05-12 09:26:34.964 [http-nio-8080-exec-4] DEBUG c.z.f.t.service.MinioStorageService      : Fetching from MinIO [object=transactions/tx_23_986c4de8-9af1-4032-9e43-f499a6d375a3.jpg]
2026-05-12 09:26:34.970 [http-nio-8080-exec-4] DEBUG c.z.f.t.service.MinioStorageService      : Fetched 866644 bytes from MinIO [object=transactions/tx_23_986c4de8-9af1-4032-9e43-f499a6d375a3.jpg]
2026-05-12 09:26:35.597 [http-nio-8080-exec-6] DEBUG c.z.f.t.filter.JwtAuthenticationFilter   : Authenticated [user=Andy, uri=/api/transactions/31/image]
2026-05-12 09:26:35.597 [http-nio-8080-exec-7] DEBUG c.z.f.t.filter.JwtAuthenticationFilter   : Authenticated [user=Andy, uri=/api/transactions/34/image]
2026-05-12 09:26:35.598 [http-nio-8080-exec-5] DEBUG c.z.f.t.filter.JwtAuthenticationFilter   : Authenticated [user=Andy, uri=/api/transactions/32/image]
2026-05-12 09:26:35.598 [http-nio-8080-exec-8] DEBUG c.z.f.t.filter.JwtAuthenticationFilter   : Authenticated [user=Andy, uri=/api/transactions/33/image]
2026-05-12 09:26:35.599 [http-nio-8080-exec-6] DEBUG c.z.f.t.m.UserMapper.findByUsername      : ==>  Preparing: SELECT * FROM users WHERE username = ?
2026-05-12 09:26:35.599 [http-nio-8080-exec-7] DEBUG c.z.f.t.m.UserMapper.findByUsername      : ==>  Preparing: SELECT * FROM users WHERE username = ?
2026-05-12 09:26:35.599 [http-nio-8080-exec-5] DEBUG c.z.f.t.m.UserMapper.findByUsername      : ==>  Preparing: SELECT * FROM users WHERE username = ?
2026-05-12 09:26:35.599 [http-nio-8080-exec-6] DEBUG c.z.f.t.m.UserMapper.findByUsername      : ==> Parameters: Andy(String)
2026-05-12 09:26:35.599 [http-nio-8080-exec-7] DEBUG c.z.f.t.m.UserMapper.findByUsername      : ==> Parameters: Andy(String)
2026-05-12 09:26:35.599 [http-nio-8080-exec-5] DEBUG c.z.f.t.m.UserMapper.findByUsername      : ==> Parameters: Andy(String)
2026-05-12 09:26:35.599 [http-nio-8080-exec-8] DEBUG c.z.f.t.m.UserMapper.findByUsername      : ==>  Preparing: SELECT * FROM users WHERE username = ?
2026-05-12 09:26:35.600 [http-nio-8080-exec-8] DEBUG c.z.f.t.m.UserMapper.findByUsername      : ==> Parameters: Andy(String)
2026-05-12 09:26:35.600 [http-nio-8080-exec-6] DEBUG c.z.f.t.m.UserMapper.findByUsername      : <==      Total: 1
2026-05-12 09:26:35.600 [http-nio-8080-exec-7] DEBUG c.z.f.t.m.UserMapper.findByUsername      : <==      Total: 1
2026-05-12 09:26:35.600 [http-nio-8080-exec-5] DEBUG c.z.f.t.m.UserMapper.findByUsername      : <==      Total: 1
2026-05-12 09:26:35.601 [http-nio-8080-exec-6] DEBUG c.z.f.t.m.TransactionMapper.findById     : ==>  Preparing: SELECT t.*, c.name as categoryName FROM transactions t LEFT JOIN categories c ON t.category_id = c.id WHERE t.id = ? AND t.user_id = ?
2026-05-12 09:26:35.601 [http-nio-8080-exec-5] DEBUG c.z.f.t.m.TransactionMapper.findById     : ==>  Preparing: SELECT t.*, c.name as categoryName FROM transactions t LEFT JOIN categories c ON t.category_id = c.id WHERE t.id = ? AND t.user_id = ?
2026-05-12 09:26:35.601 [http-nio-8080-exec-7] DEBUG c.z.f.t.m.TransactionMapper.findById     : ==>  Preparing: SELECT t.*, c.name as categoryName FROM transactions t LEFT JOIN categories c ON t.category_id = c.id WHERE t.id = ? AND t.user_id = ?
2026-05-12 09:26:35.601 [http-nio-8080-exec-8] DEBUG c.z.f.t.m.UserMapper.findByUsername      : <==      Total: 1
2026-05-12 09:26:35.601 [http-nio-8080-exec-6] DEBUG c.z.f.t.m.TransactionMapper.findById     : ==> Parameters: 31(Long), 1(Long)
2026-05-12 09:26:35.601 [http-nio-8080-exec-5] DEBUG c.z.f.t.m.TransactionMapper.findById     : ==> Parameters: 32(Long), 1(Long)
2026-05-12 09:26:35.601 [http-nio-8080-exec-7] DEBUG c.z.f.t.m.TransactionMapper.findById     : ==> Parameters: 34(Long), 1(Long)
2026-05-12 09:26:35.601 [http-nio-8080-exec-8] DEBUG c.z.f.t.m.TransactionMapper.findById     : ==>  Preparing: SELECT t.*, c.name as categoryName FROM transactions t LEFT JOIN categories c ON t.category_id = c.id WHERE t.id = ? AND t.user_id = ?
2026-05-12 09:26:35.601 [http-nio-8080-exec-8] DEBUG c.z.f.t.m.TransactionMapper.findById     : ==> Parameters: 33(Long), 1(Long)
2026-05-12 09:26:35.602 [http-nio-8080-exec-6] DEBUG c.z.f.t.m.TransactionMapper.findById     : <==      Total: 1
2026-05-12 09:26:35.602 [http-nio-8080-exec-5] DEBUG c.z.f.t.m.TransactionMapper.findById     : <==      Total: 1
2026-05-12 09:26:35.602 [http-nio-8080-exec-7] DEBUG c.z.f.t.m.TransactionMapper.findById     : <==      Total: 1
2026-05-12 09:26:35.602 [http-nio-8080-exec-6] DEBUG c.z.f.t.service.MinioStorageService      : Fetching from MinIO [object=transactions/tx_31_9133791b-dffe-4d7b-84bf-05ddc9ad6ee9.jpg]
2026-05-12 09:26:35.602 [http-nio-8080-exec-8] DEBUG c.z.f.t.m.TransactionMapper.findById     : <==      Total: 1
2026-05-12 09:26:35.602 [http-nio-8080-exec-5] DEBUG c.z.f.t.service.MinioStorageService      : Fetching from MinIO [object=transactions/tx_32_b4e7d9a8-0334-4d7c-866e-c52d5fd86c97.jpg]
2026-05-12 09:26:35.603 [http-nio-8080-exec-7] DEBUG c.z.f.t.service.MinioStorageService      : Fetching from MinIO [object=transactions/tx_34_5a52ade7-c821-45c6-ab22-3102d0e4851c.jpg]
2026-05-12 09:26:35.603 [http-nio-8080-exec-8] DEBUG c.z.f.t.service.MinioStorageService      : Fetching from MinIO [object=transactions/tx_33_d538c701-cf2d-4e52-9974-7010187a4d7b.jpg]
2026-05-12 09:26:35.611 [http-nio-8080-exec-7] DEBUG c.z.f.t.service.MinioStorageService      : Fetched 894934 bytes from MinIO [object=transactions/tx_34_5a52ade7-c821-45c6-ab22-3102d0e4851c.jpg]
2026-05-12 09:26:35.612 [http-nio-8080-exec-5] DEBUG c.z.f.t.service.MinioStorageService      : Fetched 894934 bytes from MinIO [object=transactions/tx_32_b4e7d9a8-0334-4d7c-866e-c52d5fd86c97.jpg]
2026-05-12 09:26:35.612 [http-nio-8080-exec-6] DEBUG c.z.f.t.service.MinioStorageService      : Fetched 899766 bytes from MinIO [object=transactions/tx_31_9133791b-dffe-4d7b-84bf-05ddc9ad6ee9.jpg]
2026-05-12 09:26:35.613 [http-nio-8080-exec-8] DEBUG c.z.f.t.service.MinioStorageService      : Fetched 894934 bytes from MinIO [object=transactions/tx_33_d538c701-cf2d-4e52-9974-7010187a4d7b.jpg]
2026-05-12 09:26:37.129 [http-nio-8080-exec-4] DEBUG c.z.f.t.filter.JwtAuthenticationFilter   : Authenticated [user=Andy, uri=/api/transactions/23/image]
2026-05-12 09:26:37.131 [http-nio-8080-exec-4] DEBUG c.z.f.t.m.UserMapper.findByUsername      : ==>  Preparing: SELECT * FROM users WHERE username = ?
2026-05-12 09:26:37.131 [http-nio-8080-exec-4] DEBUG c.z.f.t.m.UserMapper.findByUsername      : ==> Parameters: Andy(String)
2026-05-12 09:26:37.132 [http-nio-8080-exec-4] DEBUG c.z.f.t.m.UserMapper.findByUsername      : <==      Total: 1
2026-05-12 09:26:37.132 [http-nio-8080-exec-4] DEBUG c.z.f.t.m.TransactionMapper.findById     : ==>  Preparing: SELECT t.*, c.name as categoryName FROM transactions t LEFT JOIN categories c ON t.category_id = c.id WHERE t.id = ? AND t.user_id = ?
2026-05-12 09:26:37.132 [http-nio-8080-exec-4] DEBUG c.z.f.t.m.TransactionMapper.findById     : ==> Parameters: 23(Long), 1(Long)
2026-05-12 09:26:37.133 [http-nio-8080-exec-4] DEBUG c.z.f.t.m.TransactionMapper.findById     : <==      Total: 1
2026-05-12 09:26:37.134 [http-nio-8080-exec-4] DEBUG c.z.f.t.service.MinioStorageService      : Fetching from MinIO [object=transactions/tx_23_986c4de8-9af1-4032-9e43-f499a6d375a3.jpg]
2026-05-12 09:26:37.140 [http-nio-8080-exec-4] DEBUG c.z.f.t.service.MinioStorageService      : Fetched 866644 bytes from MinIO [object=transactions/tx_23_986c4de8-9af1-4032-9e43-f499a6d375a3.jpg]
2026-05-12 09:26:37.270 [http-nio-8080-exec-7] DEBUG c.z.f.t.filter.JwtAuthenticationFilter   : Authenticated [user=Andy, uri=/api/transactions/28/image]
2026-05-12 09:26:37.271 [http-nio-8080-exec-7] DEBUG c.z.f.t.m.UserMapper.findByUsername      : ==>  Preparing: SELECT * FROM users WHERE username = ?
2026-05-12 09:26:37.272 [http-nio-8080-exec-7] DEBUG c.z.f.t.m.UserMapper.findByUsername      : ==> Parameters: Andy(String)
2026-05-12 09:26:37.273 [http-nio-8080-exec-7] DEBUG c.z.f.t.m.UserMapper.findByUsername      : <==      Total: 1
2026-05-12 09:26:37.273 [http-nio-8080-exec-7] DEBUG c.z.f.t.m.TransactionMapper.findById     : ==>  Preparing: SELECT t.*, c.name as categoryName FROM transactions t LEFT JOIN categories c ON t.category_id = c.id WHERE t.id = ? AND t.user_id = ?
2026-05-12 09:26:37.273 [http-nio-8080-exec-7] DEBUG c.z.f.t.m.TransactionMapper.findById     : ==> Parameters: 28(Long), 1(Long)
2026-05-12 09:26:37.274 [http-nio-8080-exec-7] DEBUG c.z.f.t.m.TransactionMapper.findById     : <==      Total: 1
2026-05-12 09:26:37.275 [http-nio-8080-exec-7] DEBUG c.z.f.t.service.MinioStorageService      : Fetching from MinIO [object=transactions/tx_28_c602e60e-2fb0-4bac-a365-cee60c0093d0.jpg]
2026-05-12 09:26:37.282 [http-nio-8080-exec-7] DEBUG c.z.f.t.service.MinioStorageService      : Fetched 899766 bytes from MinIO [object=transactions/tx_28_c602e60e-2fb0-4bac-a365-cee60c0093d0.jpg]
2026-05-12 09:26:37.895 [http-nio-8080-exec-8] DEBUG c.z.f.t.filter.JwtAuthenticationFilter   : Authenticated [user=Andy, uri=/api/transactions/24/image]
2026-05-12 09:26:37.896 [http-nio-8080-exec-8] DEBUG c.z.f.t.m.UserMapper.findByUsername      : ==>  Preparing: SELECT * FROM users WHERE username = ?
2026-05-12 09:26:37.896 [http-nio-8080-exec-8] DEBUG c.z.f.t.m.UserMapper.findByUsername      : ==> Parameters: Andy(String)
2026-05-12 09:26:37.897 [http-nio-8080-exec-8] DEBUG c.z.f.t.m.UserMapper.findByUsername      : <==      Total: 1
2026-05-12 09:26:37.897 [http-nio-8080-exec-8] DEBUG c.z.f.t.m.TransactionMapper.findById     : ==>  Preparing: SELECT t.*, c.name as categoryName FROM transactions t LEFT JOIN categories c ON t.category_id = c.id WHERE t.id = ? AND t.user_id = ?
2026-05-12 09:26:37.897 [http-nio-8080-exec-8] DEBUG c.z.f.t.m.TransactionMapper.findById     : ==> Parameters: 24(Long), 1(Long)
2026-05-12 09:26:37.898 [http-nio-8080-exec-8] DEBUG c.z.f.t.m.TransactionMapper.findById     : <==      Total: 1
2026-05-12 09:26:37.899 [http-nio-8080-exec-8] DEBUG c.z.f.t.service.MinioStorageService      : Fetching from MinIO [object=transactions/tx_24_764aca22-00c8-46b3-aeae-ac1451af4fa5.jpg]
2026-05-12 09:26:37.906 [http-nio-8080-exec-8] DEBUG c.z.f.t.service.MinioStorageService      : Fetched 1353592 bytes from MinIO [object=transactions/tx_24_764aca22-00c8-46b3-aeae-ac1451af4fa5.jpg]
2026-05-12 09:26:39.126 [http-nio-8080-exec-1] DEBUG c.z.f.t.filter.JwtAuthenticationFilter   : Authenticated [user=Andy, uri=/api/transactions/summary]
2026-05-12 09:26:39.127 [http-nio-8080-exec-1] DEBUG c.z.f.t.m.UserMapper.findByUsername      : ==>  Preparing: SELECT * FROM users WHERE username = ?
2026-05-12 09:26:39.128 [http-nio-8080-exec-1] DEBUG c.z.f.t.m.UserMapper.findByUsername      : ==> Parameters: Andy(String)
2026-05-12 09:26:39.129 [http-nio-8080-exec-1] DEBUG c.z.f.t.m.UserMapper.findByUsername      : <==      Total: 1
2026-05-12 09:26:40.447 [http-nio-8080-exec-2] DEBUG c.z.f.t.filter.JwtAuthenticationFilter   : Authenticated [user=Andy, uri=/api/transactions/daily-trends]
2026-05-12 09:26:40.448 [http-nio-8080-exec-2] DEBUG c.z.f.t.m.UserMapper.findByUsername      : ==>  Preparing: SELECT * FROM users WHERE username = ?
2026-05-12 09:26:40.449 [http-nio-8080-exec-2] DEBUG c.z.f.t.m.UserMapper.findByUsername      : ==> Parameters: Andy(String)
2026-05-12 09:26:40.450 [http-nio-8080-exec-2] DEBUG c.z.f.t.m.UserMapper.findByUsername      : <==      Total: 1
2026-05-12 09:26:41.580 [http-nio-8080-exec-4] DEBUG c.z.f.t.filter.JwtAuthenticationFilter   : Authenticated [user=Andy, uri=/api/transactions/history]
2026-05-12 09:26:41.582 [http-nio-8080-exec-4] DEBUG c.z.f.t.m.UserMapper.findByUsername      : ==>  Preparing: SELECT * FROM users WHERE username = ?
2026-05-12 09:26:41.582 [http-nio-8080-exec-4] DEBUG c.z.f.t.m.UserMapper.findByUsername      : ==> Parameters: Andy(String)
2026-05-12 09:26:41.583 [http-nio-8080-exec-4] DEBUG c.z.f.t.m.UserMapper.findByUsername      : <==      Total: 1
2026-05-12 09:26:41.584 [http-nio-8080-exec-4] DEBUG c.z.f.t.m.T.findAllFiltered              : ==>  Preparing: SELECT t.*, c.name as categoryName FROM transactions t LEFT JOIN categories c ON t.category_id = c.id WHERE t.user_id = ? ORDER BY t.date DESC, t.id DESC LIMIT ? OFFSET ?
2026-05-12 09:26:41.584 [http-nio-8080-exec-4] DEBUG c.z.f.t.m.T.findAllFiltered              : ==> Parameters: 1(Long), 5(Integer), 0(Integer)
2026-05-12 09:26:41.586 [http-nio-8080-exec-4] DEBUG c.z.f.t.m.T.findAllFiltered              : <==      Total: 5
2026-05-12 09:26:41.586 [http-nio-8080-exec-4] DEBUG c.z.f.t.m.T.countFiltered                : ==>  Preparing: SELECT COUNT(*) FROM transactions t WHERE user_id = ?
2026-05-12 09:26:41.586 [http-nio-8080-exec-4] DEBUG c.z.f.t.m.T.countFiltered                : ==> Parameters: 1(Long)
2026-05-12 09:26:41.587 [http-nio-8080-exec-4] DEBUG c.z.f.t.m.T.countFiltered                : <==      Total: 1
2026-05-12 09:26:41.588 [http-nio-8080-exec-4] DEBUG c.z.f.t.c.TransactionController          : History query [userId=1, page=0, size=5, total=32]
2026-05-12 09:26:43.834 [http-nio-8080-exec-7] DEBUG c.z.f.t.filter.JwtAuthenticationFilter   : Authenticated [user=Andy, uri=/api/transactions/summary]
2026-05-12 09:26:43.835 [http-nio-8080-exec-7] DEBUG c.z.f.t.m.UserMapper.findByUsername      : ==>  Preparing: SELECT * FROM users WHERE username = ?
2026-05-12 09:26:43.835 [http-nio-8080-exec-7] DEBUG c.z.f.t.m.UserMapper.findByUsername      : ==> Parameters: Andy(String)
2026-05-12 09:26:43.837 [http-nio-8080-exec-7] DEBUG c.z.f.t.m.UserMapper.findByUsername      : <==      Total: 1
2026-05-12 09:26:44.891 [http-nio-8080-exec-8] DEBUG c.z.f.t.filter.JwtAuthenticationFilter   : Authenticated [user=Andy, uri=/api/transactions/daily-trends]
2026-05-12 09:26:44.892 [http-nio-8080-exec-8] DEBUG c.z.f.t.m.UserMapper.findByUsername      : ==>  Preparing: SELECT * FROM users WHERE username = ?
2026-05-12 09:26:44.892 [http-nio-8080-exec-8] DEBUG c.z.f.t.m.UserMapper.findByUsername      : ==> Parameters: Andy(String)
2026-05-12 09:26:44.893 [http-nio-8080-exec-8] DEBUG c.z.f.t.m.UserMapper.findByUsername      : <==      Total: 1
2026-05-12 09:26:46.495 [http-nio-8080-exec-1] DEBUG c.z.f.t.filter.JwtAuthenticationFilter   : Authenticated [user=Andy, uri=/api/transactions/history]
2026-05-12 09:26:46.496 [http-nio-8080-exec-1] DEBUG c.z.f.t.m.UserMapper.findByUsername      : ==>  Preparing: SELECT * FROM users WHERE username = ?
2026-05-12 09:26:46.497 [http-nio-8080-exec-1] DEBUG c.z.f.t.m.UserMapper.findByUsername      : ==> Parameters: Andy(String)
2026-05-12 09:26:46.498 [http-nio-8080-exec-1] DEBUG c.z.f.t.m.UserMapper.findByUsername      : <==      Total: 1
2026-05-12 09:26:46.498 [http-nio-8080-exec-1] DEBUG c.z.f.t.m.T.findAllFiltered              : ==>  Preparing: SELECT t.*, c.name as categoryName FROM transactions t LEFT JOIN categories c ON t.category_id = c.id WHERE t.user_id = ? ORDER BY t.date DESC, t.id DESC LIMIT ? OFFSET ?
2026-05-12 09:26:46.499 [http-nio-8080-exec-1] DEBUG c.z.f.t.m.T.findAllFiltered              : ==> Parameters: 1(Long), 5(Integer), 0(Integer)
2026-05-12 09:26:46.501 [http-nio-8080-exec-1] DEBUG c.z.f.t.m.T.findAllFiltered              : <==      Total: 5
2026-05-12 09:26:46.501 [http-nio-8080-exec-1] DEBUG c.z.f.t.m.T.countFiltered                : ==>  Preparing: SELECT COUNT(*) FROM transactions t WHERE user_id = ?
2026-05-12 09:26:46.502 [http-nio-8080-exec-1] DEBUG c.z.f.t.m.T.countFiltered                : ==> Parameters: 1(Long)
2026-05-12 09:26:46.503 [http-nio-8080-exec-1] DEBUG c.z.f.t.m.T.countFiltered                : <==      Total: 1
2026-05-12 09:26:46.504 [http-nio-8080-exec-1] DEBUG c.z.f.t.c.TransactionController          : History query [userId=1, page=0, size=5, total=32]
2026-05-12 09:26:47.589 [http-nio-8080-exec-2] DEBUG c.z.f.t.filter.JwtAuthenticationFilter   : Authenticated [user=Andy, uri=/api/recurring/upcoming]
2026-05-12 09:26:47.591 [http-nio-8080-exec-2] DEBUG c.z.f.t.m.UserMapper.findByUsername      : ==>  Preparing: SELECT * FROM users WHERE username = ?
2026-05-12 09:26:47.591 [http-nio-8080-exec-2] DEBUG c.z.f.t.m.UserMapper.findByUsername      : ==> Parameters: Andy(String)
2026-05-12 09:26:47.592 [http-nio-8080-exec-2] DEBUG c.z.f.t.m.UserMapper.findByUsername      : <==      Total: 1
2026-05-12 09:26:47.593 [http-nio-8080-exec-2] DEBUG c.z.f.t.m.RecurringMapper.findUpcoming   : ==>  Preparing: SELECT r.*, c.name as categoryName FROM recurring_transactions r LEFT JOIN categories c ON r.category_id = c.id WHERE r.user_id = ? AND r.is_active = TRUE AND r.next_due_date <= DATE_ADD(CURDATE(), INTERVAL ? DAY) ORDER BY r.next_due_date ASC
2026-05-12 09:26:47.593 [http-nio-8080-exec-2] DEBUG c.z.f.t.m.RecurringMapper.findUpcoming   : ==> Parameters: 1(Long), 7(Integer)
2026-05-12 09:26:47.595 [http-nio-8080-exec-2] DEBUG c.z.f.t.m.RecurringMapper.findUpcoming   : <==      Total: 0
2026-05-12 09:26:49.494 [http-nio-8080-exec-4] DEBUG c.z.f.t.filter.JwtAuthenticationFilter   : Authenticated [user=Andy, uri=/api/transactions/history]
2026-05-12 09:26:49.496 [http-nio-8080-exec-10] DEBUG c.z.f.t.filter.JwtAuthenticationFilter   : Authenticated [user=Andy, uri=/api/categories]
2026-05-12 09:26:49.498 [http-nio-8080-exec-10] DEBUG c.z.f.t.m.UserMapper.findByUsername      : ==>  Preparing: SELECT * FROM users WHERE username = ?
2026-05-12 09:26:49.498 [http-nio-8080-exec-4] DEBUG c.z.f.t.m.UserMapper.findByUsername      : ==>  Preparing: SELECT * FROM users WHERE username = ?
2026-05-12 09:26:49.498 [http-nio-8080-exec-10] DEBUG c.z.f.t.m.UserMapper.findByUsername      : ==> Parameters: Andy(String)
2026-05-12 09:26:49.498 [http-nio-8080-exec-4] DEBUG c.z.f.t.m.UserMapper.findByUsername      : ==> Parameters: Andy(String)
2026-05-12 09:26:49.501 [http-nio-8080-exec-10] DEBUG c.z.f.t.m.UserMapper.findByUsername      : <==      Total: 1
2026-05-12 09:26:49.502 [http-nio-8080-exec-4] DEBUG c.z.f.t.m.UserMapper.findByUsername      : <==      Total: 1
2026-05-12 09:26:49.502 [http-nio-8080-exec-4] DEBUG c.z.f.t.m.T.findAllFiltered              : ==>  Preparing: SELECT t.*, c.name as categoryName FROM transactions t LEFT JOIN categories c ON t.category_id = c.id WHERE t.user_id = ? ORDER BY t.date DESC, t.id DESC LIMIT ? OFFSET ?
2026-05-12 09:26:49.503 [http-nio-8080-exec-4] DEBUG c.z.f.t.m.T.findAllFiltered              : ==> Parameters: 1(Long), 15(Integer), 0(Integer)
2026-05-12 09:26:49.508 [http-nio-8080-exec-4] DEBUG c.z.f.t.m.T.findAllFiltered              : <==      Total: 15
2026-05-12 09:26:49.508 [http-nio-8080-exec-4] DEBUG c.z.f.t.m.T.countFiltered                : ==>  Preparing: SELECT COUNT(*) FROM transactions t WHERE user_id = ?
2026-05-12 09:26:49.508 [http-nio-8080-exec-4] DEBUG c.z.f.t.m.T.countFiltered                : ==> Parameters: 1(Long)
2026-05-12 09:26:49.510 [http-nio-8080-exec-4] DEBUG c.z.f.t.m.T.countFiltered                : <==      Total: 1
2026-05-12 09:26:49.511 [http-nio-8080-exec-4] DEBUG c.z.f.t.c.TransactionController          : History query [userId=1, page=0, size=15, total=32]
2026-05-12 09:26:50.334 [http-nio-8080-exec-8] DEBUG c.z.f.t.filter.JwtAuthenticationFilter   : Authenticated [user=Andy, uri=/api/transactions/31/image]
2026-05-12 09:26:50.335 [http-nio-8080-exec-8] DEBUG c.z.f.t.m.UserMapper.findByUsername      : ==>  Preparing: SELECT * FROM users WHERE username = ?
2026-05-12 09:26:50.336 [http-nio-8080-exec-8] DEBUG c.z.f.t.m.UserMapper.findByUsername      : ==> Parameters: Andy(String)
2026-05-12 09:26:50.336 [http-nio-8080-exec-1] DEBUG c.z.f.t.filter.JwtAuthenticationFilter   : Authenticated [user=Andy, uri=/api/categories]
2026-05-12 09:26:50.336 [http-nio-8080-exec-6] DEBUG c.z.f.t.filter.JwtAuthenticationFilter   : Authenticated [user=Andy, uri=/api/transactions/34/image]
2026-05-12 09:26:50.337 [http-nio-8080-exec-6] DEBUG c.z.f.t.m.UserMapper.findByUsername      : ==>  Preparing: SELECT * FROM users WHERE username = ?
2026-05-12 09:26:50.337 [http-nio-8080-exec-8] DEBUG c.z.f.t.m.UserMapper.findByUsername      : <==      Total: 1
2026-05-12 09:26:50.337 [http-nio-8080-exec-1] DEBUG c.z.f.t.m.UserMapper.findByUsername      : ==>  Preparing: SELECT * FROM users WHERE username = ?
2026-05-12 09:26:50.338 [http-nio-8080-exec-6] DEBUG c.z.f.t.m.UserMapper.findByUsername      : ==> Parameters: Andy(String)
2026-05-12 09:26:50.338 [http-nio-8080-exec-1] DEBUG c.z.f.t.m.UserMapper.findByUsername      : ==> Parameters: Andy(String)
2026-05-12 09:26:50.338 [http-nio-8080-exec-8] DEBUG c.z.f.t.m.TransactionMapper.findById     : ==>  Preparing: SELECT t.*, c.name as categoryName FROM transactions t LEFT JOIN categories c ON t.category_id = c.id WHERE t.id = ? AND t.user_id = ?
2026-05-12 09:26:50.338 [http-nio-8080-exec-8] DEBUG c.z.f.t.m.TransactionMapper.findById     : ==> Parameters: 31(Long), 1(Long)
2026-05-12 09:26:50.339 [http-nio-8080-exec-1] DEBUG c.z.f.t.m.UserMapper.findByUsername      : <==      Total: 1
2026-05-12 09:26:50.339 [http-nio-8080-exec-6] DEBUG c.z.f.t.m.UserMapper.findByUsername      : <==      Total: 1
2026-05-12 09:26:50.339 [http-nio-8080-exec-6] DEBUG c.z.f.t.m.TransactionMapper.findById     : ==>  Preparing: SELECT t.*, c.name as categoryName FROM transactions t LEFT JOIN categories c ON t.category_id = c.id WHERE t.id = ? AND t.user_id = ?
2026-05-12 09:26:50.340 [http-nio-8080-exec-8] DEBUG c.z.f.t.m.TransactionMapper.findById     : <==      Total: 1
2026-05-12 09:26:50.340 [http-nio-8080-exec-6] DEBUG c.z.f.t.m.TransactionMapper.findById     : ==> Parameters: 34(Long), 1(Long)
2026-05-12 09:26:50.340 [http-nio-8080-exec-8] DEBUG c.z.f.t.service.MinioStorageService      : Fetching from MinIO [object=transactions/tx_31_9133791b-dffe-4d7b-84bf-05ddc9ad6ee9.jpg]
2026-05-12 09:26:50.341 [http-nio-8080-exec-6] DEBUG c.z.f.t.m.TransactionMapper.findById     : <==      Total: 1
2026-05-12 09:26:50.341 [http-nio-8080-exec-6] DEBUG c.z.f.t.service.MinioStorageService      : Fetching from MinIO [object=transactions/tx_34_5a52ade7-c821-45c6-ab22-3102d0e4851c.jpg]
2026-05-12 09:26:50.349 [http-nio-8080-exec-8] DEBUG c.z.f.t.service.MinioStorageService      : Fetched 899766 bytes from MinIO [object=transactions/tx_31_9133791b-dffe-4d7b-84bf-05ddc9ad6ee9.jpg]
2026-05-12 09:26:50.350 [http-nio-8080-exec-6] DEBUG c.z.f.t.service.MinioStorageService      : Fetched 894934 bytes from MinIO [object=transactions/tx_34_5a52ade7-c821-45c6-ab22-3102d0e4851c.jpg]
2026-05-12 09:26:50.807 [http-nio-8080-exec-10] DEBUG c.z.f.t.filter.JwtAuthenticationFilter   : Authenticated [user=Andy, uri=/api/transactions/32/image]
2026-05-12 09:26:50.807 [http-nio-8080-exec-7] DEBUG c.z.f.t.filter.JwtAuthenticationFilter   : Authenticated [user=Andy, uri=/api/transactions/33/image]
2026-05-12 09:26:50.808 [http-nio-8080-exec-7] DEBUG c.z.f.t.m.UserMapper.findByUsername      : ==>  Preparing: SELECT * FROM users WHERE username = ?
2026-05-12 09:26:50.808 [http-nio-8080-exec-7] DEBUG c.z.f.t.m.UserMapper.findByUsername      : ==> Parameters: Andy(String)
2026-05-12 09:26:50.809 [http-nio-8080-exec-10] DEBUG c.z.f.t.m.UserMapper.findByUsername      : ==>  Preparing: SELECT * FROM users WHERE username = ?
2026-05-12 09:26:50.809 [http-nio-8080-exec-10] DEBUG c.z.f.t.m.UserMapper.findByUsername      : ==> Parameters: Andy(String)
2026-05-12 09:26:50.809 [http-nio-8080-exec-7] DEBUG c.z.f.t.m.UserMapper.findByUsername      : <==      Total: 1
2026-05-12 09:26:50.810 [http-nio-8080-exec-7] DEBUG c.z.f.t.m.TransactionMapper.findById     : ==>  Preparing: SELECT t.*, c.name as categoryName FROM transactions t LEFT JOIN categories c ON t.category_id = c.id WHERE t.id = ? AND t.user_id = ?
2026-05-12 09:26:50.810 [http-nio-8080-exec-10] DEBUG c.z.f.t.m.UserMapper.findByUsername      : <==      Total: 1
2026-05-12 09:26:50.810 [http-nio-8080-exec-7] DEBUG c.z.f.t.m.TransactionMapper.findById     : ==> Parameters: 33(Long), 1(Long)
2026-05-12 09:26:50.810 [http-nio-8080-exec-10] DEBUG c.z.f.t.m.TransactionMapper.findById     : ==>  Preparing: SELECT t.*, c.name as categoryName FROM transactions t LEFT JOIN categories c ON t.category_id = c.id WHERE t.id = ? AND t.user_id = ?
2026-05-12 09:26:50.811 [http-nio-8080-exec-10] DEBUG c.z.f.t.m.TransactionMapper.findById     : ==> Parameters: 32(Long), 1(Long)
2026-05-12 09:26:50.811 [http-nio-8080-exec-7] DEBUG c.z.f.t.m.TransactionMapper.findById     : <==      Total: 1
2026-05-12 09:26:50.812 [http-nio-8080-exec-7] DEBUG c.z.f.t.service.MinioStorageService      : Fetching from MinIO [object=transactions/tx_33_d538c701-cf2d-4e52-9974-7010187a4d7b.jpg]
2026-05-12 09:26:50.812 [http-nio-8080-exec-10] DEBUG c.z.f.t.m.TransactionMapper.findById     : <==      Total: 1
2026-05-12 09:26:50.812 [http-nio-8080-exec-10] DEBUG c.z.f.t.service.MinioStorageService      : Fetching from MinIO [object=transactions/tx_32_b4e7d9a8-0334-4d7c-866e-c52d5fd86c97.jpg]
2026-05-12 09:26:50.821 [http-nio-8080-exec-10] DEBUG c.z.f.t.service.MinioStorageService      : Fetched 894934 bytes from MinIO [object=transactions/tx_32_b4e7d9a8-0334-4d7c-866e-c52d5fd86c97.jpg]
2026-05-12 09:26:50.821 [http-nio-8080-exec-7] DEBUG c.z.f.t.service.MinioStorageService      : Fetched 894934 bytes from MinIO [object=transactions/tx_33_d538c701-cf2d-4e52-9974-7010187a4d7b.jpg]
2026-05-12 09:26:51.489 [http-nio-8080-exec-1] DEBUG c.z.f.t.filter.JwtAuthenticationFilter   : Authenticated [user=Andy, uri=/api/transactions/28/image]
2026-05-12 09:26:51.490 [http-nio-8080-exec-1] DEBUG c.z.f.t.m.UserMapper.findByUsername      : ==>  Preparing: SELECT * FROM users WHERE username = ?
2026-05-12 09:26:51.491 [http-nio-8080-exec-1] DEBUG c.z.f.t.m.UserMapper.findByUsername      : ==> Parameters: Andy(String)
2026-05-12 09:26:51.492 [http-nio-8080-exec-1] DEBUG c.z.f.t.m.UserMapper.findByUsername      : <==      Total: 1
2026-05-12 09:26:51.492 [http-nio-8080-exec-1] DEBUG c.z.f.t.m.TransactionMapper.findById     : ==>  Preparing: SELECT t.*, c.name as categoryName FROM transactions t LEFT JOIN categories c ON t.category_id = c.id WHERE t.id = ? AND t.user_id = ?
2026-05-12 09:26:51.492 [http-nio-8080-exec-1] DEBUG c.z.f.t.m.TransactionMapper.findById     : ==> Parameters: 28(Long), 1(Long)
2026-05-12 09:26:51.494 [http-nio-8080-exec-1] DEBUG c.z.f.t.m.TransactionMapper.findById     : <==      Total: 1
2026-05-12 09:26:51.494 [http-nio-8080-exec-1] DEBUG c.z.f.t.service.MinioStorageService      : Fetching from MinIO [object=transactions/tx_28_c602e60e-2fb0-4bac-a365-cee60c0093d0.jpg]
2026-05-12 09:26:51.501 [http-nio-8080-exec-1] DEBUG c.z.f.t.service.MinioStorageService      : Fetched 899766 bytes from MinIO [object=transactions/tx_28_c602e60e-2fb0-4bac-a365-cee60c0093d0.jpg]
2026-05-12 09:26:51.638 [http-nio-8080-exec-8] DEBUG c.z.f.t.filter.JwtAuthenticationFilter   : Authenticated [user=Andy, uri=/api/transactions/23/image]
2026-05-12 09:26:51.639 [http-nio-8080-exec-8] DEBUG c.z.f.t.m.UserMapper.findByUsername      : ==>  Preparing: SELECT * FROM users WHERE username = ?
2026-05-12 09:26:51.639 [http-nio-8080-exec-8] DEBUG c.z.f.t.m.UserMapper.findByUsername      : ==> Parameters: Andy(String)
2026-05-12 09:26:51.640 [http-nio-8080-exec-8] DEBUG c.z.f.t.m.UserMapper.findByUsername      : <==      Total: 1
2026-05-12 09:26:51.640 [http-nio-8080-exec-8] DEBUG c.z.f.t.m.TransactionMapper.findById     : ==>  Preparing: SELECT t.*, c.name as categoryName FROM transactions t LEFT JOIN categories c ON t.category_id = c.id WHERE t.id = ? AND t.user_id = ?
2026-05-12 09:26:51.640 [http-nio-8080-exec-8] DEBUG c.z.f.t.m.TransactionMapper.findById     : ==> Parameters: 23(Long), 1(Long)
2026-05-12 09:26:51.641 [http-nio-8080-exec-8] DEBUG c.z.f.t.m.TransactionMapper.findById     : <==      Total: 1
2026-05-12 09:26:51.641 [http-nio-8080-exec-8] DEBUG c.z.f.t.service.MinioStorageService      : Fetching from MinIO [object=transactions/tx_23_986c4de8-9af1-4032-9e43-f499a6d375a3.jpg]
2026-05-12 09:26:51.648 [http-nio-8080-exec-8] DEBUG c.z.f.t.service.MinioStorageService      : Fetched 866644 bytes from MinIO [object=transactions/tx_23_986c4de8-9af1-4032-9e43-f499a6d375a3.jpg]
2026-05-12 09:26:51.663 [http-nio-8080-exec-2] DEBUG c.z.f.t.filter.JwtAuthenticationFilter   : Authenticated [user=Andy, uri=/api/transactions/24/image]
2026-05-12 09:26:51.664 [http-nio-8080-exec-2] DEBUG c.z.f.t.m.UserMapper.findByUsername      : ==>  Preparing: SELECT * FROM users WHERE username = ?
2026-05-12 09:26:51.664 [http-nio-8080-exec-2] DEBUG c.z.f.t.m.UserMapper.findByUsername      : ==> Parameters: Andy(String)
2026-05-12 09:26:51.665 [http-nio-8080-exec-2] DEBUG c.z.f.t.m.UserMapper.findByUsername      : <==      Total: 1
2026-05-12 09:26:51.666 [http-nio-8080-exec-2] DEBUG c.z.f.t.m.TransactionMapper.findById     : ==>  Preparing: SELECT t.*, c.name as categoryName FROM transactions t LEFT JOIN categories c ON t.category_id = c.id WHERE t.id = ? AND t.user_id = ?
2026-05-12 09:26:51.666 [http-nio-8080-exec-2] DEBUG c.z.f.t.m.TransactionMapper.findById     : ==> Parameters: 24(Long), 1(Long)
2026-05-12 09:26:51.667 [http-nio-8080-exec-2] DEBUG c.z.f.t.m.TransactionMapper.findById     : <==      Total: 1
2026-05-12 09:26:51.667 [http-nio-8080-exec-2] DEBUG c.z.f.t.service.MinioStorageService      : Fetching from MinIO [object=transactions/tx_24_764aca22-00c8-46b3-aeae-ac1451af4fa5.jpg]
2026-05-12 09:26:51.674 [http-nio-8080-exec-2] DEBUG c.z.f.t.service.MinioStorageService      : Fetched 1353592 bytes from MinIO [object=transactions/tx_24_764aca22-00c8-46b3-aeae-ac1451af4fa5.jpg]
2026-05-12 09:26:52.488 [http-nio-8080-exec-10] DEBUG c.z.f.t.filter.JwtAuthenticationFilter   : Authenticated [user=Andy, uri=/api/transactions/31/image]
2026-05-12 09:26:52.490 [http-nio-8080-exec-10] DEBUG c.z.f.t.m.UserMapper.findByUsername      : ==>  Preparing: SELECT * FROM users WHERE username = ?
2026-05-12 09:26:52.490 [http-nio-8080-exec-10] DEBUG c.z.f.t.m.UserMapper.findByUsername      : ==> Parameters: Andy(String)
2026-05-12 09:26:52.491 [http-nio-8080-exec-10] DEBUG c.z.f.t.m.UserMapper.findByUsername      : <==      Total: 1
2026-05-12 09:26:52.492 [http-nio-8080-exec-10] DEBUG c.z.f.t.m.TransactionMapper.findById     : ==>  Preparing: SELECT t.*, c.name as categoryName FROM transactions t LEFT JOIN categories c ON t.category_id = c.id WHERE t.id = ? AND t.user_id = ?
2026-05-12 09:26:52.492 [http-nio-8080-exec-10] DEBUG c.z.f.t.m.TransactionMapper.findById     : ==> Parameters: 31(Long), 1(Long)
2026-05-12 09:26:52.493 [http-nio-8080-exec-10] DEBUG c.z.f.t.m.TransactionMapper.findById     : <==      Total: 1
2026-05-12 09:26:52.493 [http-nio-8080-exec-10] DEBUG c.z.f.t.service.MinioStorageService      : Fetching from MinIO [object=transactions/tx_31_9133791b-dffe-4d7b-84bf-05ddc9ad6ee9.jpg]
2026-05-12 09:26:52.499 [http-nio-8080-exec-10] DEBUG c.z.f.t.service.MinioStorageService      : Fetched 899766 bytes from MinIO [object=transactions/tx_31_9133791b-dffe-4d7b-84bf-05ddc9ad6ee9.jpg]
2026-05-12 09:26:53.680 [http-nio-8080-exec-4] DEBUG c.z.f.t.filter.JwtAuthenticationFilter   : Authenticated [user=Andy, uri=/api/transactions/23/image]
2026-05-12 09:26:53.682 [http-nio-8080-exec-4] DEBUG c.z.f.t.m.UserMapper.findByUsername      : ==>  Preparing: SELECT * FROM users WHERE username = ?
2026-05-12 09:26:53.682 [http-nio-8080-exec-4] DEBUG c.z.f.t.m.UserMapper.findByUsername      : ==> Parameters: Andy(String)
2026-05-12 09:26:53.683 [http-nio-8080-exec-4] DEBUG c.z.f.t.m.UserMapper.findByUsername      : <==      Total: 1
2026-05-12 09:26:53.683 [http-nio-8080-exec-4] DEBUG c.z.f.t.m.TransactionMapper.findById     : ==>  Preparing: SELECT t.*, c.name as categoryName FROM transactions t LEFT JOIN categories c ON t.category_id = c.id WHERE t.id = ? AND t.user_id = ?
2026-05-12 09:26:53.683 [http-nio-8080-exec-4] DEBUG c.z.f.t.m.TransactionMapper.findById     : ==> Parameters: 23(Long), 1(Long)
2026-05-12 09:26:53.684 [http-nio-8080-exec-4] DEBUG c.z.f.t.m.TransactionMapper.findById     : <==      Total: 1
2026-05-12 09:26:53.684 [http-nio-8080-exec-4] DEBUG c.z.f.t.service.MinioStorageService      : Fetching from MinIO [object=transactions/tx_23_986c4de8-9af1-4032-9e43-f499a6d375a3.jpg]
2026-05-12 09:26:53.691 [http-nio-8080-exec-4] DEBUG c.z.f.t.service.MinioStorageService      : Fetched 866644 bytes from MinIO [object=transactions/tx_23_986c4de8-9af1-4032-9e43-f499a6d375a3.jpg]
2026-05-12 09:26:54.392 [http-nio-8080-exec-1] DEBUG c.z.f.t.filter.JwtAuthenticationFilter   : Authenticated [user=Andy, uri=/api/transactions/23/image]
2026-05-12 09:26:54.393 [http-nio-8080-exec-1] DEBUG c.z.f.t.m.UserMapper.findByUsername      : ==>  Preparing: SELECT * FROM users WHERE username = ?
2026-05-12 09:26:54.393 [http-nio-8080-exec-1] DEBUG c.z.f.t.m.UserMapper.findByUsername      : ==> Parameters: Andy(String)
2026-05-12 09:26:54.394 [http-nio-8080-exec-1] DEBUG c.z.f.t.m.UserMapper.findByUsername      : <==      Total: 1
2026-05-12 09:26:54.395 [http-nio-8080-exec-1] DEBUG c.z.f.t.m.TransactionMapper.findById     : ==>  Preparing: SELECT t.*, c.name as categoryName FROM transactions t LEFT JOIN categories c ON t.category_id = c.id WHERE t.id = ? AND t.user_id = ?
2026-05-12 09:26:54.395 [http-nio-8080-exec-1] DEBUG c.z.f.t.m.TransactionMapper.findById     : ==> Parameters: 23(Long), 1(Long)
2026-05-12 09:26:54.396 [http-nio-8080-exec-1] DEBUG c.z.f.t.m.TransactionMapper.findById     : <==      Total: 1
2026-05-12 09:26:54.396 [http-nio-8080-exec-1] DEBUG c.z.f.t.service.MinioStorageService      : Fetching from MinIO [object=transactions/tx_23_986c4de8-9af1-4032-9e43-f499a6d375a3.jpg]
2026-05-12 09:26:54.402 [http-nio-8080-exec-1] DEBUG c.z.f.t.service.MinioStorageService      : Fetched 866644 bytes from MinIO [object=transactions/tx_23_986c4de8-9af1-4032-9e43-f499a6d375a3.jpg]
2026-05-12 09:26:56.344 [http-nio-8080-exec-8] DEBUG c.z.f.t.filter.JwtAuthenticationFilter   : Authenticated [user=Andy, uri=/api/transactions/31/image]
2026-05-12 09:26:56.345 [http-nio-8080-exec-8] DEBUG c.z.f.t.m.UserMapper.findByUsername      : ==>  Preparing: SELECT * FROM users WHERE username = ?
2026-05-12 09:26:56.345 [http-nio-8080-exec-8] DEBUG c.z.f.t.m.UserMapper.findByUsername      : ==> Parameters: Andy(String)
2026-05-12 09:26:56.346 [http-nio-8080-exec-8] DEBUG c.z.f.t.m.UserMapper.findByUsername      : <==      Total: 1
2026-05-12 09:26:56.346 [http-nio-8080-exec-8] DEBUG c.z.f.t.m.TransactionMapper.findById     : ==>  Preparing: SELECT t.*, c.name as categoryName FROM transactions t LEFT JOIN categories c ON t.category_id = c.id WHERE t.id = ? AND t.user_id = ?
2026-05-12 09:26:56.346 [http-nio-8080-exec-8] DEBUG c.z.f.t.m.TransactionMapper.findById     : ==> Parameters: 31(Long), 1(Long)
2026-05-12 09:26:56.347 [http-nio-8080-exec-8] DEBUG c.z.f.t.m.TransactionMapper.findById     : <==      Total: 1
2026-05-12 09:26:56.347 [http-nio-8080-exec-8] DEBUG c.z.f.t.service.MinioStorageService      : Fetching from MinIO [object=transactions/tx_31_9133791b-dffe-4d7b-84bf-05ddc9ad6ee9.jpg]
2026-05-12 09:26:56.353 [http-nio-8080-exec-8] DEBUG c.z.f.t.service.MinioStorageService      : Fetched 899766 bytes from MinIO [object=transactions/tx_31_9133791b-dffe-4d7b-84bf-05ddc9ad6ee9.jpg]
2026-05-12 09:26:56.422 [http-nio-8080-exec-2] DEBUG c.z.f.t.filter.JwtAuthenticationFilter   : Authenticated [user=Andy, uri=/api/transactions/33/image]
2026-05-12 09:26:56.423 [http-nio-8080-exec-2] DEBUG c.z.f.t.m.UserMapper.findByUsername      : ==>  Preparing: SELECT * FROM users WHERE username = ?
2026-05-12 09:26:56.423 [http-nio-8080-exec-2] DEBUG c.z.f.t.m.UserMapper.findByUsername      : ==> Parameters: Andy(String)
2026-05-12 09:26:56.424 [http-nio-8080-exec-2] DEBUG c.z.f.t.m.UserMapper.findByUsername      : <==      Total: 1
2026-05-12 09:26:56.425 [http-nio-8080-exec-2] DEBUG c.z.f.t.m.TransactionMapper.findById     : ==>  Preparing: SELECT t.*, c.name as categoryName FROM transactions t LEFT JOIN categories c ON t.category_id = c.id WHERE t.id = ? AND t.user_id = ?
2026-05-12 09:26:56.425 [http-nio-8080-exec-2] DEBUG c.z.f.t.m.TransactionMapper.findById     : ==> Parameters: 33(Long), 1(Long)
2026-05-12 09:26:56.426 [http-nio-8080-exec-2] DEBUG c.z.f.t.m.TransactionMapper.findById     : <==      Total: 1
2026-05-12 09:26:56.426 [http-nio-8080-exec-2] DEBUG c.z.f.t.service.MinioStorageService      : Fetching from MinIO [object=transactions/tx_33_d538c701-cf2d-4e52-9974-7010187a4d7b.jpg]
2026-05-12 09:26:56.432 [http-nio-8080-exec-2] DEBUG c.z.f.t.service.MinioStorageService      : Fetched 894934 bytes from MinIO [object=transactions/tx_33_d538c701-cf2d-4e52-9974-7010187a4d7b.jpg]
2026-05-12 09:26:56.449 [http-nio-8080-exec-10] DEBUG c.z.f.t.filter.JwtAuthenticationFilter   : Authenticated [user=Andy, uri=/api/transactions/32/image]
2026-05-12 09:26:56.449 [http-nio-8080-exec-7] DEBUG c.z.f.t.filter.JwtAuthenticationFilter   : Authenticated [user=Andy, uri=/api/transactions/34/image]
2026-05-12 09:26:56.450 [http-nio-8080-exec-10] DEBUG c.z.f.t.m.UserMapper.findByUsername      : ==>  Preparing: SELECT * FROM users WHERE username = ?
2026-05-12 09:26:56.450 [http-nio-8080-exec-7] DEBUG c.z.f.t.m.UserMapper.findByUsername      : ==>  Preparing: SELECT * FROM users WHERE username = ?
2026-05-12 09:26:56.450 [http-nio-8080-exec-10] DEBUG c.z.f.t.m.UserMapper.findByUsername      : ==> Parameters: Andy(String)
2026-05-12 09:26:56.450 [http-nio-8080-exec-7] DEBUG c.z.f.t.m.UserMapper.findByUsername      : ==> Parameters: Andy(String)
2026-05-12 09:26:56.451 [http-nio-8080-exec-10] DEBUG c.z.f.t.m.UserMapper.findByUsername      : <==      Total: 1
2026-05-12 09:26:56.451 [http-nio-8080-exec-7] DEBUG c.z.f.t.m.UserMapper.findByUsername      : <==      Total: 1
2026-05-12 09:26:56.451 [http-nio-8080-exec-10] DEBUG c.z.f.t.m.TransactionMapper.findById     : ==>  Preparing: SELECT t.*, c.name as categoryName FROM transactions t LEFT JOIN categories c ON t.category_id = c.id WHERE t.id = ? AND t.user_id = ?
2026-05-12 09:26:56.451 [http-nio-8080-exec-7] DEBUG c.z.f.t.m.TransactionMapper.findById     : ==>  Preparing: SELECT t.*, c.name as categoryName FROM transactions t LEFT JOIN categories c ON t.category_id = c.id WHERE t.id = ? AND t.user_id = ?
2026-05-12 09:26:56.451 [http-nio-8080-exec-7] DEBUG c.z.f.t.m.TransactionMapper.findById     : ==> Parameters: 34(Long), 1(Long)
2026-05-12 09:26:56.451 [http-nio-8080-exec-10] DEBUG c.z.f.t.m.TransactionMapper.findById     : ==> Parameters: 32(Long), 1(Long)
2026-05-12 09:26:56.453 [http-nio-8080-exec-10] DEBUG c.z.f.t.m.TransactionMapper.findById     : <==      Total: 1
2026-05-12 09:26:56.453 [http-nio-8080-exec-7] DEBUG c.z.f.t.m.TransactionMapper.findById     : <==      Total: 1
2026-05-12 09:26:56.453 [http-nio-8080-exec-10] DEBUG c.z.f.t.service.MinioStorageService      : Fetching from MinIO [object=transactions/tx_32_b4e7d9a8-0334-4d7c-866e-c52d5fd86c97.jpg]
2026-05-12 09:26:56.453 [http-nio-8080-exec-7] DEBUG c.z.f.t.service.MinioStorageService      : Fetching from MinIO [object=transactions/tx_34_5a52ade7-c821-45c6-ab22-3102d0e4851c.jpg]
2026-05-12 09:26:56.460 [http-nio-8080-exec-10] DEBUG c.z.f.t.service.MinioStorageService      : Fetched 894934 bytes from MinIO [object=transactions/tx_32_b4e7d9a8-0334-4d7c-866e-c52d5fd86c97.jpg]
2026-05-12 09:26:56.464 [http-nio-8080-exec-7] DEBUG c.z.f.t.service.MinioStorageService      : Fetched 894934 bytes from MinIO [object=transactions/tx_34_5a52ade7-c821-45c6-ab22-3102d0e4851c.jpg]
2026-05-12 09:27:00.836 [http-nio-8080-exec-1] DEBUG c.z.f.t.filter.JwtAuthenticationFilter   : Authenticated [user=Andy, uri=/api/profile]
2026-05-12 09:27:00.837 [http-nio-8080-exec-1] DEBUG c.z.f.t.m.UserMapper.findByUsername      : ==>  Preparing: SELECT * FROM users WHERE username = ?
2026-05-12 09:27:00.837 [http-nio-8080-exec-1] DEBUG c.z.f.t.m.UserMapper.findByUsername      : ==> Parameters: Andy(String)
2026-05-12 09:27:00.838 [http-nio-8080-exec-1] DEBUG c.z.f.t.m.UserMapper.findByUsername      : <==      Total: 1
2026-05-12 09:27:03.289 [http-nio-8080-exec-8] DEBUG c.z.f.t.filter.JwtAuthenticationFilter   : Authenticated [user=Andy, uri=/api/transactions/trends]
2026-05-12 09:27:03.291 [http-nio-8080-exec-8] DEBUG c.z.f.t.m.UserMapper.findByUsername      : ==>  Preparing: SELECT * FROM users WHERE username = ?
2026-05-12 09:27:03.291 [http-nio-8080-exec-8] DEBUG c.z.f.t.m.UserMapper.findByUsername      : ==> Parameters: Andy(String)
2026-05-12 09:27:03.292 [http-nio-8080-exec-8] DEBUG c.z.f.t.m.UserMapper.findByUsername      : <==      Total: 1
2026-05-12 09:27:04.461 [http-nio-8080-exec-2] DEBUG c.z.f.t.filter.JwtAuthenticationFilter   : Authenticated [user=Andy, uri=/api/profile]
2026-05-12 09:27:04.462 [http-nio-8080-exec-2] DEBUG c.z.f.t.m.UserMapper.findByUsername      : ==>  Preparing: SELECT * FROM users WHERE username = ?
2026-05-12 09:27:04.462 [http-nio-8080-exec-2] DEBUG c.z.f.t.m.UserMapper.findByUsername      : ==> Parameters: Andy(String)
2026-05-12 09:27:04.463 [http-nio-8080-exec-2] DEBUG c.z.f.t.m.UserMapper.findByUsername      : <==      Total: 1
2026-05-12 09:27:19.531 [http-nio-8080-exec-10] DEBUG c.z.f.t.filter.JwtAuthenticationFilter   : Authenticated [user=Andy, uri=/api/profile/avatar]
2026-05-12 09:27:19.577 [http-nio-8080-exec-10] DEBUG c.z.f.t.m.UserMapper.findByUsername      : ==>  Preparing: SELECT * FROM users WHERE username = ?
2026-05-12 09:27:19.578 [http-nio-8080-exec-10] DEBUG c.z.f.t.m.UserMapper.findByUsername      : ==> Parameters: Andy(String)
2026-05-12 09:27:19.579 [http-nio-8080-exec-10] DEBUG c.z.f.t.m.UserMapper.findByUsername      : <==      Total: 1
2026-05-12 09:27:19.587 [http-nio-8080-exec-10] INFO  c.z.f.t.service.MinioStorageService      : Deleted from MinIO [object=avatars/avatar_1_50ee9765-56a3-4d88-accb-6860179d936f.jpg]
2026-05-12 09:27:19.655 [http-nio-8080-exec-10] INFO  c.z.f.t.service.MinioStorageService      : Uploaded to MinIO [object=avatars/avatar_1_757382f5-a0cf-4680-98f3-3c97415fc2c7.jpg, size=1353592B, type=image/jpeg]
2026-05-12 09:27:19.657 [http-nio-8080-exec-10] DEBUG c.z.f.t.mapper.UserMapper.updateProfile  : ==>  Preparing: UPDATE users SET email = ?, profile_image_url = ? WHERE id = ?
2026-05-12 09:27:19.658 [http-nio-8080-exec-10] DEBUG c.z.f.t.mapper.UserMapper.updateProfile  : ==> Parameters: 1414351798@qq.com(String), avatars/avatar_1_757382f5-a0cf-4680-98f3-3c97415fc2c7.jpg(String), 1(Long)
2026-05-12 09:27:19.664 [http-nio-8080-exec-10] DEBUG c.z.f.t.mapper.UserMapper.updateProfile  : <==    Updates: 1
2026-05-12 09:27:19.664 [http-nio-8080-exec-10] INFO  c.z.f.t.controller.ProfileController     : Avatar uploaded [userId=1, object=avatars/avatar_1_757382f5-a0cf-4680-98f3-3c97415fc2c7.jpg]
2026-05-12 09:27:24.383 [http-nio-8080-exec-4] DEBUG c.z.f.t.filter.JwtAuthenticationFilter   : Authenticated [user=Andy, uri=/api/transactions/history]
2026-05-12 09:27:24.384 [http-nio-8080-exec-4] DEBUG c.z.f.t.m.UserMapper.findByUsername      : ==>  Preparing: SELECT * FROM users WHERE username = ?
2026-05-12 09:27:24.385 [http-nio-8080-exec-4] DEBUG c.z.f.t.m.UserMapper.findByUsername      : ==> Parameters: Andy(String)
2026-05-12 09:27:24.386 [http-nio-8080-exec-4] DEBUG c.z.f.t.m.UserMapper.findByUsername      : <==      Total: 1
2026-05-12 09:27:24.386 [http-nio-8080-exec-4] DEBUG c.z.f.t.m.T.findAllFiltered              : ==>  Preparing: SELECT t.*, c.name as categoryName FROM transactions t LEFT JOIN categories c ON t.category_id = c.id WHERE t.user_id = ? ORDER BY t.date DESC, t.id DESC LIMIT ? OFFSET ?
2026-05-12 09:27:24.387 [http-nio-8080-exec-4] DEBUG c.z.f.t.m.T.findAllFiltered              : ==> Parameters: 1(Long), 15(Integer), 0(Integer)
2026-05-12 09:27:24.389 [http-nio-8080-exec-4] DEBUG c.z.f.t.m.T.findAllFiltered              : <==      Total: 15
2026-05-12 09:27:24.389 [http-nio-8080-exec-4] DEBUG c.z.f.t.m.T.countFiltered                : ==>  Preparing: SELECT COUNT(*) FROM transactions t WHERE user_id = ?
2026-05-12 09:27:24.389 [http-nio-8080-exec-4] DEBUG c.z.f.t.m.T.countFiltered                : ==> Parameters: 1(Long)
2026-05-12 09:27:24.390 [http-nio-8080-exec-4] DEBUG c.z.f.t.m.T.countFiltered                : <==      Total: 1
2026-05-12 09:27:24.391 [http-nio-8080-exec-4] DEBUG c.z.f.t.c.TransactionController          : History query [userId=1, page=0, size=15, total=32]
2026-05-12 09:27:24.791 [http-nio-8080-exec-1] DEBUG c.z.f.t.filter.JwtAuthenticationFilter   : Authenticated [user=Andy, uri=/api/transactions/34/image]
2026-05-12 09:27:24.793 [http-nio-8080-exec-1] DEBUG c.z.f.t.m.UserMapper.findByUsername      : ==>  Preparing: SELECT * FROM users WHERE username = ?
2026-05-12 09:27:24.793 [http-nio-8080-exec-1] DEBUG c.z.f.t.m.UserMapper.findByUsername      : ==> Parameters: Andy(String)
2026-05-12 09:27:24.794 [http-nio-8080-exec-1] DEBUG c.z.f.t.m.UserMapper.findByUsername      : <==      Total: 1
2026-05-12 09:27:24.794 [http-nio-8080-exec-1] DEBUG c.z.f.t.m.TransactionMapper.findById     : ==>  Preparing: SELECT t.*, c.name as categoryName FROM transactions t LEFT JOIN categories c ON t.category_id = c.id WHERE t.id = ? AND t.user_id = ?
2026-05-12 09:27:24.795 [http-nio-8080-exec-1] DEBUG c.z.f.t.m.TransactionMapper.findById     : ==> Parameters: 34(Long), 1(Long)
2026-05-12 09:27:24.796 [http-nio-8080-exec-1] DEBUG c.z.f.t.m.TransactionMapper.findById     : <==      Total: 1
2026-05-12 09:27:24.796 [http-nio-8080-exec-1] DEBUG c.z.f.t.service.MinioStorageService      : Fetching from MinIO [object=transactions/tx_34_5a52ade7-c821-45c6-ab22-3102d0e4851c.jpg]
2026-05-12 09:27:24.802 [http-nio-8080-exec-1] DEBUG c.z.f.t.service.MinioStorageService      : Fetched 894934 bytes from MinIO [object=transactions/tx_34_5a52ade7-c821-45c6-ab22-3102d0e4851c.jpg]
2026-05-12 09:27:24.828 [http-nio-8080-exec-8] DEBUG c.z.f.t.filter.JwtAuthenticationFilter   : Authenticated [user=Andy, uri=/api/transactions/32/image]
2026-05-12 09:27:24.829 [http-nio-8080-exec-8] DEBUG c.z.f.t.m.UserMapper.findByUsername      : ==>  Preparing: SELECT * FROM users WHERE username = ?
2026-05-12 09:27:24.829 [http-nio-8080-exec-8] DEBUG c.z.f.t.m.UserMapper.findByUsername      : ==> Parameters: Andy(String)
2026-05-12 09:27:24.830 [http-nio-8080-exec-6] DEBUG c.z.f.t.filter.JwtAuthenticationFilter   : Authenticated [user=Andy, uri=/api/transactions/31/image]
2026-05-12 09:27:24.830 [http-nio-8080-exec-8] DEBUG c.z.f.t.m.UserMapper.findByUsername      : <==      Total: 1
2026-05-12 09:27:24.830 [http-nio-8080-exec-6] DEBUG c.z.f.t.m.UserMapper.findByUsername      : ==>  Preparing: SELECT * FROM users WHERE username = ?
2026-05-12 09:27:24.830 [http-nio-8080-exec-8] DEBUG c.z.f.t.m.TransactionMapper.findById     : ==>  Preparing: SELECT t.*, c.name as categoryName FROM transactions t LEFT JOIN categories c ON t.category_id = c.id WHERE t.id = ? AND t.user_id = ?
2026-05-12 09:27:24.830 [http-nio-8080-exec-6] DEBUG c.z.f.t.m.UserMapper.findByUsername      : ==> Parameters: Andy(String)
2026-05-12 09:27:24.831 [http-nio-8080-exec-8] DEBUG c.z.f.t.m.TransactionMapper.findById     : ==> Parameters: 32(Long), 1(Long)
2026-05-12 09:27:24.832 [http-nio-8080-exec-6] DEBUG c.z.f.t.m.UserMapper.findByUsername      : <==      Total: 1
2026-05-12 09:27:24.832 [http-nio-8080-exec-8] DEBUG c.z.f.t.m.TransactionMapper.findById     : <==      Total: 1
2026-05-12 09:27:24.832 [http-nio-8080-exec-8] DEBUG c.z.f.t.service.MinioStorageService      : Fetching from MinIO [object=transactions/tx_32_b4e7d9a8-0334-4d7c-866e-c52d5fd86c97.jpg]
2026-05-12 09:27:24.832 [http-nio-8080-exec-6] DEBUG c.z.f.t.m.TransactionMapper.findById     : ==>  Preparing: SELECT t.*, c.name as categoryName FROM transactions t LEFT JOIN categories c ON t.category_id = c.id WHERE t.id = ? AND t.user_id = ?
2026-05-12 09:27:24.832 [http-nio-8080-exec-6] DEBUG c.z.f.t.m.TransactionMapper.findById     : ==> Parameters: 31(Long), 1(Long)
2026-05-12 09:27:24.833 [http-nio-8080-exec-6] DEBUG c.z.f.t.m.TransactionMapper.findById     : <==      Total: 1
2026-05-12 09:27:24.833 [http-nio-8080-exec-6] DEBUG c.z.f.t.service.MinioStorageService      : Fetching from MinIO [object=transactions/tx_31_9133791b-dffe-4d7b-84bf-05ddc9ad6ee9.jpg]
2026-05-12 09:27:24.839 [http-nio-8080-exec-8] DEBUG c.z.f.t.service.MinioStorageService      : Fetched 894934 bytes from MinIO [object=transactions/tx_32_b4e7d9a8-0334-4d7c-866e-c52d5fd86c97.jpg]
2026-05-12 09:27:24.842 [http-nio-8080-exec-6] DEBUG c.z.f.t.service.MinioStorageService      : Fetched 899766 bytes from MinIO [object=transactions/tx_31_9133791b-dffe-4d7b-84bf-05ddc9ad6ee9.jpg]
2026-05-12 09:27:24.867 [http-nio-8080-exec-10] DEBUG c.z.f.t.filter.JwtAuthenticationFilter   : Authenticated [user=Andy, uri=/api/transactions/33/image]
2026-05-12 09:27:24.868 [http-nio-8080-exec-10] DEBUG c.z.f.t.m.UserMapper.findByUsername      : ==>  Preparing: SELECT * FROM users WHERE username = ?
2026-05-12 09:27:24.869 [http-nio-8080-exec-10] DEBUG c.z.f.t.m.UserMapper.findByUsername      : ==> Parameters: Andy(String)
2026-05-12 09:27:24.870 [http-nio-8080-exec-10] DEBUG c.z.f.t.m.UserMapper.findByUsername      : <==      Total: 1
2026-05-12 09:27:24.870 [http-nio-8080-exec-10] DEBUG c.z.f.t.m.TransactionMapper.findById     : ==>  Preparing: SELECT t.*, c.name as categoryName FROM transactions t LEFT JOIN categories c ON t.category_id = c.id WHERE t.id = ? AND t.user_id = ?
2026-05-12 09:27:24.870 [http-nio-8080-exec-10] DEBUG c.z.f.t.m.TransactionMapper.findById     : ==> Parameters: 33(Long), 1(Long)
2026-05-12 09:27:24.871 [http-nio-8080-exec-10] DEBUG c.z.f.t.m.TransactionMapper.findById     : <==      Total: 1
2026-05-12 09:27:24.871 [http-nio-8080-exec-10] DEBUG c.z.f.t.service.MinioStorageService      : Fetching from MinIO [object=transactions/tx_33_d538c701-cf2d-4e52-9974-7010187a4d7b.jpg]
2026-05-12 09:27:24.877 [http-nio-8080-exec-10] DEBUG c.z.f.t.service.MinioStorageService      : Fetched 894934 bytes from MinIO [object=transactions/tx_33_d538c701-cf2d-4e52-9974-7010187a4d7b.jpg]
2026-05-12 09:27:26.089 [http-nio-8080-exec-4] DEBUG c.z.f.t.filter.JwtAuthenticationFilter   : Authenticated [user=Andy, uri=/api/profile]
2026-05-12 09:27:26.091 [http-nio-8080-exec-4] DEBUG c.z.f.t.m.UserMapper.findByUsername      : ==>  Preparing: SELECT * FROM users WHERE username = ?
2026-05-12 09:27:26.091 [http-nio-8080-exec-4] DEBUG c.z.f.t.m.UserMapper.findByUsername      : ==> Parameters: Andy(String)
2026-05-12 09:27:26.092 [http-nio-8080-exec-4] DEBUG c.z.f.t.m.UserMapper.findByUsername      : <==      Total: 1
2026-05-12 09:27:32.674 [http-nio-8080-exec-1] DEBUG c.z.f.t.filter.JwtAuthenticationFilter   : Authenticated [user=Andy, uri=/api/transactions/history]
2026-05-12 09:27:32.675 [http-nio-8080-exec-1] DEBUG c.z.f.t.m.UserMapper.findByUsername      : ==>  Preparing: SELECT * FROM users WHERE username = ?
2026-05-12 09:27:32.675 [http-nio-8080-exec-1] DEBUG c.z.f.t.m.UserMapper.findByUsername      : ==> Parameters: Andy(String)
2026-05-12 09:27:32.676 [http-nio-8080-exec-1] DEBUG c.z.f.t.m.UserMapper.findByUsername      : <==      Total: 1
2026-05-12 09:27:32.677 [http-nio-8080-exec-1] DEBUG c.z.f.t.m.T.findAllFiltered              : ==>  Preparing: SELECT t.*, c.name as categoryName FROM transactions t LEFT JOIN categories c ON t.category_id = c.id WHERE t.user_id = ? ORDER BY t.date DESC, t.id DESC LIMIT ? OFFSET ?
2026-05-12 09:27:32.677 [http-nio-8080-exec-1] DEBUG c.z.f.t.m.T.findAllFiltered              : ==> Parameters: 1(Long), 15(Integer), 0(Integer)
2026-05-12 09:27:32.679 [http-nio-8080-exec-1] DEBUG c.z.f.t.m.T.findAllFiltered              : <==      Total: 15
2026-05-12 09:27:32.679 [http-nio-8080-exec-1] DEBUG c.z.f.t.m.T.countFiltered                : ==>  Preparing: SELECT COUNT(*) FROM transactions t WHERE user_id = ?
2026-05-12 09:27:32.679 [http-nio-8080-exec-1] DEBUG c.z.f.t.m.T.countFiltered                : ==> Parameters: 1(Long)
2026-05-12 09:27:32.680 [http-nio-8080-exec-1] DEBUG c.z.f.t.m.T.countFiltered                : <==      Total: 1
2026-05-12 09:27:32.680 [http-nio-8080-exec-1] DEBUG c.z.f.t.c.TransactionController          : History query [userId=1, page=0, size=15, total=32]
2026-05-12 09:27:32.839 [http-nio-8080-exec-8] DEBUG c.z.f.t.filter.JwtAuthenticationFilter   : Authenticated [user=Andy, uri=/api/categories]
2026-05-12 09:27:32.840 [http-nio-8080-exec-8] DEBUG c.z.f.t.m.UserMapper.findByUsername      : ==>  Preparing: SELECT * FROM users WHERE username = ?
2026-05-12 09:27:32.840 [http-nio-8080-exec-8] DEBUG c.z.f.t.m.UserMapper.findByUsername      : ==> Parameters: Andy(String)
2026-05-12 09:27:32.842 [http-nio-8080-exec-8] DEBUG c.z.f.t.m.UserMapper.findByUsername      : <==      Total: 1
2026-05-12 09:27:33.176 [http-nio-8080-exec-6] DEBUG c.z.f.t.filter.JwtAuthenticationFilter   : Authenticated [user=Andy, uri=/api/transactions/34/image]
2026-05-12 09:27:33.177 [http-nio-8080-exec-6] DEBUG c.z.f.t.m.UserMapper.findByUsername      : ==>  Preparing: SELECT * FROM users WHERE username = ?
2026-05-12 09:27:33.177 [http-nio-8080-exec-6] DEBUG c.z.f.t.m.UserMapper.findByUsername      : ==> Parameters: Andy(String)
2026-05-12 09:27:33.178 [http-nio-8080-exec-6] DEBUG c.z.f.t.m.UserMapper.findByUsername      : <==      Total: 1
2026-05-12 09:27:33.178 [http-nio-8080-exec-6] DEBUG c.z.f.t.m.TransactionMapper.findById     : ==>  Preparing: SELECT t.*, c.name as categoryName FROM transactions t LEFT JOIN categories c ON t.category_id = c.id WHERE t.id = ? AND t.user_id = ?
2026-05-12 09:27:33.179 [http-nio-8080-exec-6] DEBUG c.z.f.t.m.TransactionMapper.findById     : ==> Parameters: 34(Long), 1(Long)
2026-05-12 09:27:33.180 [http-nio-8080-exec-6] DEBUG c.z.f.t.m.TransactionMapper.findById     : <==      Total: 1
2026-05-12 09:27:33.180 [http-nio-8080-exec-6] DEBUG c.z.f.t.service.MinioStorageService      : Fetching from MinIO [object=transactions/tx_34_5a52ade7-c821-45c6-ab22-3102d0e4851c.jpg]
2026-05-12 09:27:33.186 [http-nio-8080-exec-6] DEBUG c.z.f.t.service.MinioStorageService      : Fetched 894934 bytes from MinIO [object=transactions/tx_34_5a52ade7-c821-45c6-ab22-3102d0e4851c.jpg]
2026-05-12 09:27:33.659 [http-nio-8080-exec-10] DEBUG c.z.f.t.filter.JwtAuthenticationFilter   : Authenticated [user=Andy, uri=/api/transactions/32/image]
2026-05-12 09:27:33.660 [http-nio-8080-exec-10] DEBUG c.z.f.t.m.UserMapper.findByUsername      : ==>  Preparing: SELECT * FROM users WHERE username = ?
2026-05-12 09:27:33.661 [http-nio-8080-exec-10] DEBUG c.z.f.t.m.UserMapper.findByUsername      : ==> Parameters: Andy(String)
2026-05-12 09:27:33.662 [http-nio-8080-exec-10] DEBUG c.z.f.t.m.UserMapper.findByUsername      : <==      Total: 1
2026-05-12 09:27:33.662 [http-nio-8080-exec-10] DEBUG c.z.f.t.m.TransactionMapper.findById     : ==>  Preparing: SELECT t.*, c.name as categoryName FROM transactions t LEFT JOIN categories c ON t.category_id = c.id WHERE t.id = ? AND t.user_id = ?
2026-05-12 09:27:33.662 [http-nio-8080-exec-10] DEBUG c.z.f.t.m.TransactionMapper.findById     : ==> Parameters: 32(Long), 1(Long)
2026-05-12 09:27:33.663 [http-nio-8080-exec-10] DEBUG c.z.f.t.m.TransactionMapper.findById     : <==      Total: 1
2026-05-12 09:27:33.663 [http-nio-8080-exec-10] DEBUG c.z.f.t.service.MinioStorageService      : Fetching from MinIO [object=transactions/tx_32_b4e7d9a8-0334-4d7c-866e-c52d5fd86c97.jpg]
2026-05-12 09:27:33.669 [http-nio-8080-exec-10] DEBUG c.z.f.t.service.MinioStorageService      : Fetched 894934 bytes from MinIO [object=transactions/tx_32_b4e7d9a8-0334-4d7c-866e-c52d5fd86c97.jpg]
2026-05-12 09:27:33.735 [http-nio-8080-exec-4] DEBUG c.z.f.t.filter.JwtAuthenticationFilter   : Authenticated [user=Andy, uri=/api/categories]
2026-05-12 09:27:33.735 [http-nio-8080-exec-5] DEBUG c.z.f.t.filter.JwtAuthenticationFilter   : Authenticated [user=Andy, uri=/api/transactions/33/image]
2026-05-12 09:27:33.735 [http-nio-8080-exec-1] DEBUG c.z.f.t.filter.JwtAuthenticationFilter   : Authenticated [user=Andy, uri=/api/transactions/31/image]
2026-05-12 09:27:33.736 [http-nio-8080-exec-1] DEBUG c.z.f.t.m.UserMapper.findByUsername      : ==>  Preparing: SELECT * FROM users WHERE username = ?
2026-05-12 09:27:33.736 [http-nio-8080-exec-1] DEBUG c.z.f.t.m.UserMapper.findByUsername      : ==> Parameters: Andy(String)
2026-05-12 09:27:33.736 [http-nio-8080-exec-4] DEBUG c.z.f.t.m.UserMapper.findByUsername      : ==>  Preparing: SELECT * FROM users WHERE username = ?
2026-05-12 09:27:33.736 [http-nio-8080-exec-5] DEBUG c.z.f.t.m.UserMapper.findByUsername      : ==>  Preparing: SELECT * FROM users WHERE username = ?
2026-05-12 09:27:33.736 [http-nio-8080-exec-4] DEBUG c.z.f.t.m.UserMapper.findByUsername      : ==> Parameters: Andy(String)
2026-05-12 09:27:33.736 [http-nio-8080-exec-5] DEBUG c.z.f.t.m.UserMapper.findByUsername      : ==> Parameters: Andy(String)
2026-05-12 09:27:33.737 [http-nio-8080-exec-1] DEBUG c.z.f.t.m.UserMapper.findByUsername      : <==      Total: 1
2026-05-12 09:27:33.737 [http-nio-8080-exec-1] DEBUG c.z.f.t.m.TransactionMapper.findById     : ==>  Preparing: SELECT t.*, c.name as categoryName FROM transactions t LEFT JOIN categories c ON t.category_id = c.id WHERE t.id = ? AND t.user_id = ?
2026-05-12 09:27:33.737 [http-nio-8080-exec-4] DEBUG c.z.f.t.m.UserMapper.findByUsername      : <==      Total: 1
2026-05-12 09:27:33.737 [http-nio-8080-exec-5] DEBUG c.z.f.t.m.UserMapper.findByUsername      : <==      Total: 1
2026-05-12 09:27:33.737 [http-nio-8080-exec-1] DEBUG c.z.f.t.m.TransactionMapper.findById     : ==> Parameters: 31(Long), 1(Long)
2026-05-12 09:27:33.737 [http-nio-8080-exec-5] DEBUG c.z.f.t.m.TransactionMapper.findById     : ==>  Preparing: SELECT t.*, c.name as categoryName FROM transactions t LEFT JOIN categories c ON t.category_id = c.id WHERE t.id = ? AND t.user_id = ?
2026-05-12 09:27:33.737 [http-nio-8080-exec-5] DEBUG c.z.f.t.m.TransactionMapper.findById     : ==> Parameters: 33(Long), 1(Long)
2026-05-12 09:27:33.738 [http-nio-8080-exec-1] DEBUG c.z.f.t.m.TransactionMapper.findById     : <==      Total: 1
2026-05-12 09:27:33.738 [http-nio-8080-exec-1] DEBUG c.z.f.t.service.MinioStorageService      : Fetching from MinIO [object=transactions/tx_31_9133791b-dffe-4d7b-84bf-05ddc9ad6ee9.jpg]
2026-05-12 09:27:33.738 [http-nio-8080-exec-5] DEBUG c.z.f.t.m.TransactionMapper.findById     : <==      Total: 1
2026-05-12 09:27:33.738 [http-nio-8080-exec-5] DEBUG c.z.f.t.service.MinioStorageService      : Fetching from MinIO [object=transactions/tx_33_d538c701-cf2d-4e52-9974-7010187a4d7b.jpg]
2026-05-12 09:27:33.743 [http-nio-8080-exec-1] DEBUG c.z.f.t.service.MinioStorageService      : Fetched 899766 bytes from MinIO [object=transactions/tx_31_9133791b-dffe-4d7b-84bf-05ddc9ad6ee9.jpg]
2026-05-12 09:27:33.745 [http-nio-8080-exec-5] DEBUG c.z.f.t.service.MinioStorageService      : Fetched 894934 bytes from MinIO [object=transactions/tx_33_d538c701-cf2d-4e52-9974-7010187a4d7b.jpg]
2026-05-12 09:27:34.710 [http-nio-8080-exec-6] DEBUG c.z.f.t.filter.JwtAuthenticationFilter   : Authenticated [user=Andy, uri=/api/profile]
2026-05-12 09:27:34.711 [http-nio-8080-exec-6] DEBUG c.z.f.t.m.UserMapper.findByUsername      : ==>  Preparing: SELECT * FROM users WHERE username = ?
2026-05-12 09:27:34.711 [http-nio-8080-exec-6] DEBUG c.z.f.t.m.UserMapper.findByUsername      : ==> Parameters: Andy(String)
2026-05-12 09:27:34.712 [http-nio-8080-exec-6] DEBUG c.z.f.t.m.UserMapper.findByUsername      : <==      Total: 1
2026-05-12 09:27:47.848 [http-nio-8080-exec-4] DEBUG c.z.f.t.filter.JwtAuthenticationFilter   : Authenticated [user=Andy, uri=/api/transactions/trends]
2026-05-12 09:27:47.849 [http-nio-8080-exec-4] DEBUG c.z.f.t.m.UserMapper.findByUsername      : ==>  Preparing: SELECT * FROM users WHERE username = ?
2026-05-12 09:27:47.850 [http-nio-8080-exec-4] DEBUG c.z.f.t.m.UserMapper.findByUsername      : ==> Parameters: Andy(String)
2026-05-12 09:27:47.851 [http-nio-8080-exec-4] DEBUG c.z.f.t.m.UserMapper.findByUsername      : <==      Total: 1
2026-05-12 09:27:48.615 [http-nio-8080-exec-1] DEBUG c.z.f.t.filter.JwtAuthenticationFilter   : Authenticated [user=Andy, uri=/api/transactions/trends]
2026-05-12 09:27:48.617 [http-nio-8080-exec-1] DEBUG c.z.f.t.m.UserMapper.findByUsername      : ==>  Preparing: SELECT * FROM users WHERE username = ?
2026-05-12 09:27:48.617 [http-nio-8080-exec-1] DEBUG c.z.f.t.m.UserMapper.findByUsername      : ==> Parameters: Andy(String)
2026-05-12 09:27:48.618 [http-nio-8080-exec-1] DEBUG c.z.f.t.m.UserMapper.findByUsername      : <==      Total: 1
2026-05-12 09:27:49.209 [http-nio-8080-exec-8] DEBUG c.z.f.t.filter.JwtAuthenticationFilter   : Authenticated [user=Andy, uri=/api/categories]
2026-05-12 09:27:49.211 [http-nio-8080-exec-8] DEBUG c.z.f.t.m.UserMapper.findByUsername      : ==>  Preparing: SELECT * FROM users WHERE username = ?
2026-05-12 09:27:49.211 [http-nio-8080-exec-8] DEBUG c.z.f.t.m.UserMapper.findByUsername      : ==> Parameters: Andy(String)
2026-05-12 09:27:49.212 [http-nio-8080-exec-8] DEBUG c.z.f.t.m.UserMapper.findByUsername      : <==      Total: 1
2026-05-12 09:27:49.301 [http-nio-8080-exec-6] DEBUG c.z.f.t.filter.JwtAuthenticationFilter   : Authenticated [user=Andy, uri=/api/transactions/history]
2026-05-12 09:27:49.302 [http-nio-8080-exec-6] DEBUG c.z.f.t.m.UserMapper.findByUsername      : ==>  Preparing: SELECT * FROM users WHERE username = ?
2026-05-12 09:27:49.302 [http-nio-8080-exec-6] DEBUG c.z.f.t.m.UserMapper.findByUsername      : ==> Parameters: Andy(String)
2026-05-12 09:27:49.304 [http-nio-8080-exec-6] DEBUG c.z.f.t.m.UserMapper.findByUsername      : <==      Total: 1
2026-05-12 09:27:49.304 [http-nio-8080-exec-6] DEBUG c.z.f.t.m.T.findAllFiltered              : ==>  Preparing: SELECT t.*, c.name as categoryName FROM transactions t LEFT JOIN categories c ON t.category_id = c.id WHERE t.user_id = ? ORDER BY t.date DESC, t.id DESC LIMIT ? OFFSET ?
2026-05-12 09:27:49.304 [http-nio-8080-exec-6] DEBUG c.z.f.t.m.T.findAllFiltered              : ==> Parameters: 1(Long), 15(Integer), 0(Integer)
2026-05-12 09:27:49.307 [http-nio-8080-exec-6] DEBUG c.z.f.t.m.T.findAllFiltered              : <==      Total: 15
2026-05-12 09:27:49.308 [http-nio-8080-exec-6] DEBUG c.z.f.t.m.T.countFiltered                : ==>  Preparing: SELECT COUNT(*) FROM transactions t WHERE user_id = ?
2026-05-12 09:27:49.308 [http-nio-8080-exec-6] DEBUG c.z.f.t.m.T.countFiltered                : ==> Parameters: 1(Long)
2026-05-12 09:27:49.310 [http-nio-8080-exec-6] DEBUG c.z.f.t.m.T.countFiltered                : <==      Total: 1
2026-05-12 09:27:49.310 [http-nio-8080-exec-6] DEBUG c.z.f.t.c.TransactionController          : History query [userId=1, page=0, size=15, total=32]
2026-05-12 09:27:49.837 [http-nio-8080-exec-10] DEBUG c.z.f.t.filter.JwtAuthenticationFilter   : Authenticated [user=Andy, uri=/api/transactions/32/image]
2026-05-12 09:27:49.837 [http-nio-8080-exec-7] DEBUG c.z.f.t.filter.JwtAuthenticationFilter   : Authenticated [user=Andy, uri=/api/transactions/34/image]
2026-05-12 09:27:49.837 [http-nio-8080-exec-3] DEBUG c.z.f.t.filter.JwtAuthenticationFilter   : Authenticated [user=Andy, uri=/api/transactions/31/image]
2026-05-12 09:27:49.837 [http-nio-8080-exec-4] DEBUG c.z.f.t.filter.JwtAuthenticationFilter   : Authenticated [user=Andy, uri=/api/transactions/33/image]
2026-05-12 09:27:49.838 [http-nio-8080-exec-10] DEBUG c.z.f.t.m.UserMapper.findByUsername      : ==>  Preparing: SELECT * FROM users WHERE username = ?
2026-05-12 09:27:49.838 [http-nio-8080-exec-7] DEBUG c.z.f.t.m.UserMapper.findByUsername      : ==>  Preparing: SELECT * FROM users WHERE username = ?
2026-05-12 09:27:49.838 [http-nio-8080-exec-10] DEBUG c.z.f.t.m.UserMapper.findByUsername      : ==> Parameters: Andy(String)
2026-05-12 09:27:49.838 [http-nio-8080-exec-7] DEBUG c.z.f.t.m.UserMapper.findByUsername      : ==> Parameters: Andy(String)
2026-05-12 09:27:49.839 [http-nio-8080-exec-4] DEBUG c.z.f.t.m.UserMapper.findByUsername      : ==>  Preparing: SELECT * FROM users WHERE username = ?
2026-05-12 09:27:49.839 [http-nio-8080-exec-3] DEBUG c.z.f.t.m.UserMapper.findByUsername      : ==>  Preparing: SELECT * FROM users WHERE username = ?
2026-05-12 09:27:49.839 [http-nio-8080-exec-4] DEBUG c.z.f.t.m.UserMapper.findByUsername      : ==> Parameters: Andy(String)
2026-05-12 09:27:49.839 [http-nio-8080-exec-3] DEBUG c.z.f.t.m.UserMapper.findByUsername      : ==> Parameters: Andy(String)
2026-05-12 09:27:49.839 [http-nio-8080-exec-7] DEBUG c.z.f.t.m.UserMapper.findByUsername      : <==      Total: 1
2026-05-12 09:27:49.839 [http-nio-8080-exec-10] DEBUG c.z.f.t.m.UserMapper.findByUsername      : <==      Total: 1
2026-05-12 09:27:49.840 [http-nio-8080-exec-7] DEBUG c.z.f.t.m.TransactionMapper.findById     : ==>  Preparing: SELECT t.*, c.name as categoryName FROM transactions t LEFT JOIN categories c ON t.category_id = c.id WHERE t.id = ? AND t.user_id = ?
2026-05-12 09:27:49.840 [http-nio-8080-exec-10] DEBUG c.z.f.t.m.TransactionMapper.findById     : ==>  Preparing: SELECT t.*, c.name as categoryName FROM transactions t LEFT JOIN categories c ON t.category_id = c.id WHERE t.id = ? AND t.user_id = ?
2026-05-12 09:27:49.840 [http-nio-8080-exec-3] DEBUG c.z.f.t.m.UserMapper.findByUsername      : <==      Total: 1
2026-05-12 09:27:49.840 [http-nio-8080-exec-4] DEBUG c.z.f.t.m.UserMapper.findByUsername      : <==      Total: 1
2026-05-12 09:27:49.840 [http-nio-8080-exec-7] DEBUG c.z.f.t.m.TransactionMapper.findById     : ==> Parameters: 34(Long), 1(Long)
2026-05-12 09:27:49.840 [http-nio-8080-exec-10] DEBUG c.z.f.t.m.TransactionMapper.findById     : ==> Parameters: 32(Long), 1(Long)
2026-05-12 09:27:49.840 [http-nio-8080-exec-3] DEBUG c.z.f.t.m.TransactionMapper.findById     : ==>  Preparing: SELECT t.*, c.name as categoryName FROM transactions t LEFT JOIN categories c ON t.category_id = c.id WHERE t.id = ? AND t.user_id = ?
2026-05-12 09:27:49.840 [http-nio-8080-exec-4] DEBUG c.z.f.t.m.TransactionMapper.findById     : ==>  Preparing: SELECT t.*, c.name as categoryName FROM transactions t LEFT JOIN categories c ON t.category_id = c.id WHERE t.id = ? AND t.user_id = ?
2026-05-12 09:27:49.840 [http-nio-8080-exec-3] DEBUG c.z.f.t.m.TransactionMapper.findById     : ==> Parameters: 31(Long), 1(Long)
2026-05-12 09:27:49.840 [http-nio-8080-exec-4] DEBUG c.z.f.t.m.TransactionMapper.findById     : ==> Parameters: 33(Long), 1(Long)
2026-05-12 09:27:49.841 [http-nio-8080-exec-7] DEBUG c.z.f.t.m.TransactionMapper.findById     : <==      Total: 1
2026-05-12 09:27:49.841 [http-nio-8080-exec-3] DEBUG c.z.f.t.m.TransactionMapper.findById     : <==      Total: 1
2026-05-12 09:27:49.841 [http-nio-8080-exec-10] DEBUG c.z.f.t.m.TransactionMapper.findById     : <==      Total: 1
2026-05-12 09:27:49.842 [http-nio-8080-exec-7] DEBUG c.z.f.t.service.MinioStorageService      : Fetching from MinIO [object=transactions/tx_34_5a52ade7-c821-45c6-ab22-3102d0e4851c.jpg]
2026-05-12 09:27:49.842 [http-nio-8080-exec-3] DEBUG c.z.f.t.service.MinioStorageService      : Fetching from MinIO [object=transactions/tx_31_9133791b-dffe-4d7b-84bf-05ddc9ad6ee9.jpg]
2026-05-12 09:27:49.842 [http-nio-8080-exec-10] DEBUG c.z.f.t.service.MinioStorageService      : Fetching from MinIO [object=transactions/tx_32_b4e7d9a8-0334-4d7c-866e-c52d5fd86c97.jpg]
2026-05-12 09:27:49.842 [http-nio-8080-exec-4] DEBUG c.z.f.t.m.TransactionMapper.findById     : <==      Total: 1
2026-05-12 09:27:49.842 [http-nio-8080-exec-4] DEBUG c.z.f.t.service.MinioStorageService      : Fetching from MinIO [object=transactions/tx_33_d538c701-cf2d-4e52-9974-7010187a4d7b.jpg]
2026-05-12 09:27:49.850 [http-nio-8080-exec-10] DEBUG c.z.f.t.service.MinioStorageService      : Fetched 894934 bytes from MinIO [object=transactions/tx_32_b4e7d9a8-0334-4d7c-866e-c52d5fd86c97.jpg]
2026-05-12 09:27:49.851 [http-nio-8080-exec-4] DEBUG c.z.f.t.service.MinioStorageService      : Fetched 894934 bytes from MinIO [object=transactions/tx_33_d538c701-cf2d-4e52-9974-7010187a4d7b.jpg]
2026-05-12 09:27:49.863 [http-nio-8080-exec-3] DEBUG c.z.f.t.service.MinioStorageService      : Fetched 899766 bytes from MinIO [object=transactions/tx_31_9133791b-dffe-4d7b-84bf-05ddc9ad6ee9.jpg]
2026-05-12 09:27:49.864 [http-nio-8080-exec-7] DEBUG c.z.f.t.service.MinioStorageService      : Fetched 894934 bytes from MinIO [object=transactions/tx_34_5a52ade7-c821-45c6-ab22-3102d0e4851c.jpg]
2026-05-12 09:27:50.097 [http-nio-8080-exec-6] DEBUG c.z.f.t.filter.JwtAuthenticationFilter   : Authenticated [user=Andy, uri=/api/categories]
2026-05-12 09:27:50.098 [http-nio-8080-exec-6] DEBUG c.z.f.t.m.UserMapper.findByUsername      : ==>  Preparing: SELECT * FROM users WHERE username = ?
2026-05-12 09:27:50.098 [http-nio-8080-exec-6] DEBUG c.z.f.t.m.UserMapper.findByUsername      : ==> Parameters: Andy(String)
2026-05-12 09:27:50.100 [http-nio-8080-exec-6] DEBUG c.z.f.t.m.UserMapper.findByUsername      : <==      Total: 1
2026-05-12 09:27:51.606 [http-nio-8080-exec-10] DEBUG c.z.f.t.filter.JwtAuthenticationFilter   : Authenticated [user=Andy, uri=/api/profile]
2026-05-12 09:27:51.607 [http-nio-8080-exec-10] DEBUG c.z.f.t.m.UserMapper.findByUsername      : ==>  Preparing: SELECT * FROM users WHERE username = ?
2026-05-12 09:27:51.607 [http-nio-8080-exec-10] DEBUG c.z.f.t.m.UserMapper.findByUsername      : ==> Parameters: Andy(String)
2026-05-12 09:27:51.608 [http-nio-8080-exec-10] DEBUG c.z.f.t.m.UserMapper.findByUsername      : <==      Total: 1
2026-05-12 09:28:30.361 [http-nio-8080-exec-1] DEBUG c.z.f.t.filter.JwtAuthenticationFilter   : Authenticated [user=Andy, uri=/api/transactions/summary]
2026-05-12 09:28:30.363 [http-nio-8080-exec-1] DEBUG c.z.f.t.m.UserMapper.findByUsername      : ==>  Preparing: SELECT * FROM users WHERE username = ?
2026-05-12 09:28:30.363 [http-nio-8080-exec-1] DEBUG c.z.f.t.m.UserMapper.findByUsername      : ==> Parameters: Andy(String)
2026-05-12 09:28:30.364 [http-nio-8080-exec-1] DEBUG c.z.f.t.m.UserMapper.findByUsername      : <==      Total: 1
2026-05-12 09:28:30.520 [http-nio-8080-exec-7] DEBUG c.z.f.t.filter.JwtAuthenticationFilter   : Authenticated [user=Andy, uri=/api/transactions/daily-trends]
2026-05-12 09:28:30.522 [http-nio-8080-exec-7] DEBUG c.z.f.t.m.UserMapper.findByUsername      : ==>  Preparing: SELECT * FROM users WHERE username = ?
2026-05-12 09:28:30.522 [http-nio-8080-exec-7] DEBUG c.z.f.t.m.UserMapper.findByUsername      : ==> Parameters: Andy(String)
2026-05-12 09:28:30.523 [http-nio-8080-exec-7] DEBUG c.z.f.t.m.UserMapper.findByUsername      : <==      Total: 1
2026-05-12 09:28:30.674 [http-nio-8080-exec-8] DEBUG c.z.f.t.filter.JwtAuthenticationFilter   : Authenticated [user=Andy, uri=/api/transactions/history]
2026-05-12 09:28:30.676 [http-nio-8080-exec-8] DEBUG c.z.f.t.m.UserMapper.findByUsername      : ==>  Preparing: SELECT * FROM users WHERE username = ?
2026-05-12 09:28:30.677 [http-nio-8080-exec-8] DEBUG c.z.f.t.m.UserMapper.findByUsername      : ==> Parameters: Andy(String)
2026-05-12 09:28:30.678 [http-nio-8080-exec-8] DEBUG c.z.f.t.m.UserMapper.findByUsername      : <==      Total: 1
2026-05-12 09:28:30.678 [http-nio-8080-exec-8] DEBUG c.z.f.t.m.T.findAllFiltered              : ==>  Preparing: SELECT t.*, c.name as categoryName FROM transactions t LEFT JOIN categories c ON t.category_id = c.id WHERE t.user_id = ? ORDER BY t.date DESC, t.id DESC LIMIT ? OFFSET ?
2026-05-12 09:28:30.678 [http-nio-8080-exec-8] DEBUG c.z.f.t.m.T.findAllFiltered              : ==> Parameters: 1(Long), 5(Integer), 0(Integer)
2026-05-12 09:28:30.680 [http-nio-8080-exec-8] DEBUG c.z.f.t.m.T.findAllFiltered              : <==      Total: 5
2026-05-12 09:28:30.681 [http-nio-8080-exec-8] DEBUG c.z.f.t.m.T.countFiltered                : ==>  Preparing: SELECT COUNT(*) FROM transactions t WHERE user_id = ?
2026-05-12 09:28:30.681 [http-nio-8080-exec-8] DEBUG c.z.f.t.m.T.countFiltered                : ==> Parameters: 1(Long)
2026-05-12 09:28:30.683 [http-nio-8080-exec-8] DEBUG c.z.f.t.m.T.countFiltered                : <==      Total: 1
2026-05-12 09:28:30.683 [http-nio-8080-exec-8] DEBUG c.z.f.t.c.TransactionController          : History query [userId=1, page=0, size=5, total=32]
2026-05-12 09:28:30.810 [http-nio-8080-exec-6] DEBUG c.z.f.t.filter.JwtAuthenticationFilter   : Authenticated [user=Andy, uri=/api/recurring/upcoming]
2026-05-12 09:28:30.811 [http-nio-8080-exec-6] DEBUG c.z.f.t.m.UserMapper.findByUsername      : ==>  Preparing: SELECT * FROM users WHERE username = ?
2026-05-12 09:28:30.811 [http-nio-8080-exec-6] DEBUG c.z.f.t.m.UserMapper.findByUsername      : ==> Parameters: Andy(String)
2026-05-12 09:28:30.813 [http-nio-8080-exec-6] DEBUG c.z.f.t.m.UserMapper.findByUsername      : <==      Total: 1
2026-05-12 09:28:30.813 [http-nio-8080-exec-6] DEBUG c.z.f.t.m.RecurringMapper.findUpcoming   : ==>  Preparing: SELECT r.*, c.name as categoryName FROM recurring_transactions r LEFT JOIN categories c ON r.category_id = c.id WHERE r.user_id = ? AND r.is_active = TRUE AND r.next_due_date <= DATE_ADD(CURDATE(), INTERVAL ? DAY) ORDER BY r.next_due_date ASC
2026-05-12 09:28:30.813 [http-nio-8080-exec-6] DEBUG c.z.f.t.m.RecurringMapper.findUpcoming   : ==> Parameters: 1(Long), 7(Integer)
2026-05-12 09:28:30.815 [http-nio-8080-exec-6] DEBUG c.z.f.t.m.RecurringMapper.findUpcoming   : <==      Total: 0
2026-05-12 09:28:34.097 [http-nio-8080-exec-10] DEBUG c.z.f.t.filter.JwtAuthenticationFilter   : Authenticated [user=Andy, uri=/api/categories]
2026-05-12 09:28:34.100 [http-nio-8080-exec-10] DEBUG c.z.f.t.m.UserMapper.findByUsername      : ==>  Preparing: SELECT * FROM users WHERE username = ?
2026-05-12 09:28:34.100 [http-nio-8080-exec-10] DEBUG c.z.f.t.m.UserMapper.findByUsername      : ==> Parameters: Andy(String)
2026-05-12 09:28:34.101 [http-nio-8080-exec-10] DEBUG c.z.f.t.m.UserMapper.findByUsername      : <==      Total: 1
2026-05-12 09:28:34.201 [http-nio-8080-exec-1] DEBUG c.z.f.t.filter.JwtAuthenticationFilter   : Authenticated [user=Andy, uri=/api/transactions/history]
2026-05-12 09:28:34.203 [http-nio-8080-exec-1] DEBUG c.z.f.t.m.UserMapper.findByUsername      : ==>  Preparing: SELECT * FROM users WHERE username = ?
2026-05-12 09:28:34.203 [http-nio-8080-exec-1] DEBUG c.z.f.t.m.UserMapper.findByUsername      : ==> Parameters: Andy(String)
2026-05-12 09:28:34.205 [http-nio-8080-exec-1] DEBUG c.z.f.t.m.UserMapper.findByUsername      : <==      Total: 1
2026-05-12 09:28:34.205 [http-nio-8080-exec-1] DEBUG c.z.f.t.m.T.findAllFiltered              : ==>  Preparing: SELECT t.*, c.name as categoryName FROM transactions t LEFT JOIN categories c ON t.category_id = c.id WHERE t.user_id = ? ORDER BY t.date DESC, t.id DESC LIMIT ? OFFSET ?
2026-05-12 09:28:34.206 [http-nio-8080-exec-1] DEBUG c.z.f.t.m.T.findAllFiltered              : ==> Parameters: 1(Long), 15(Integer), 0(Integer)
2026-05-12 09:28:34.210 [http-nio-8080-exec-1] DEBUG c.z.f.t.m.T.findAllFiltered              : <==      Total: 15
2026-05-12 09:28:34.210 [http-nio-8080-exec-1] DEBUG c.z.f.t.m.T.countFiltered                : ==>  Preparing: SELECT COUNT(*) FROM transactions t WHERE user_id = ?
2026-05-12 09:28:34.211 [http-nio-8080-exec-1] DEBUG c.z.f.t.m.T.countFiltered                : ==> Parameters: 1(Long)
2026-05-12 09:28:34.212 [http-nio-8080-exec-1] DEBUG c.z.f.t.m.T.countFiltered                : <==      Total: 1
2026-05-12 09:28:34.213 [http-nio-8080-exec-1] DEBUG c.z.f.t.c.TransactionController          : History query [userId=1, page=0, size=15, total=32]
2026-05-12 09:28:34.300 [http-nio-8080-exec-7] DEBUG c.z.f.t.filter.JwtAuthenticationFilter   : Authenticated [user=Andy, uri=/api/categories]
2026-05-12 09:28:34.302 [http-nio-8080-exec-7] DEBUG c.z.f.t.m.UserMapper.findByUsername      : ==>  Preparing: SELECT * FROM users WHERE username = ?
2026-05-12 09:28:34.303 [http-nio-8080-exec-7] DEBUG c.z.f.t.m.UserMapper.findByUsername      : ==> Parameters: Andy(String)
2026-05-12 09:28:34.304 [http-nio-8080-exec-7] DEBUG c.z.f.t.m.UserMapper.findByUsername      : <==      Total: 1
2026-05-12 09:28:34.730 [http-nio-8080-exec-8] DEBUG c.z.f.t.filter.JwtAuthenticationFilter   : Authenticated [user=Andy, uri=/api/transactions/34/image]
2026-05-12 09:28:34.731 [http-nio-8080-exec-8] DEBUG c.z.f.t.m.UserMapper.findByUsername      : ==>  Preparing: SELECT * FROM users WHERE username = ?
2026-05-12 09:28:34.732 [http-nio-8080-exec-8] DEBUG c.z.f.t.m.UserMapper.findByUsername      : ==> Parameters: Andy(String)
2026-05-12 09:28:34.733 [http-nio-8080-exec-8] DEBUG c.z.f.t.m.UserMapper.findByUsername      : <==      Total: 1
2026-05-12 09:28:34.734 [http-nio-8080-exec-8] DEBUG c.z.f.t.m.TransactionMapper.findById     : ==>  Preparing: SELECT t.*, c.name as categoryName FROM transactions t LEFT JOIN categories c ON t.category_id = c.id WHERE t.id = ? AND t.user_id = ?
2026-05-12 09:28:34.734 [http-nio-8080-exec-8] DEBUG c.z.f.t.m.TransactionMapper.findById     : ==> Parameters: 34(Long), 1(Long)
2026-05-12 09:28:34.736 [http-nio-8080-exec-8] DEBUG c.z.f.t.m.TransactionMapper.findById     : <==      Total: 1
2026-05-12 09:28:34.736 [http-nio-8080-exec-8] DEBUG c.z.f.t.service.MinioStorageService      : Fetching from MinIO [object=transactions/tx_34_5a52ade7-c821-45c6-ab22-3102d0e4851c.jpg]
2026-05-12 09:28:34.752 [http-nio-8080-exec-8] DEBUG c.z.f.t.service.MinioStorageService      : Fetched 894934 bytes from MinIO [object=transactions/tx_34_5a52ade7-c821-45c6-ab22-3102d0e4851c.jpg]
2026-05-12 09:28:34.780 [http-nio-8080-exec-6] DEBUG c.z.f.t.filter.JwtAuthenticationFilter   : Authenticated [user=Andy, uri=/api/transactions/33/image]
2026-05-12 09:28:34.781 [http-nio-8080-exec-6] DEBUG c.z.f.t.m.UserMapper.findByUsername      : ==>  Preparing: SELECT * FROM users WHERE username = ?
2026-05-12 09:28:34.782 [http-nio-8080-exec-6] DEBUG c.z.f.t.m.UserMapper.findByUsername      : ==> Parameters: Andy(String)
2026-05-12 09:28:34.784 [http-nio-8080-exec-6] DEBUG c.z.f.t.m.UserMapper.findByUsername      : <==      Total: 1
2026-05-12 09:28:34.784 [http-nio-8080-exec-6] DEBUG c.z.f.t.m.TransactionMapper.findById     : ==>  Preparing: SELECT t.*, c.name as categoryName FROM transactions t LEFT JOIN categories c ON t.category_id = c.id WHERE t.id = ? AND t.user_id = ?
2026-05-12 09:28:34.784 [http-nio-8080-exec-6] DEBUG c.z.f.t.m.TransactionMapper.findById     : ==> Parameters: 33(Long), 1(Long)
2026-05-12 09:28:34.787 [http-nio-8080-exec-6] DEBUG c.z.f.t.m.TransactionMapper.findById     : <==      Total: 1
2026-05-12 09:28:34.787 [http-nio-8080-exec-6] DEBUG c.z.f.t.service.MinioStorageService      : Fetching from MinIO [object=transactions/tx_33_d538c701-cf2d-4e52-9974-7010187a4d7b.jpg]
2026-05-12 09:28:34.800 [http-nio-8080-exec-6] DEBUG c.z.f.t.service.MinioStorageService      : Fetched 894934 bytes from MinIO [object=transactions/tx_33_d538c701-cf2d-4e52-9974-7010187a4d7b.jpg]
2026-05-12 09:28:34.915 [http-nio-8080-exec-10] DEBUG c.z.f.t.filter.JwtAuthenticationFilter   : Authenticated [user=Andy, uri=/api/transactions/32/image]
2026-05-12 09:28:34.917 [http-nio-8080-exec-10] DEBUG c.z.f.t.m.UserMapper.findByUsername      : ==>  Preparing: SELECT * FROM users WHERE username = ?
2026-05-12 09:28:34.917 [http-nio-8080-exec-10] DEBUG c.z.f.t.m.UserMapper.findByUsername      : ==> Parameters: Andy(String)
2026-05-12 09:28:34.919 [http-nio-8080-exec-10] DEBUG c.z.f.t.m.UserMapper.findByUsername      : <==      Total: 1
2026-05-12 09:28:34.919 [http-nio-8080-exec-10] DEBUG c.z.f.t.m.TransactionMapper.findById     : ==>  Preparing: SELECT t.*, c.name as categoryName FROM transactions t LEFT JOIN categories c ON t.category_id = c.id WHERE t.id = ? AND t.user_id = ?
2026-05-12 09:28:34.920 [http-nio-8080-exec-10] DEBUG c.z.f.t.m.TransactionMapper.findById     : ==> Parameters: 32(Long), 1(Long)
2026-05-12 09:28:34.921 [http-nio-8080-exec-10] DEBUG c.z.f.t.m.TransactionMapper.findById     : <==      Total: 1
2026-05-12 09:28:34.921 [http-nio-8080-exec-10] DEBUG c.z.f.t.service.MinioStorageService      : Fetching from MinIO [object=transactions/tx_32_b4e7d9a8-0334-4d7c-866e-c52d5fd86c97.jpg]
2026-05-12 09:28:34.930 [http-nio-8080-exec-10] DEBUG c.z.f.t.service.MinioStorageService      : Fetched 894934 bytes from MinIO [object=transactions/tx_32_b4e7d9a8-0334-4d7c-866e-c52d5fd86c97.jpg]
2026-05-12 09:28:35.021 [http-nio-8080-exec-1] DEBUG c.z.f.t.filter.JwtAuthenticationFilter   : Authenticated [user=Andy, uri=/api/transactions/31/image]
2026-05-12 09:28:35.021 [http-nio-8080-exec-1] DEBUG c.z.f.t.m.UserMapper.findByUsername      : ==>  Preparing: SELECT * FROM users WHERE username = ?
2026-05-12 09:28:35.022 [http-nio-8080-exec-1] DEBUG c.z.f.t.m.UserMapper.findByUsername      : ==> Parameters: Andy(String)
2026-05-12 09:28:35.024 [http-nio-8080-exec-1] DEBUG c.z.f.t.m.UserMapper.findByUsername      : <==      Total: 1
2026-05-12 09:28:35.024 [http-nio-8080-exec-1] DEBUG c.z.f.t.m.TransactionMapper.findById     : ==>  Preparing: SELECT t.*, c.name as categoryName FROM transactions t LEFT JOIN categories c ON t.category_id = c.id WHERE t.id = ? AND t.user_id = ?
2026-05-12 09:28:35.024 [http-nio-8080-exec-1] DEBUG c.z.f.t.m.TransactionMapper.findById     : ==> Parameters: 31(Long), 1(Long)
2026-05-12 09:28:35.026 [http-nio-8080-exec-1] DEBUG c.z.f.t.m.TransactionMapper.findById     : <==      Total: 1
2026-05-12 09:28:35.027 [http-nio-8080-exec-1] DEBUG c.z.f.t.service.MinioStorageService      : Fetching from MinIO [object=transactions/tx_31_9133791b-dffe-4d7b-84bf-05ddc9ad6ee9.jpg]
2026-05-12 09:28:35.036 [http-nio-8080-exec-1] DEBUG c.z.f.t.service.MinioStorageService      : Fetched 899766 bytes from MinIO [object=transactions/tx_31_9133791b-dffe-4d7b-84bf-05ddc9ad6ee9.jpg]
2026-05-12 09:28:35.080 [http-nio-8080-exec-7] DEBUG c.z.f.t.filter.JwtAuthenticationFilter   : Authenticated [user=Andy, uri=/api/transactions/30/image]
2026-05-12 09:28:35.081 [http-nio-8080-exec-7] DEBUG c.z.f.t.m.UserMapper.findByUsername      : ==>  Preparing: SELECT * FROM users WHERE username = ?
2026-05-12 09:28:35.081 [http-nio-8080-exec-7] DEBUG c.z.f.t.m.UserMapper.findByUsername      : ==> Parameters: Andy(String)
2026-05-12 09:28:35.083 [http-nio-8080-exec-7] DEBUG c.z.f.t.m.UserMapper.findByUsername      : <==      Total: 1
2026-05-12 09:28:35.084 [http-nio-8080-exec-7] DEBUG c.z.f.t.m.TransactionMapper.findById     : ==>  Preparing: SELECT t.*, c.name as categoryName FROM transactions t LEFT JOIN categories c ON t.category_id = c.id WHERE t.id = ? AND t.user_id = ?
2026-05-12 09:28:35.084 [http-nio-8080-exec-7] DEBUG c.z.f.t.m.TransactionMapper.findById     : ==> Parameters: 30(Long), 1(Long)
2026-05-12 09:28:35.086 [http-nio-8080-exec-7] DEBUG c.z.f.t.m.TransactionMapper.findById     : <==      Total: 1
2026-05-12 09:28:35.087 [http-nio-8080-exec-7] DEBUG c.z.f.t.service.MinioStorageService      : Fetching from MinIO [object=transactions/tx_30_6ec29c0d-e9f8-419c-a92f-cf622a2f63f2.jpg]
2026-05-12 09:28:35.092 [http-nio-8080-exec-7] DEBUG c.z.f.t.service.MinioStorageService      : Fetched 30972 bytes from MinIO [object=transactions/tx_30_6ec29c0d-e9f8-419c-a92f-cf622a2f63f2.jpg]
2026-05-12 09:28:35.203 [http-nio-8080-exec-8] DEBUG c.z.f.t.filter.JwtAuthenticationFilter   : Authenticated [user=Andy, uri=/api/transactions/29/image]
2026-05-12 09:28:35.204 [http-nio-8080-exec-8] DEBUG c.z.f.t.m.UserMapper.findByUsername      : ==>  Preparing: SELECT * FROM users WHERE username = ?
2026-05-12 09:28:35.204 [http-nio-8080-exec-8] DEBUG c.z.f.t.m.UserMapper.findByUsername      : ==> Parameters: Andy(String)
2026-05-12 09:28:35.206 [http-nio-8080-exec-8] DEBUG c.z.f.t.m.UserMapper.findByUsername      : <==      Total: 1
2026-05-12 09:28:35.206 [http-nio-8080-exec-8] DEBUG c.z.f.t.m.TransactionMapper.findById     : ==>  Preparing: SELECT t.*, c.name as categoryName FROM transactions t LEFT JOIN categories c ON t.category_id = c.id WHERE t.id = ? AND t.user_id = ?
2026-05-12 09:28:35.206 [http-nio-8080-exec-8] DEBUG c.z.f.t.m.TransactionMapper.findById     : ==> Parameters: 29(Long), 1(Long)
2026-05-12 09:28:35.208 [http-nio-8080-exec-8] DEBUG c.z.f.t.m.TransactionMapper.findById     : <==      Total: 1
2026-05-12 09:28:35.209 [http-nio-8080-exec-8] DEBUG c.z.f.t.service.MinioStorageService      : Fetching from MinIO [object=transactions/tx_29_b889f510-b781-4ea9-b387-5002b32483d9.jpg]
2026-05-12 09:28:35.214 [http-nio-8080-exec-8] DEBUG c.z.f.t.service.MinioStorageService      : Fetched 30972 bytes from MinIO [object=transactions/tx_29_b889f510-b781-4ea9-b387-5002b32483d9.jpg]
2026-05-12 09:28:36.782 [http-nio-8080-exec-6] DEBUG c.z.f.t.filter.JwtAuthenticationFilter   : Authenticated [user=Andy, uri=/api/transactions/28/image]
2026-05-12 09:28:36.784 [http-nio-8080-exec-6] DEBUG c.z.f.t.m.UserMapper.findByUsername      : ==>  Preparing: SELECT * FROM users WHERE username = ?
2026-05-12 09:28:36.784 [http-nio-8080-exec-6] DEBUG c.z.f.t.m.UserMapper.findByUsername      : ==> Parameters: Andy(String)
2026-05-12 09:28:36.785 [http-nio-8080-exec-6] DEBUG c.z.f.t.m.UserMapper.findByUsername      : <==      Total: 1
2026-05-12 09:28:36.785 [http-nio-8080-exec-6] DEBUG c.z.f.t.m.TransactionMapper.findById     : ==>  Preparing: SELECT t.*, c.name as categoryName FROM transactions t LEFT JOIN categories c ON t.category_id = c.id WHERE t.id = ? AND t.user_id = ?
2026-05-12 09:28:36.785 [http-nio-8080-exec-6] DEBUG c.z.f.t.m.TransactionMapper.findById     : ==> Parameters: 28(Long), 1(Long)
2026-05-12 09:28:36.787 [http-nio-8080-exec-6] DEBUG c.z.f.t.m.TransactionMapper.findById     : <==      Total: 1
2026-05-12 09:28:36.787 [http-nio-8080-exec-6] DEBUG c.z.f.t.service.MinioStorageService      : Fetching from MinIO [object=transactions/tx_28_c602e60e-2fb0-4bac-a365-cee60c0093d0.jpg]
2026-05-12 09:28:36.793 [http-nio-8080-exec-6] DEBUG c.z.f.t.service.MinioStorageService      : Fetched 899766 bytes from MinIO [object=transactions/tx_28_c602e60e-2fb0-4bac-a365-cee60c0093d0.jpg]
2026-05-12 09:28:36.891 [http-nio-8080-exec-10] DEBUG c.z.f.t.filter.JwtAuthenticationFilter   : Authenticated [user=Andy, uri=/api/transactions/24/image]
2026-05-12 09:28:36.892 [http-nio-8080-exec-10] DEBUG c.z.f.t.m.UserMapper.findByUsername      : ==>  Preparing: SELECT * FROM users WHERE username = ?
2026-05-12 09:28:36.892 [http-nio-8080-exec-10] DEBUG c.z.f.t.m.UserMapper.findByUsername      : ==> Parameters: Andy(String)
2026-05-12 09:28:36.894 [http-nio-8080-exec-10] DEBUG c.z.f.t.m.UserMapper.findByUsername      : <==      Total: 1
2026-05-12 09:28:36.894 [http-nio-8080-exec-10] DEBUG c.z.f.t.m.TransactionMapper.findById     : ==>  Preparing: SELECT t.*, c.name as categoryName FROM transactions t LEFT JOIN categories c ON t.category_id = c.id WHERE t.id = ? AND t.user_id = ?
2026-05-12 09:28:36.894 [http-nio-8080-exec-10] DEBUG c.z.f.t.m.TransactionMapper.findById     : ==> Parameters: 24(Long), 1(Long)
2026-05-12 09:28:36.895 [http-nio-8080-exec-10] DEBUG c.z.f.t.m.TransactionMapper.findById     : <==      Total: 1
2026-05-12 09:28:36.895 [http-nio-8080-exec-10] DEBUG c.z.f.t.service.MinioStorageService      : Fetching from MinIO [object=transactions/tx_24_764aca22-00c8-46b3-aeae-ac1451af4fa5.jpg]
2026-05-12 09:28:36.903 [http-nio-8080-exec-10] DEBUG c.z.f.t.service.MinioStorageService      : Fetched 1353592 bytes from MinIO [object=transactions/tx_24_764aca22-00c8-46b3-aeae-ac1451af4fa5.jpg]
2026-05-12 09:28:36.936 [http-nio-8080-exec-1] DEBUG c.z.f.t.filter.JwtAuthenticationFilter   : Authenticated [user=Andy, uri=/api/transactions/23/image]
2026-05-12 09:28:36.937 [http-nio-8080-exec-1] DEBUG c.z.f.t.m.UserMapper.findByUsername      : ==>  Preparing: SELECT * FROM users WHERE username = ?
2026-05-12 09:28:36.937 [http-nio-8080-exec-1] DEBUG c.z.f.t.m.UserMapper.findByUsername      : ==> Parameters: Andy(String)
2026-05-12 09:28:36.938 [http-nio-8080-exec-1] DEBUG c.z.f.t.m.UserMapper.findByUsername      : <==      Total: 1
2026-05-12 09:28:36.939 [http-nio-8080-exec-1] DEBUG c.z.f.t.m.TransactionMapper.findById     : ==>  Preparing: SELECT t.*, c.name as categoryName FROM transactions t LEFT JOIN categories c ON t.category_id = c.id WHERE t.id = ? AND t.user_id = ?
2026-05-12 09:28:36.939 [http-nio-8080-exec-1] DEBUG c.z.f.t.m.TransactionMapper.findById     : ==> Parameters: 23(Long), 1(Long)
2026-05-12 09:28:36.940 [http-nio-8080-exec-1] DEBUG c.z.f.t.m.TransactionMapper.findById     : <==      Total: 1
2026-05-12 09:28:36.940 [http-nio-8080-exec-1] DEBUG c.z.f.t.service.MinioStorageService      : Fetching from MinIO [object=transactions/tx_23_986c4de8-9af1-4032-9e43-f499a6d375a3.jpg]
2026-05-12 09:28:36.948 [http-nio-8080-exec-1] DEBUG c.z.f.t.service.MinioStorageService      : Fetched 866644 bytes from MinIO [object=transactions/tx_23_986c4de8-9af1-4032-9e43-f499a6d375a3.jpg]
2026-05-12 09:28:46.207 [http-nio-8080-exec-7] DEBUG c.z.f.t.filter.JwtAuthenticationFilter   : Authenticated [user=Andy, uri=/api/transactions/history]
2026-05-12 09:28:46.210 [http-nio-8080-exec-7] DEBUG c.z.f.t.m.UserMapper.findByUsername      : ==>  Preparing: SELECT * FROM users WHERE username = ?
2026-05-12 09:28:46.210 [http-nio-8080-exec-7] DEBUG c.z.f.t.m.UserMapper.findByUsername      : ==> Parameters: Andy(String)
2026-05-12 09:28:46.212 [http-nio-8080-exec-7] DEBUG c.z.f.t.m.UserMapper.findByUsername      : <==      Total: 1
2026-05-12 09:28:46.212 [http-nio-8080-exec-7] DEBUG c.z.f.t.m.T.findAllFiltered              : ==>  Preparing: SELECT t.*, c.name as categoryName FROM transactions t LEFT JOIN categories c ON t.category_id = c.id WHERE t.user_id = ? ORDER BY t.date DESC, t.id DESC LIMIT ? OFFSET ?
2026-05-12 09:28:46.213 [http-nio-8080-exec-7] DEBUG c.z.f.t.m.T.findAllFiltered              : ==> Parameters: 1(Long), 15(Integer), 15(Integer)
2026-05-12 09:28:46.217 [http-nio-8080-exec-7] DEBUG c.z.f.t.m.T.findAllFiltered              : <==      Total: 15
2026-05-12 09:28:46.218 [http-nio-8080-exec-7] DEBUG c.z.f.t.m.T.countFiltered                : ==>  Preparing: SELECT COUNT(*) FROM transactions t WHERE user_id = ?
2026-05-12 09:28:46.218 [http-nio-8080-exec-7] DEBUG c.z.f.t.m.T.countFiltered                : ==> Parameters: 1(Long)
2026-05-12 09:28:46.220 [http-nio-8080-exec-7] DEBUG c.z.f.t.m.T.countFiltered                : <==      Total: 1
2026-05-12 09:28:46.220 [http-nio-8080-exec-7] DEBUG c.z.f.t.c.TransactionController          : History query [userId=1, page=1, size=15, total=32]
2026-05-12 09:28:49.919 [http-nio-8080-exec-8] DEBUG c.z.f.t.filter.JwtAuthenticationFilter   : Authenticated [user=Andy, uri=/api/transactions/history]
2026-05-12 09:28:49.920 [http-nio-8080-exec-8] DEBUG c.z.f.t.m.UserMapper.findByUsername      : ==>  Preparing: SELECT * FROM users WHERE username = ?
2026-05-12 09:28:49.920 [http-nio-8080-exec-8] DEBUG c.z.f.t.m.UserMapper.findByUsername      : ==> Parameters: Andy(String)
2026-05-12 09:28:49.921 [http-nio-8080-exec-8] DEBUG c.z.f.t.m.UserMapper.findByUsername      : <==      Total: 1
2026-05-12 09:28:49.921 [http-nio-8080-exec-8] DEBUG c.z.f.t.m.T.findAllFiltered              : ==>  Preparing: SELECT t.*, c.name as categoryName FROM transactions t LEFT JOIN categories c ON t.category_id = c.id WHERE t.user_id = ? ORDER BY t.date DESC, t.id DESC LIMIT ? OFFSET ?
2026-05-12 09:28:49.922 [http-nio-8080-exec-8] DEBUG c.z.f.t.m.T.findAllFiltered              : ==> Parameters: 1(Long), 15(Integer), 30(Integer)
2026-05-12 09:28:49.923 [http-nio-8080-exec-8] DEBUG c.z.f.t.m.T.findAllFiltered              : <==      Total: 2
2026-05-12 09:28:49.923 [http-nio-8080-exec-8] DEBUG c.z.f.t.m.T.countFiltered                : ==>  Preparing: SELECT COUNT(*) FROM transactions t WHERE user_id = ?
2026-05-12 09:28:49.923 [http-nio-8080-exec-8] DEBUG c.z.f.t.m.T.countFiltered                : ==> Parameters: 1(Long)
2026-05-12 09:28:49.924 [http-nio-8080-exec-8] DEBUG c.z.f.t.m.T.countFiltered                : <==      Total: 1
2026-05-12 09:28:49.924 [http-nio-8080-exec-8] DEBUG c.z.f.t.c.TransactionController          : History query [userId=1, page=2, size=15, total=32]
2026-05-12 09:29:44.872 [http-nio-8080-exec-6] DEBUG c.z.f.t.filter.JwtAuthenticationFilter   : Authenticated [user=Andy, uri=/api/transactions/summary]
2026-05-12 09:29:44.874 [http-nio-8080-exec-6] DEBUG c.z.f.t.m.UserMapper.findByUsername      : ==>  Preparing: SELECT * FROM users WHERE username = ?
2026-05-12 09:29:44.874 [http-nio-8080-exec-6] DEBUG c.z.f.t.m.UserMapper.findByUsername      : ==> Parameters: Andy(String)
2026-05-12 09:29:44.875 [http-nio-8080-exec-6] DEBUG c.z.f.t.m.UserMapper.findByUsername      : <==      Total: 1
2026-05-12 09:29:44.876 [http-nio-8080-exec-6] DEBUG c.z.f.t.m.T.getTotalBalance              : ==>  Preparing: SELECT COALESCE( SUM(CASE WHEN type = 'INCOME' THEN amount ELSE ABS(amount) * -1 END), 0 ) FROM transactions WHERE user_id = ?
2026-05-12 09:29:44.877 [http-nio-8080-exec-6] DEBUG c.z.f.t.m.T.getTotalBalance              : ==> Parameters: 1(Long)
2026-05-12 09:29:44.878 [http-nio-8080-exec-6] DEBUG c.z.f.t.m.T.getTotalBalance              : <==      Total: 1
2026-05-12 09:29:44.878 [http-nio-8080-exec-6] DEBUG c.z.f.t.m.T.getMonthlyBalance            : ==>  Preparing: SELECT SUM(CASE WHEN type = 'INCOME' THEN amount ELSE 0 END) as income, SUM(CASE WHEN type = 'EXPENSE' THEN ABS(amount) ELSE 0 END) as expense, SUM(CASE WHEN type = 'INCOME' THEN amount ELSE ABS(amount) * -1 END) as net FROM transactions WHERE user_id = ? AND DATE_FORMAT(date, '%Y-%m') = ?
2026-05-12 09:29:44.879 [http-nio-8080-exec-6] DEBUG c.z.f.t.m.T.getMonthlyBalance            : ==> Parameters: 1(Long), 2026-05(String)
2026-05-12 09:29:44.880 [http-nio-8080-exec-6] DEBUG c.z.f.t.m.T.getMonthlyBalance            : <==      Total: 1
2026-05-12 09:29:44.880 [http-nio-8080-exec-6] DEBUG c.z.f.t.m.T.getIncomeVsExpense           : ==>  Preparing: SELECT SUM(CASE WHEN type = 'INCOME' THEN amount ELSE 0 END) as totalIncome, SUM(CASE WHEN type = 'EXPENSE' THEN ABS(amount) ELSE 0 END) as totalExpense FROM transactions WHERE user_id = ?
2026-05-12 09:29:44.881 [http-nio-8080-exec-6] DEBUG c.z.f.t.m.T.getIncomeVsExpense           : ==> Parameters: 1(Long)
2026-05-12 09:29:44.882 [http-nio-8080-exec-6] DEBUG c.z.f.t.m.T.getIncomeVsExpense           : <==      Total: 1
2026-05-12 09:29:44.882 [http-nio-8080-exec-6] DEBUG c.z.f.t.m.T.getCategorySummary           : ==>  Preparing: SELECT c.name as name, SUM(ABS(t.amount)) as value FROM transactions t INNER JOIN categories c ON t.category_id = c.id WHERE t.user_id = ? AND t.type = ? GROUP BY c.name
2026-05-12 09:29:44.883 [http-nio-8080-exec-6] DEBUG c.z.f.t.m.T.getCategorySummary           : ==> Parameters: 1(Long), INCOME(String)
2026-05-12 09:29:44.884 [http-nio-8080-exec-6] DEBUG c.z.f.t.m.T.getCategorySummary           : <==      Total: 4
2026-05-12 09:29:44.884 [http-nio-8080-exec-6] DEBUG c.z.f.t.m.T.getCategorySummary           : ==>  Preparing: SELECT c.name as name, SUM(ABS(t.amount)) as value FROM transactions t INNER JOIN categories c ON t.category_id = c.id WHERE t.user_id = ? AND t.type = ? GROUP BY c.name
2026-05-12 09:29:44.884 [http-nio-8080-exec-6] DEBUG c.z.f.t.m.T.getCategorySummary           : ==> Parameters: 1(Long), EXPENSE(String)
2026-05-12 09:29:44.886 [http-nio-8080-exec-6] DEBUG c.z.f.t.m.T.getCategorySummary           : <==      Total: 7
2026-05-12 09:29:45.473 [http-nio-8080-exec-10] DEBUG c.z.f.t.filter.JwtAuthenticationFilter   : Authenticated [user=Andy, uri=/api/transactions/daily-trends]
2026-05-12 09:29:45.474 [http-nio-8080-exec-10] DEBUG c.z.f.t.m.UserMapper.findByUsername      : ==>  Preparing: SELECT * FROM users WHERE username = ?
2026-05-12 09:29:45.474 [http-nio-8080-exec-10] DEBUG c.z.f.t.m.UserMapper.findByUsername      : ==> Parameters: Andy(String)
2026-05-12 09:29:45.475 [http-nio-8080-exec-10] DEBUG c.z.f.t.m.UserMapper.findByUsername      : <==      Total: 1
2026-05-12 09:29:45.477 [http-nio-8080-exec-10] DEBUG c.z.f.t.m.T.getDailyTrends               : ==>  Preparing: SELECT DATE(t.date) as date, SUM(CASE WHEN t.type = 'INCOME' THEN t.amount ELSE 0 END) as income, SUM(CASE WHEN t.type = 'EXPENSE' THEN t.amount ELSE 0 END) as expense FROM transactions t WHERE t.user_id = ? AND t.date >= DATE_SUB(CURDATE(), INTERVAL ? DAY) GROUP BY DATE(t.date) ORDER BY date ASC
2026-05-12 09:29:45.477 [http-nio-8080-exec-10] DEBUG c.z.f.t.m.T.getDailyTrends               : ==> Parameters: 1(Long), 30(Integer)
2026-05-12 09:29:45.479 [http-nio-8080-exec-10] DEBUG c.z.f.t.m.T.getDailyTrends               : <==      Total: 11
2026-05-12 09:29:45.888 [http-nio-8080-exec-1] DEBUG c.z.f.t.filter.JwtAuthenticationFilter   : Authenticated [user=Andy, uri=/api/transactions/history]
2026-05-12 09:29:45.889 [http-nio-8080-exec-1] DEBUG c.z.f.t.m.UserMapper.findByUsername      : ==>  Preparing: SELECT * FROM users WHERE username = ?
2026-05-12 09:29:45.890 [http-nio-8080-exec-1] DEBUG c.z.f.t.m.UserMapper.findByUsername      : ==> Parameters: Andy(String)
2026-05-12 09:29:45.891 [http-nio-8080-exec-1] DEBUG c.z.f.t.m.UserMapper.findByUsername      : <==      Total: 1
2026-05-12 09:29:45.891 [http-nio-8080-exec-1] DEBUG c.z.f.t.m.T.findAllFiltered              : ==>  Preparing: SELECT t.*, c.name as categoryName FROM transactions t LEFT JOIN categories c ON t.category_id = c.id WHERE t.user_id = ? ORDER BY t.date DESC, t.id DESC LIMIT ? OFFSET ?
2026-05-12 09:29:45.891 [http-nio-8080-exec-1] DEBUG c.z.f.t.m.T.findAllFiltered              : ==> Parameters: 1(Long), 5(Integer), 0(Integer)
2026-05-12 09:29:45.893 [http-nio-8080-exec-1] DEBUG c.z.f.t.m.T.findAllFiltered              : <==      Total: 5
2026-05-12 09:29:45.893 [http-nio-8080-exec-1] DEBUG c.z.f.t.m.T.countFiltered                : ==>  Preparing: SELECT COUNT(*) FROM transactions t WHERE user_id = ?
2026-05-12 09:29:45.894 [http-nio-8080-exec-1] DEBUG c.z.f.t.m.T.countFiltered                : ==> Parameters: 1(Long)
2026-05-12 09:29:45.895 [http-nio-8080-exec-1] DEBUG c.z.f.t.m.T.countFiltered                : <==      Total: 1
2026-05-12 09:29:45.895 [http-nio-8080-exec-1] DEBUG c.z.f.t.c.TransactionController          : History query [userId=1, page=0, size=5, total=32]
2026-05-12 09:29:46.299 [http-nio-8080-exec-7] DEBUG c.z.f.t.filter.JwtAuthenticationFilter   : Authenticated [user=Andy, uri=/api/recurring/upcoming]
2026-05-12 09:29:46.302 [http-nio-8080-exec-7] DEBUG c.z.f.t.m.UserMapper.findByUsername      : ==>  Preparing: SELECT * FROM users WHERE username = ?
2026-05-12 09:29:46.303 [http-nio-8080-exec-7] DEBUG c.z.f.t.m.UserMapper.findByUsername      : ==> Parameters: Andy(String)
2026-05-12 09:29:46.305 [http-nio-8080-exec-7] DEBUG c.z.f.t.m.UserMapper.findByUsername      : <==      Total: 1
2026-05-12 09:29:46.305 [http-nio-8080-exec-7] DEBUG c.z.f.t.m.RecurringMapper.findUpcoming   : ==>  Preparing: SELECT r.*, c.name as categoryName FROM recurring_transactions r LEFT JOIN categories c ON r.category_id = c.id WHERE r.user_id = ? AND r.is_active = TRUE AND r.next_due_date <= DATE_ADD(CURDATE(), INTERVAL ? DAY) ORDER BY r.next_due_date ASC
2026-05-12 09:29:46.306 [http-nio-8080-exec-7] DEBUG c.z.f.t.m.RecurringMapper.findUpcoming   : ==> Parameters: 1(Long), 7(Integer)
2026-05-12 09:29:46.309 [http-nio-8080-exec-7] DEBUG c.z.f.t.m.RecurringMapper.findUpcoming   : <==      Total: 0
2026-05-12 09:29:49.501 [http-nio-8080-exec-8] DEBUG c.z.f.t.filter.JwtAuthenticationFilter   : Authenticated [user=Andy, uri=/api/categories]
2026-05-12 09:29:49.503 [http-nio-8080-exec-8] DEBUG c.z.f.t.m.UserMapper.findByUsername      : ==>  Preparing: SELECT * FROM users WHERE username = ?
2026-05-12 09:29:49.504 [http-nio-8080-exec-8] DEBUG c.z.f.t.m.UserMapper.findByUsername      : ==> Parameters: Andy(String)
2026-05-12 09:29:49.507 [http-nio-8080-exec-8] DEBUG c.z.f.t.m.UserMapper.findByUsername      : <==      Total: 1
2026-05-12 09:29:49.661 [http-nio-8080-exec-6] DEBUG c.z.f.t.filter.JwtAuthenticationFilter   : Authenticated [user=Andy, uri=/api/transactions/history]
2026-05-12 09:29:49.664 [http-nio-8080-exec-6] DEBUG c.z.f.t.m.UserMapper.findByUsername      : ==>  Preparing: SELECT * FROM users WHERE username = ?
2026-05-12 09:29:49.664 [http-nio-8080-exec-6] DEBUG c.z.f.t.m.UserMapper.findByUsername      : ==> Parameters: Andy(String)
2026-05-12 09:29:49.667 [http-nio-8080-exec-6] DEBUG c.z.f.t.m.UserMapper.findByUsername      : <==      Total: 1
2026-05-12 09:29:49.668 [http-nio-8080-exec-6] DEBUG c.z.f.t.m.T.findAllFiltered              : ==>  Preparing: SELECT t.*, c.name as categoryName FROM transactions t LEFT JOIN categories c ON t.category_id = c.id WHERE t.user_id = ? ORDER BY t.date DESC, t.id DESC LIMIT ? OFFSET ?
2026-05-12 09:29:49.668 [http-nio-8080-exec-6] DEBUG c.z.f.t.m.T.findAllFiltered              : ==> Parameters: 1(Long), 15(Integer), 0(Integer)
2026-05-12 09:29:49.672 [http-nio-8080-exec-6] DEBUG c.z.f.t.m.T.findAllFiltered              : <==      Total: 15
2026-05-12 09:29:49.673 [http-nio-8080-exec-6] DEBUG c.z.f.t.m.T.countFiltered                : ==>  Preparing: SELECT COUNT(*) FROM transactions t WHERE user_id = ?
2026-05-12 09:29:49.673 [http-nio-8080-exec-6] DEBUG c.z.f.t.m.T.countFiltered                : ==> Parameters: 1(Long)
2026-05-12 09:29:49.675 [http-nio-8080-exec-6] DEBUG c.z.f.t.m.T.countFiltered                : <==      Total: 1
2026-05-12 09:29:49.675 [http-nio-8080-exec-6] DEBUG c.z.f.t.c.TransactionController          : History query [userId=1, page=0, size=15, total=32]
2026-05-12 09:29:50.239 [http-nio-8080-exec-10] DEBUG c.z.f.t.filter.JwtAuthenticationFilter   : Authenticated [user=Andy, uri=/api/categories]
2026-05-12 09:29:50.240 [http-nio-8080-exec-10] DEBUG c.z.f.t.m.UserMapper.findByUsername      : ==>  Preparing: SELECT * FROM users WHERE username = ?
2026-05-12 09:29:50.240 [http-nio-8080-exec-10] DEBUG c.z.f.t.m.UserMapper.findByUsername      : ==> Parameters: Andy(String)
2026-05-12 09:29:50.241 [http-nio-8080-exec-10] DEBUG c.z.f.t.m.UserMapper.findByUsername      : <==      Total: 1
2026-05-12 09:29:50.716 [http-nio-8080-exec-1] DEBUG c.z.f.t.filter.JwtAuthenticationFilter   : Authenticated [user=Andy, uri=/api/transactions/34/image]
2026-05-12 09:29:50.717 [http-nio-8080-exec-1] DEBUG c.z.f.t.m.UserMapper.findByUsername      : ==>  Preparing: SELECT * FROM users WHERE username = ?
2026-05-12 09:29:50.717 [http-nio-8080-exec-1] DEBUG c.z.f.t.m.UserMapper.findByUsername      : ==> Parameters: Andy(String)
2026-05-12 09:29:50.718 [http-nio-8080-exec-1] DEBUG c.z.f.t.m.UserMapper.findByUsername      : <==      Total: 1
2026-05-12 09:29:50.719 [http-nio-8080-exec-1] DEBUG c.z.f.t.m.TransactionMapper.findById     : ==>  Preparing: SELECT t.*, c.name as categoryName FROM transactions t LEFT JOIN categories c ON t.category_id = c.id WHERE t.id = ? AND t.user_id = ?
2026-05-12 09:29:50.719 [http-nio-8080-exec-1] DEBUG c.z.f.t.m.TransactionMapper.findById     : ==> Parameters: 34(Long), 1(Long)
2026-05-12 09:29:50.720 [http-nio-8080-exec-1] DEBUG c.z.f.t.m.TransactionMapper.findById     : <==      Total: 1
2026-05-12 09:29:50.721 [http-nio-8080-exec-1] DEBUG c.z.f.t.service.MinioStorageService      : Fetching from MinIO [object=transactions/tx_34_5a52ade7-c821-45c6-ab22-3102d0e4851c.jpg]
2026-05-12 09:29:50.734 [http-nio-8080-exec-1] DEBUG c.z.f.t.service.MinioStorageService      : Fetched 894934 bytes from MinIO [object=transactions/tx_34_5a52ade7-c821-45c6-ab22-3102d0e4851c.jpg]
2026-05-12 09:29:50.887 [http-nio-8080-exec-7] DEBUG c.z.f.t.filter.JwtAuthenticationFilter   : Authenticated [user=Andy, uri=/api/transactions/33/image]
2026-05-12 09:29:50.887 [http-nio-8080-exec-5] DEBUG c.z.f.t.filter.JwtAuthenticationFilter   : Authenticated [user=Andy, uri=/api/transactions/31/image]
2026-05-12 09:29:50.888 [http-nio-8080-exec-5] DEBUG c.z.f.t.m.UserMapper.findByUsername      : ==>  Preparing: SELECT * FROM users WHERE username = ?
2026-05-12 09:29:50.888 [http-nio-8080-exec-7] DEBUG c.z.f.t.m.UserMapper.findByUsername      : ==>  Preparing: SELECT * FROM users WHERE username = ?
2026-05-12 09:29:50.888 [http-nio-8080-exec-7] DEBUG c.z.f.t.m.UserMapper.findByUsername      : ==> Parameters: Andy(String)
2026-05-12 09:29:50.888 [http-nio-8080-exec-5] DEBUG c.z.f.t.m.UserMapper.findByUsername      : ==> Parameters: Andy(String)
2026-05-12 09:29:50.889 [http-nio-8080-exec-5] DEBUG c.z.f.t.m.UserMapper.findByUsername      : <==      Total: 1
2026-05-12 09:29:50.889 [http-nio-8080-exec-7] DEBUG c.z.f.t.m.UserMapper.findByUsername      : <==      Total: 1
2026-05-12 09:29:50.890 [http-nio-8080-exec-7] DEBUG c.z.f.t.m.TransactionMapper.findById     : ==>  Preparing: SELECT t.*, c.name as categoryName FROM transactions t LEFT JOIN categories c ON t.category_id = c.id WHERE t.id = ? AND t.user_id = ?
2026-05-12 09:29:50.890 [http-nio-8080-exec-5] DEBUG c.z.f.t.m.TransactionMapper.findById     : ==>  Preparing: SELECT t.*, c.name as categoryName FROM transactions t LEFT JOIN categories c ON t.category_id = c.id WHERE t.id = ? AND t.user_id = ?
2026-05-12 09:29:50.890 [http-nio-8080-exec-7] DEBUG c.z.f.t.m.TransactionMapper.findById     : ==> Parameters: 33(Long), 1(Long)
2026-05-12 09:29:50.890 [http-nio-8080-exec-5] DEBUG c.z.f.t.m.TransactionMapper.findById     : ==> Parameters: 31(Long), 1(Long)
2026-05-12 09:29:50.891 [http-nio-8080-exec-7] DEBUG c.z.f.t.m.TransactionMapper.findById     : <==      Total: 1
2026-05-12 09:29:50.891 [http-nio-8080-exec-5] DEBUG c.z.f.t.m.TransactionMapper.findById     : <==      Total: 1
2026-05-12 09:29:50.892 [http-nio-8080-exec-7] DEBUG c.z.f.t.service.MinioStorageService      : Fetching from MinIO [object=transactions/tx_33_d538c701-cf2d-4e52-9974-7010187a4d7b.jpg]
2026-05-12 09:29:50.892 [http-nio-8080-exec-5] DEBUG c.z.f.t.service.MinioStorageService      : Fetching from MinIO [object=transactions/tx_31_9133791b-dffe-4d7b-84bf-05ddc9ad6ee9.jpg]
2026-05-12 09:29:50.907 [http-nio-8080-exec-5] DEBUG c.z.f.t.service.MinioStorageService      : Fetched 899766 bytes from MinIO [object=transactions/tx_31_9133791b-dffe-4d7b-84bf-05ddc9ad6ee9.jpg]
2026-05-12 09:29:50.907 [http-nio-8080-exec-7] DEBUG c.z.f.t.service.MinioStorageService      : Fetched 894934 bytes from MinIO [object=transactions/tx_33_d538c701-cf2d-4e52-9974-7010187a4d7b.jpg]
2026-05-12 09:29:51.058 [http-nio-8080-exec-6] DEBUG c.z.f.t.filter.JwtAuthenticationFilter   : Authenticated [user=Andy, uri=/api/transactions/29/image]
2026-05-12 09:29:51.059 [http-nio-8080-exec-6] DEBUG c.z.f.t.m.UserMapper.findByUsername      : ==>  Preparing: SELECT * FROM users WHERE username = ?
2026-05-12 09:29:51.059 [http-nio-8080-exec-6] DEBUG c.z.f.t.m.UserMapper.findByUsername      : ==> Parameters: Andy(String)
2026-05-12 09:29:51.061 [http-nio-8080-exec-6] DEBUG c.z.f.t.m.UserMapper.findByUsername      : <==      Total: 1
2026-05-12 09:29:51.061 [http-nio-8080-exec-6] DEBUG c.z.f.t.m.TransactionMapper.findById     : ==>  Preparing: SELECT t.*, c.name as categoryName FROM transactions t LEFT JOIN categories c ON t.category_id = c.id WHERE t.id = ? AND t.user_id = ?
2026-05-12 09:29:51.061 [http-nio-8080-exec-6] DEBUG c.z.f.t.m.TransactionMapper.findById     : ==> Parameters: 29(Long), 1(Long)
2026-05-12 09:29:51.062 [http-nio-8080-exec-6] DEBUG c.z.f.t.m.TransactionMapper.findById     : <==      Total: 1
2026-05-12 09:29:51.063 [http-nio-8080-exec-6] DEBUG c.z.f.t.service.MinioStorageService      : Fetching from MinIO [object=transactions/tx_29_b889f510-b781-4ea9-b387-5002b32483d9.jpg]
2026-05-12 09:29:51.066 [http-nio-8080-exec-6] DEBUG c.z.f.t.service.MinioStorageService      : Fetched 30972 bytes from MinIO [object=transactions/tx_29_b889f510-b781-4ea9-b387-5002b32483d9.jpg]
2026-05-12 09:29:51.916 [http-nio-8080-exec-10] DEBUG c.z.f.t.filter.JwtAuthenticationFilter   : Authenticated [user=Andy, uri=/api/transactions/30/image]
2026-05-12 09:29:51.918 [http-nio-8080-exec-10] DEBUG c.z.f.t.m.UserMapper.findByUsername      : ==>  Preparing: SELECT * FROM users WHERE username = ?
2026-05-12 09:29:51.918 [http-nio-8080-exec-10] DEBUG c.z.f.t.m.UserMapper.findByUsername      : ==> Parameters: Andy(String)
2026-05-12 09:29:51.919 [http-nio-8080-exec-10] DEBUG c.z.f.t.m.UserMapper.findByUsername      : <==      Total: 1
2026-05-12 09:29:51.920 [http-nio-8080-exec-10] DEBUG c.z.f.t.m.TransactionMapper.findById     : ==>  Preparing: SELECT t.*, c.name as categoryName FROM transactions t LEFT JOIN categories c ON t.category_id = c.id WHERE t.id = ? AND t.user_id = ?
2026-05-12 09:29:51.920 [http-nio-8080-exec-10] DEBUG c.z.f.t.m.TransactionMapper.findById     : ==> Parameters: 30(Long), 1(Long)
2026-05-12 09:29:51.921 [http-nio-8080-exec-10] DEBUG c.z.f.t.m.TransactionMapper.findById     : <==      Total: 1
2026-05-12 09:29:51.921 [http-nio-8080-exec-10] DEBUG c.z.f.t.service.MinioStorageService      : Fetching from MinIO [object=transactions/tx_30_6ec29c0d-e9f8-419c-a92f-cf622a2f63f2.jpg]
2026-05-12 09:29:51.925 [http-nio-8080-exec-10] DEBUG c.z.f.t.service.MinioStorageService      : Fetched 30972 bytes from MinIO [object=transactions/tx_30_6ec29c0d-e9f8-419c-a92f-cf622a2f63f2.jpg]
2026-05-12 09:29:53.488 [http-nio-8080-exec-1] DEBUG c.z.f.t.filter.JwtAuthenticationFilter   : Authenticated [user=Andy, uri=/api/transactions/28/image]
2026-05-12 09:29:53.488 [http-nio-8080-exec-3] DEBUG c.z.f.t.filter.JwtAuthenticationFilter   : Authenticated [user=Andy, uri=/api/transactions/24/image]
2026-05-12 09:29:53.490 [http-nio-8080-exec-1] DEBUG c.z.f.t.m.UserMapper.findByUsername      : ==>  Preparing: SELECT * FROM users WHERE username = ?
2026-05-12 09:29:53.490 [http-nio-8080-exec-3] DEBUG c.z.f.t.m.UserMapper.findByUsername      : ==>  Preparing: SELECT * FROM users WHERE username = ?
2026-05-12 09:29:53.490 [http-nio-8080-exec-3] DEBUG c.z.f.t.m.UserMapper.findByUsername      : ==> Parameters: Andy(String)
2026-05-12 09:29:53.490 [http-nio-8080-exec-1] DEBUG c.z.f.t.m.UserMapper.findByUsername      : ==> Parameters: Andy(String)
2026-05-12 09:29:53.492 [http-nio-8080-exec-3] DEBUG c.z.f.t.m.UserMapper.findByUsername      : <==      Total: 1
2026-05-12 09:29:53.492 [http-nio-8080-exec-1] DEBUG c.z.f.t.m.UserMapper.findByUsername      : <==      Total: 1
2026-05-12 09:29:53.492 [http-nio-8080-exec-3] DEBUG c.z.f.t.m.TransactionMapper.findById     : ==>  Preparing: SELECT t.*, c.name as categoryName FROM transactions t LEFT JOIN categories c ON t.category_id = c.id WHERE t.id = ? AND t.user_id = ?
2026-05-12 09:29:53.492 [http-nio-8080-exec-1] DEBUG c.z.f.t.m.TransactionMapper.findById     : ==>  Preparing: SELECT t.*, c.name as categoryName FROM transactions t LEFT JOIN categories c ON t.category_id = c.id WHERE t.id = ? AND t.user_id = ?
2026-05-12 09:29:53.492 [http-nio-8080-exec-3] DEBUG c.z.f.t.m.TransactionMapper.findById     : ==> Parameters: 24(Long), 1(Long)
2026-05-12 09:29:53.493 [http-nio-8080-exec-1] DEBUG c.z.f.t.m.TransactionMapper.findById     : ==> Parameters: 28(Long), 1(Long)
2026-05-12 09:29:53.494 [http-nio-8080-exec-1] DEBUG c.z.f.t.m.TransactionMapper.findById     : <==      Total: 1
2026-05-12 09:29:53.494 [http-nio-8080-exec-3] DEBUG c.z.f.t.m.TransactionMapper.findById     : <==      Total: 1
2026-05-12 09:29:53.495 [http-nio-8080-exec-1] DEBUG c.z.f.t.service.MinioStorageService      : Fetching from MinIO [object=transactions/tx_28_c602e60e-2fb0-4bac-a365-cee60c0093d0.jpg]
2026-05-12 09:29:53.495 [http-nio-8080-exec-3] DEBUG c.z.f.t.service.MinioStorageService      : Fetching from MinIO [object=transactions/tx_24_764aca22-00c8-46b3-aeae-ac1451af4fa5.jpg]
2026-05-12 09:29:53.510 [http-nio-8080-exec-1] DEBUG c.z.f.t.service.MinioStorageService      : Fetched 899766 bytes from MinIO [object=transactions/tx_28_c602e60e-2fb0-4bac-a365-cee60c0093d0.jpg]
2026-05-12 09:29:53.510 [http-nio-8080-exec-3] DEBUG c.z.f.t.service.MinioStorageService      : Fetched 1353592 bytes from MinIO [object=transactions/tx_24_764aca22-00c8-46b3-aeae-ac1451af4fa5.jpg]
2026-05-12 09:29:53.573 [http-nio-8080-exec-8] DEBUG c.z.f.t.filter.JwtAuthenticationFilter   : Authenticated [user=Andy, uri=/api/transactions/23/image]
2026-05-12 09:29:53.574 [http-nio-8080-exec-8] DEBUG c.z.f.t.m.UserMapper.findByUsername      : ==>  Preparing: SELECT * FROM users WHERE username = ?
2026-05-12 09:29:53.574 [http-nio-8080-exec-8] DEBUG c.z.f.t.m.UserMapper.findByUsername      : ==> Parameters: Andy(String)
2026-05-12 09:29:53.576 [http-nio-8080-exec-8] DEBUG c.z.f.t.m.UserMapper.findByUsername      : <==      Total: 1
2026-05-12 09:29:53.576 [http-nio-8080-exec-8] DEBUG c.z.f.t.m.TransactionMapper.findById     : ==>  Preparing: SELECT t.*, c.name as categoryName FROM transactions t LEFT JOIN categories c ON t.category_id = c.id WHERE t.id = ? AND t.user_id = ?
2026-05-12 09:29:53.576 [http-nio-8080-exec-8] DEBUG c.z.f.t.m.TransactionMapper.findById     : ==> Parameters: 23(Long), 1(Long)
2026-05-12 09:29:53.577 [http-nio-8080-exec-8] DEBUG c.z.f.t.m.TransactionMapper.findById     : <==      Total: 1
2026-05-12 09:29:53.578 [http-nio-8080-exec-8] DEBUG c.z.f.t.service.MinioStorageService      : Fetching from MinIO [object=transactions/tx_23_986c4de8-9af1-4032-9e43-f499a6d375a3.jpg]
2026-05-12 09:29:53.586 [http-nio-8080-exec-8] DEBUG c.z.f.t.service.MinioStorageService      : Fetched 866644 bytes from MinIO [object=transactions/tx_23_986c4de8-9af1-4032-9e43-f499a6d375a3.jpg]
2026-05-12 09:29:54.250 [http-nio-8080-exec-6] DEBUG c.z.f.t.filter.JwtAuthenticationFilter   : Authenticated [user=Andy, uri=/api/transactions/32/image]
2026-05-12 09:29:54.252 [http-nio-8080-exec-6] DEBUG c.z.f.t.m.UserMapper.findByUsername      : ==>  Preparing: SELECT * FROM users WHERE username = ?
2026-05-12 09:29:54.252 [http-nio-8080-exec-6] DEBUG c.z.f.t.m.UserMapper.findByUsername      : ==> Parameters: Andy(String)
2026-05-12 09:29:54.253 [http-nio-8080-exec-6] DEBUG c.z.f.t.m.UserMapper.findByUsername      : <==      Total: 1
2026-05-12 09:29:54.253 [http-nio-8080-exec-6] DEBUG c.z.f.t.m.TransactionMapper.findById     : ==>  Preparing: SELECT t.*, c.name as categoryName FROM transactions t LEFT JOIN categories c ON t.category_id = c.id WHERE t.id = ? AND t.user_id = ?
2026-05-12 09:29:54.253 [http-nio-8080-exec-6] DEBUG c.z.f.t.m.TransactionMapper.findById     : ==> Parameters: 32(Long), 1(Long)
2026-05-12 09:29:54.255 [http-nio-8080-exec-6] DEBUG c.z.f.t.m.TransactionMapper.findById     : <==      Total: 1
2026-05-12 09:29:54.255 [http-nio-8080-exec-6] DEBUG c.z.f.t.service.MinioStorageService      : Fetching from MinIO [object=transactions/tx_32_b4e7d9a8-0334-4d7c-866e-c52d5fd86c97.jpg]
2026-05-12 09:29:54.263 [http-nio-8080-exec-6] DEBUG c.z.f.t.service.MinioStorageService      : Fetched 894934 bytes from MinIO [object=transactions/tx_32_b4e7d9a8-0334-4d7c-866e-c52d5fd86c97.jpg]
2026-05-12 09:29:56.219 [http-nio-8080-exec-10] DEBUG c.z.f.t.filter.JwtAuthenticationFilter   : Authenticated [user=Andy, uri=/api/transactions/31/image]
2026-05-12 09:29:56.221 [http-nio-8080-exec-10] DEBUG c.z.f.t.m.UserMapper.findByUsername      : ==>  Preparing: SELECT * FROM users WHERE username = ?
2026-05-12 09:29:56.221 [http-nio-8080-exec-10] DEBUG c.z.f.t.m.UserMapper.findByUsername      : ==> Parameters: Andy(String)
2026-05-12 09:29:56.223 [http-nio-8080-exec-10] DEBUG c.z.f.t.m.UserMapper.findByUsername      : <==      Total: 1
2026-05-12 09:29:56.223 [http-nio-8080-exec-10] DEBUG c.z.f.t.m.TransactionMapper.findById     : ==>  Preparing: SELECT t.*, c.name as categoryName FROM transactions t LEFT JOIN categories c ON t.category_id = c.id WHERE t.id = ? AND t.user_id = ?
2026-05-12 09:29:56.223 [http-nio-8080-exec-10] DEBUG c.z.f.t.m.TransactionMapper.findById     : ==> Parameters: 31(Long), 1(Long)
2026-05-12 09:29:56.224 [http-nio-8080-exec-10] DEBUG c.z.f.t.m.TransactionMapper.findById     : <==      Total: 1
2026-05-12 09:29:56.225 [http-nio-8080-exec-10] DEBUG c.z.f.t.service.MinioStorageService      : Fetching from MinIO [object=transactions/tx_31_9133791b-dffe-4d7b-84bf-05ddc9ad6ee9.jpg]
2026-05-12 09:29:56.231 [http-nio-8080-exec-10] DEBUG c.z.f.t.service.MinioStorageService      : Fetched 899766 bytes from MinIO [object=transactions/tx_31_9133791b-dffe-4d7b-84bf-05ddc9ad6ee9.jpg]
2026-05-12 09:29:56.312 [http-nio-8080-exec-1] DEBUG c.z.f.t.filter.JwtAuthenticationFilter   : Authenticated [user=Andy, uri=/api/transactions/32/image]
2026-05-12 09:29:56.313 [http-nio-8080-exec-1] DEBUG c.z.f.t.m.UserMapper.findByUsername      : ==>  Preparing: SELECT * FROM users WHERE username = ?
2026-05-12 09:29:56.313 [http-nio-8080-exec-1] DEBUG c.z.f.t.m.UserMapper.findByUsername      : ==> Parameters: Andy(String)
2026-05-12 09:29:56.315 [http-nio-8080-exec-1] DEBUG c.z.f.t.m.UserMapper.findByUsername      : <==      Total: 1
2026-05-12 09:29:56.315 [http-nio-8080-exec-1] DEBUG c.z.f.t.m.TransactionMapper.findById     : ==>  Preparing: SELECT t.*, c.name as categoryName FROM transactions t LEFT JOIN categories c ON t.category_id = c.id WHERE t.id = ? AND t.user_id = ?
2026-05-12 09:29:56.316 [http-nio-8080-exec-1] DEBUG c.z.f.t.m.TransactionMapper.findById     : ==> Parameters: 32(Long), 1(Long)
2026-05-12 09:29:56.317 [http-nio-8080-exec-1] DEBUG c.z.f.t.m.TransactionMapper.findById     : <==      Total: 1
2026-05-12 09:29:56.317 [http-nio-8080-exec-1] DEBUG c.z.f.t.service.MinioStorageService      : Fetching from MinIO [object=transactions/tx_32_b4e7d9a8-0334-4d7c-866e-c52d5fd86c97.jpg]
2026-05-12 09:29:56.326 [http-nio-8080-exec-1] DEBUG c.z.f.t.service.MinioStorageService      : Fetched 894934 bytes from MinIO [object=transactions/tx_32_b4e7d9a8-0334-4d7c-866e-c52d5fd86c97.jpg]
2026-05-12 09:29:56.446 [http-nio-8080-exec-5] DEBUG c.z.f.t.filter.JwtAuthenticationFilter   : Authenticated [user=Andy, uri=/api/transactions/33/image]
2026-05-12 09:29:56.447 [http-nio-8080-exec-5] DEBUG c.z.f.t.m.UserMapper.findByUsername      : ==>  Preparing: SELECT * FROM users WHERE username = ?
2026-05-12 09:29:56.448 [http-nio-8080-exec-5] DEBUG c.z.f.t.m.UserMapper.findByUsername      : ==> Parameters: Andy(String)
2026-05-12 09:29:56.449 [http-nio-8080-exec-5] DEBUG c.z.f.t.m.UserMapper.findByUsername      : <==      Total: 1
2026-05-12 09:29:56.449 [http-nio-8080-exec-5] DEBUG c.z.f.t.m.TransactionMapper.findById     : ==>  Preparing: SELECT t.*, c.name as categoryName FROM transactions t LEFT JOIN categories c ON t.category_id = c.id WHERE t.id = ? AND t.user_id = ?
2026-05-12 09:29:56.450 [http-nio-8080-exec-5] DEBUG c.z.f.t.m.TransactionMapper.findById     : ==> Parameters: 33(Long), 1(Long)
2026-05-12 09:29:56.451 [http-nio-8080-exec-5] DEBUG c.z.f.t.m.TransactionMapper.findById     : <==      Total: 1
2026-05-12 09:29:56.451 [http-nio-8080-exec-5] DEBUG c.z.f.t.service.MinioStorageService      : Fetching from MinIO [object=transactions/tx_33_d538c701-cf2d-4e52-9974-7010187a4d7b.jpg]
2026-05-12 09:29:56.459 [http-nio-8080-exec-5] DEBUG c.z.f.t.service.MinioStorageService      : Fetched 894934 bytes from MinIO [object=transactions/tx_33_d538c701-cf2d-4e52-9974-7010187a4d7b.jpg]
2026-05-12 09:29:56.472 [http-nio-8080-exec-8] DEBUG c.z.f.t.filter.JwtAuthenticationFilter   : Authenticated [user=Andy, uri=/api/transactions/34/image]
2026-05-12 09:29:56.474 [http-nio-8080-exec-8] DEBUG c.z.f.t.m.UserMapper.findByUsername      : ==>  Preparing: SELECT * FROM users WHERE username = ?
2026-05-12 09:29:56.474 [http-nio-8080-exec-8] DEBUG c.z.f.t.m.UserMapper.findByUsername      : ==> Parameters: Andy(String)
2026-05-12 09:29:56.475 [http-nio-8080-exec-8] DEBUG c.z.f.t.m.UserMapper.findByUsername      : <==      Total: 1
2026-05-12 09:29:56.475 [http-nio-8080-exec-8] DEBUG c.z.f.t.m.TransactionMapper.findById     : ==>  Preparing: SELECT t.*, c.name as categoryName FROM transactions t LEFT JOIN categories c ON t.category_id = c.id WHERE t.id = ? AND t.user_id = ?
2026-05-12 09:29:56.475 [http-nio-8080-exec-8] DEBUG c.z.f.t.m.TransactionMapper.findById     : ==> Parameters: 34(Long), 1(Long)
2026-05-12 09:29:56.477 [http-nio-8080-exec-8] DEBUG c.z.f.t.m.TransactionMapper.findById     : <==      Total: 1
2026-05-12 09:29:56.477 [http-nio-8080-exec-8] DEBUG c.z.f.t.service.MinioStorageService      : Fetching from MinIO [object=transactions/tx_34_5a52ade7-c821-45c6-ab22-3102d0e4851c.jpg]
2026-05-12 09:29:56.484 [http-nio-8080-exec-8] DEBUG c.z.f.t.service.MinioStorageService      : Fetched 894934 bytes from MinIO [object=transactions/tx_34_5a52ade7-c821-45c6-ab22-3102d0e4851c.jpg]
2026-05-12 09:30:04.802 [http-nio-8080-exec-6] DEBUG c.z.f.t.filter.JwtAuthenticationFilter   : Authenticated [user=Andy, uri=/api/transactions/24/image]
2026-05-12 09:30:04.802 [http-nio-8080-exec-9] DEBUG c.z.f.t.filter.JwtAuthenticationFilter   : Authenticated [user=Andy, uri=/api/transactions/28/image]
2026-05-12 09:30:04.804 [http-nio-8080-exec-6] DEBUG c.z.f.t.m.UserMapper.findByUsername      : ==>  Preparing: SELECT * FROM users WHERE username = ?
2026-05-12 09:30:04.804 [http-nio-8080-exec-9] DEBUG c.z.f.t.m.UserMapper.findByUsername      : ==>  Preparing: SELECT * FROM users WHERE username = ?
2026-05-12 09:30:04.804 [http-nio-8080-exec-6] DEBUG c.z.f.t.m.UserMapper.findByUsername      : ==> Parameters: Andy(String)
2026-05-12 09:30:04.804 [http-nio-8080-exec-9] DEBUG c.z.f.t.m.UserMapper.findByUsername      : ==> Parameters: Andy(String)
2026-05-12 09:30:04.805 [http-nio-8080-exec-6] DEBUG c.z.f.t.m.UserMapper.findByUsername      : <==      Total: 1
2026-05-12 09:30:04.805 [http-nio-8080-exec-9] DEBUG c.z.f.t.m.UserMapper.findByUsername      : <==      Total: 1
2026-05-12 09:30:04.805 [http-nio-8080-exec-9] DEBUG c.z.f.t.m.TransactionMapper.findById     : ==>  Preparing: SELECT t.*, c.name as categoryName FROM transactions t LEFT JOIN categories c ON t.category_id = c.id WHERE t.id = ? AND t.user_id = ?
2026-05-12 09:30:04.805 [http-nio-8080-exec-6] DEBUG c.z.f.t.m.TransactionMapper.findById     : ==>  Preparing: SELECT t.*, c.name as categoryName FROM transactions t LEFT JOIN categories c ON t.category_id = c.id WHERE t.id = ? AND t.user_id = ?
2026-05-12 09:30:04.806 [http-nio-8080-exec-9] DEBUG c.z.f.t.m.TransactionMapper.findById     : ==> Parameters: 28(Long), 1(Long)
2026-05-12 09:30:04.806 [http-nio-8080-exec-6] DEBUG c.z.f.t.m.TransactionMapper.findById     : ==> Parameters: 24(Long), 1(Long)
2026-05-12 09:30:04.807 [http-nio-8080-exec-9] DEBUG c.z.f.t.m.TransactionMapper.findById     : <==      Total: 1
2026-05-12 09:30:04.807 [http-nio-8080-exec-6] DEBUG c.z.f.t.m.TransactionMapper.findById     : <==      Total: 1
2026-05-12 09:30:04.807 [http-nio-8080-exec-9] DEBUG c.z.f.t.service.MinioStorageService      : Fetching from MinIO [object=transactions/tx_28_c602e60e-2fb0-4bac-a365-cee60c0093d0.jpg]
2026-05-12 09:30:04.807 [http-nio-8080-exec-6] DEBUG c.z.f.t.service.MinioStorageService      : Fetching from MinIO [object=transactions/tx_24_764aca22-00c8-46b3-aeae-ac1451af4fa5.jpg]
2026-05-12 09:30:04.814 [http-nio-8080-exec-9] DEBUG c.z.f.t.service.MinioStorageService      : Fetched 899766 bytes from MinIO [object=transactions/tx_28_c602e60e-2fb0-4bac-a365-cee60c0093d0.jpg]
2026-05-12 09:30:04.816 [http-nio-8080-exec-6] DEBUG c.z.f.t.service.MinioStorageService      : Fetched 1353592 bytes from MinIO [object=transactions/tx_24_764aca22-00c8-46b3-aeae-ac1451af4fa5.jpg]
2026-05-12 09:30:07.316 [http-nio-8080-exec-1] DEBUG c.z.f.t.filter.JwtAuthenticationFilter   : Authenticated [user=Andy, uri=/api/transactions/trends]
2026-05-12 09:30:07.317 [http-nio-8080-exec-1] DEBUG c.z.f.t.m.UserMapper.findByUsername      : ==>  Preparing: SELECT * FROM users WHERE username = ?
2026-05-12 09:30:07.317 [http-nio-8080-exec-1] DEBUG c.z.f.t.m.UserMapper.findByUsername      : ==> Parameters: Andy(String)
2026-05-12 09:30:07.318 [http-nio-8080-exec-1] DEBUG c.z.f.t.m.UserMapper.findByUsername      : <==      Total: 1
2026-05-12 09:30:07.320 [http-nio-8080-exec-1] DEBUG c.z.f.t.m.T.getTimeSeriesData            : ==>  Preparing: SELECT DATE_FORMAT(date, '%Y-%m') as timeLabel, SUM(ABS(amount)) as total FROM transactions WHERE user_id = ? AND type = ? GROUP BY timeLabel ORDER BY timeLabel ASC
2026-05-12 09:30:07.320 [http-nio-8080-exec-1] DEBUG c.z.f.t.m.T.getTimeSeriesData            : ==> Parameters: 1(Long), INCOME(String)
2026-05-12 09:30:07.322 [http-nio-8080-exec-1] DEBUG c.z.f.t.m.T.getTimeSeriesData            : <==      Total: 4
2026-05-12 09:30:08.104 [http-nio-8080-exec-5] DEBUG c.z.f.t.filter.JwtAuthenticationFilter   : Authenticated [user=Andy, uri=/api/transactions/trends]
2026-05-12 09:30:08.107 [http-nio-8080-exec-5] DEBUG c.z.f.t.m.UserMapper.findByUsername      : ==>  Preparing: SELECT * FROM users WHERE username = ?
2026-05-12 09:30:08.108 [http-nio-8080-exec-5] DEBUG c.z.f.t.m.UserMapper.findByUsername      : ==> Parameters: Andy(String)
2026-05-12 09:30:08.110 [http-nio-8080-exec-5] DEBUG c.z.f.t.m.UserMapper.findByUsername      : <==      Total: 1
2026-05-12 09:30:08.116 [http-nio-8080-exec-5] DEBUG c.z.f.t.m.T.getTimeSeriesData            : ==>  Preparing: SELECT DATE_FORMAT(date, '%Y-%m') as timeLabel, SUM(ABS(amount)) as total FROM transactions WHERE user_id = ? AND type = ? GROUP BY timeLabel ORDER BY timeLabel ASC
2026-05-12 09:30:08.117 [http-nio-8080-exec-5] DEBUG c.z.f.t.m.T.getTimeSeriesData            : ==> Parameters: 1(Long), EXPENSE(String)
2026-05-12 09:30:08.119 [http-nio-8080-exec-5] DEBUG c.z.f.t.m.T.getTimeSeriesData            : <==      Total: 5
2026-05-12 09:30:09.683 [http-nio-8080-exec-8] DEBUG c.z.f.t.filter.JwtAuthenticationFilter   : Authenticated [user=Andy, uri=/api/transactions/summary]
2026-05-12 09:30:09.686 [http-nio-8080-exec-8] DEBUG c.z.f.t.m.UserMapper.findByUsername      : ==>  Preparing: SELECT * FROM users WHERE username = ?
2026-05-12 09:30:09.686 [http-nio-8080-exec-8] DEBUG c.z.f.t.m.UserMapper.findByUsername      : ==> Parameters: Andy(String)
2026-05-12 09:30:09.689 [http-nio-8080-exec-8] DEBUG c.z.f.t.m.UserMapper.findByUsername      : <==      Total: 1
2026-05-12 09:30:11.847 [http-nio-8080-exec-9] DEBUG c.z.f.t.filter.JwtAuthenticationFilter   : Authenticated [user=Andy, uri=/api/profile]
2026-05-12 09:30:11.849 [http-nio-8080-exec-9] DEBUG c.z.f.t.m.UserMapper.findByUsername      : ==>  Preparing: SELECT * FROM users WHERE username = ?
2026-05-12 09:30:11.849 [http-nio-8080-exec-9] DEBUG c.z.f.t.m.UserMapper.findByUsername      : ==> Parameters: Andy(String)
2026-05-12 09:30:11.850 [http-nio-8080-exec-9] DEBUG c.z.f.t.m.UserMapper.findByUsername      : <==      Total: 1
2026-05-12 09:30:12.146 [http-nio-8080-exec-10] DEBUG c.z.f.t.filter.JwtAuthenticationFilter   : Authenticated [user=Andy, uri=/api/profile/avatar]
2026-05-12 09:30:12.147 [http-nio-8080-exec-10] DEBUG c.z.f.t.m.UserMapper.findByUsername      : ==>  Preparing: SELECT * FROM users WHERE username = ?
2026-05-12 09:30:12.147 [http-nio-8080-exec-10] DEBUG c.z.f.t.m.UserMapper.findByUsername      : ==> Parameters: Andy(String)
2026-05-12 09:30:12.149 [http-nio-8080-exec-10] DEBUG c.z.f.t.m.UserMapper.findByUsername      : <==      Total: 1
2026-05-12 09:30:12.149 [http-nio-8080-exec-10] DEBUG c.z.f.t.service.MinioStorageService      : Fetching from MinIO [object=avatars/avatar_1_757382f5-a0cf-4680-98f3-3c97415fc2c7.jpg]
2026-05-12 09:30:12.161 [http-nio-8080-exec-10] DEBUG c.z.f.t.service.MinioStorageService      : Fetched 1353592 bytes from MinIO [object=avatars/avatar_1_757382f5-a0cf-4680-98f3-3c97415fc2c7.jpg]
2026-05-12 09:30:14.583 [http-nio-8080-exec-1] DEBUG c.z.f.t.filter.JwtAuthenticationFilter   : Authenticated [user=Andy, uri=/api/categories]
2026-05-12 09:30:14.585 [http-nio-8080-exec-1] DEBUG c.z.f.t.m.UserMapper.findByUsername      : ==>  Preparing: SELECT * FROM users WHERE username = ?
2026-05-12 09:30:14.585 [http-nio-8080-exec-1] DEBUG c.z.f.t.m.UserMapper.findByUsername      : ==> Parameters: Andy(String)
2026-05-12 09:30:14.586 [http-nio-8080-exec-1] DEBUG c.z.f.t.m.UserMapper.findByUsername      : <==      Total: 1
2026-05-12 09:30:14.692 [http-nio-8080-exec-5] DEBUG c.z.f.t.filter.JwtAuthenticationFilter   : Authenticated [user=Andy, uri=/api/transactions/history]
2026-05-12 09:30:14.695 [http-nio-8080-exec-5] DEBUG c.z.f.t.m.UserMapper.findByUsername      : ==>  Preparing: SELECT * FROM users WHERE username = ?
2026-05-12 09:30:14.695 [http-nio-8080-exec-5] DEBUG c.z.f.t.m.UserMapper.findByUsername      : ==> Parameters: Andy(String)
2026-05-12 09:30:14.697 [http-nio-8080-exec-5] DEBUG c.z.f.t.m.UserMapper.findByUsername      : <==      Total: 1
2026-05-12 09:30:14.698 [http-nio-8080-exec-5] DEBUG c.z.f.t.m.T.findAllFiltered              : ==>  Preparing: SELECT t.*, c.name as categoryName FROM transactions t LEFT JOIN categories c ON t.category_id = c.id WHERE t.user_id = ? ORDER BY t.date DESC, t.id DESC LIMIT ? OFFSET ?
2026-05-12 09:30:14.699 [http-nio-8080-exec-5] DEBUG c.z.f.t.m.T.findAllFiltered              : ==> Parameters: 1(Long), 15(Integer), 0(Integer)
2026-05-12 09:30:14.701 [http-nio-8080-exec-5] DEBUG c.z.f.t.m.T.findAllFiltered              : <==      Total: 15
2026-05-12 09:30:14.702 [http-nio-8080-exec-5] DEBUG c.z.f.t.m.T.countFiltered                : ==>  Preparing: SELECT COUNT(*) FROM transactions t WHERE user_id = ?
2026-05-12 09:30:14.702 [http-nio-8080-exec-5] DEBUG c.z.f.t.m.T.countFiltered                : ==> Parameters: 1(Long)
2026-05-12 09:30:14.704 [http-nio-8080-exec-5] DEBUG c.z.f.t.m.T.countFiltered                : <==      Total: 1
2026-05-12 09:30:14.704 [http-nio-8080-exec-5] DEBUG c.z.f.t.c.TransactionController          : History query [userId=1, page=0, size=15, total=32]
2026-05-12 09:30:14.991 [http-nio-8080-exec-8] DEBUG c.z.f.t.filter.JwtAuthenticationFilter   : Authenticated [user=Andy, uri=/api/transactions/34/image]
2026-05-12 09:30:14.993 [http-nio-8080-exec-8] DEBUG c.z.f.t.m.UserMapper.findByUsername      : ==>  Preparing: SELECT * FROM users WHERE username = ?
2026-05-12 09:30:14.993 [http-nio-8080-exec-8] DEBUG c.z.f.t.m.UserMapper.findByUsername      : ==> Parameters: Andy(String)
2026-05-12 09:30:14.995 [http-nio-8080-exec-8] DEBUG c.z.f.t.m.UserMapper.findByUsername      : <==      Total: 1
2026-05-12 09:30:14.995 [http-nio-8080-exec-8] DEBUG c.z.f.t.m.TransactionMapper.findById     : ==>  Preparing: SELECT t.*, c.name as categoryName FROM transactions t LEFT JOIN categories c ON t.category_id = c.id WHERE t.id = ? AND t.user_id = ?
2026-05-12 09:30:14.995 [http-nio-8080-exec-8] DEBUG c.z.f.t.m.TransactionMapper.findById     : ==> Parameters: 34(Long), 1(Long)
2026-05-12 09:30:14.997 [http-nio-8080-exec-8] DEBUG c.z.f.t.m.TransactionMapper.findById     : <==      Total: 1
2026-05-12 09:30:14.997 [http-nio-8080-exec-8] DEBUG c.z.f.t.service.MinioStorageService      : Fetching from MinIO [object=transactions/tx_34_5a52ade7-c821-45c6-ab22-3102d0e4851c.jpg]
2026-05-12 09:30:15.006 [http-nio-8080-exec-8] DEBUG c.z.f.t.service.MinioStorageService      : Fetched 894934 bytes from MinIO [object=transactions/tx_34_5a52ade7-c821-45c6-ab22-3102d0e4851c.jpg]
2026-05-12 09:30:15.064 [http-nio-8080-exec-9] DEBUG c.z.f.t.filter.JwtAuthenticationFilter   : Authenticated [user=Andy, uri=/api/transactions/33/image]
2026-05-12 09:30:15.064 [http-nio-8080-exec-6] DEBUG c.z.f.t.filter.JwtAuthenticationFilter   : Authenticated [user=Andy, uri=/api/transactions/32/image]
2026-05-12 09:30:15.065 [http-nio-8080-exec-9] DEBUG c.z.f.t.m.UserMapper.findByUsername      : ==>  Preparing: SELECT * FROM users WHERE username = ?
2026-05-12 09:30:15.065 [http-nio-8080-exec-9] DEBUG c.z.f.t.m.UserMapper.findByUsername      : ==> Parameters: Andy(String)
2026-05-12 09:30:15.066 [http-nio-8080-exec-6] DEBUG c.z.f.t.m.UserMapper.findByUsername      : ==>  Preparing: SELECT * FROM users WHERE username = ?
2026-05-12 09:30:15.066 [http-nio-8080-exec-6] DEBUG c.z.f.t.m.UserMapper.findByUsername      : ==> Parameters: Andy(String)
2026-05-12 09:30:15.066 [http-nio-8080-exec-9] DEBUG c.z.f.t.m.UserMapper.findByUsername      : <==      Total: 1
2026-05-12 09:30:15.067 [http-nio-8080-exec-9] DEBUG c.z.f.t.m.TransactionMapper.findById     : ==>  Preparing: SELECT t.*, c.name as categoryName FROM transactions t LEFT JOIN categories c ON t.category_id = c.id WHERE t.id = ? AND t.user_id = ?
2026-05-12 09:30:15.067 [http-nio-8080-exec-9] DEBUG c.z.f.t.m.TransactionMapper.findById     : ==> Parameters: 33(Long), 1(Long)
2026-05-12 09:30:15.067 [http-nio-8080-exec-6] DEBUG c.z.f.t.m.UserMapper.findByUsername      : <==      Total: 1
2026-05-12 09:30:15.068 [http-nio-8080-exec-6] DEBUG c.z.f.t.m.TransactionMapper.findById     : ==>  Preparing: SELECT t.*, c.name as categoryName FROM transactions t LEFT JOIN categories c ON t.category_id = c.id WHERE t.id = ? AND t.user_id = ?
2026-05-12 09:30:15.068 [http-nio-8080-exec-6] DEBUG c.z.f.t.m.TransactionMapper.findById     : ==> Parameters: 32(Long), 1(Long)
2026-05-12 09:30:15.069 [http-nio-8080-exec-9] DEBUG c.z.f.t.m.TransactionMapper.findById     : <==      Total: 1
2026-05-12 09:30:15.069 [http-nio-8080-exec-9] DEBUG c.z.f.t.service.MinioStorageService      : Fetching from MinIO [object=transactions/tx_33_d538c701-cf2d-4e52-9974-7010187a4d7b.jpg]
2026-05-12 09:30:15.069 [http-nio-8080-exec-6] DEBUG c.z.f.t.m.TransactionMapper.findById     : <==      Total: 1
2026-05-12 09:30:15.069 [http-nio-8080-exec-6] DEBUG c.z.f.t.service.MinioStorageService      : Fetching from MinIO [object=transactions/tx_32_b4e7d9a8-0334-4d7c-866e-c52d5fd86c97.jpg]
2026-05-12 09:30:15.077 [http-nio-8080-exec-9] DEBUG c.z.f.t.service.MinioStorageService      : Fetched 894934 bytes from MinIO [object=transactions/tx_33_d538c701-cf2d-4e52-9974-7010187a4d7b.jpg]
2026-05-12 09:30:15.080 [http-nio-8080-exec-6] DEBUG c.z.f.t.service.MinioStorageService      : Fetched 894934 bytes from MinIO [object=transactions/tx_32_b4e7d9a8-0334-4d7c-866e-c52d5fd86c97.jpg]
2026-05-12 09:30:15.145 [http-nio-8080-exec-3] DEBUG c.z.f.t.filter.JwtAuthenticationFilter   : Authenticated [user=Andy, uri=/api/transactions/31/image]
2026-05-12 09:30:15.145 [http-nio-8080-exec-1] DEBUG c.z.f.t.filter.JwtAuthenticationFilter   : Authenticated [user=Andy, uri=/api/categories]
2026-05-12 09:30:15.146 [http-nio-8080-exec-3] DEBUG c.z.f.t.m.UserMapper.findByUsername      : ==>  Preparing: SELECT * FROM users WHERE username = ?
2026-05-12 09:30:15.146 [http-nio-8080-exec-1] DEBUG c.z.f.t.m.UserMapper.findByUsername      : ==>  Preparing: SELECT * FROM users WHERE username = ?
2026-05-12 09:30:15.146 [http-nio-8080-exec-3] DEBUG c.z.f.t.m.UserMapper.findByUsername      : ==> Parameters: Andy(String)
2026-05-12 09:30:15.146 [http-nio-8080-exec-1] DEBUG c.z.f.t.m.UserMapper.findByUsername      : ==> Parameters: Andy(String)
2026-05-12 09:30:15.148 [http-nio-8080-exec-3] DEBUG c.z.f.t.m.UserMapper.findByUsername      : <==      Total: 1
2026-05-12 09:30:15.148 [http-nio-8080-exec-1] DEBUG c.z.f.t.m.UserMapper.findByUsername      : <==      Total: 1
2026-05-12 09:30:15.148 [http-nio-8080-exec-3] DEBUG c.z.f.t.m.TransactionMapper.findById     : ==>  Preparing: SELECT t.*, c.name as categoryName FROM transactions t LEFT JOIN categories c ON t.category_id = c.id WHERE t.id = ? AND t.user_id = ?
2026-05-12 09:30:15.149 [http-nio-8080-exec-3] DEBUG c.z.f.t.m.TransactionMapper.findById     : ==> Parameters: 31(Long), 1(Long)
2026-05-12 09:30:15.151 [http-nio-8080-exec-3] DEBUG c.z.f.t.m.TransactionMapper.findById     : <==      Total: 1
2026-05-12 09:30:15.151 [http-nio-8080-exec-3] DEBUG c.z.f.t.service.MinioStorageService      : Fetching from MinIO [object=transactions/tx_31_9133791b-dffe-4d7b-84bf-05ddc9ad6ee9.jpg]
2026-05-12 09:30:15.160 [http-nio-8080-exec-3] DEBUG c.z.f.t.service.MinioStorageService      : Fetched 899766 bytes from MinIO [object=transactions/tx_31_9133791b-dffe-4d7b-84bf-05ddc9ad6ee9.jpg]
2026-05-12 09:30:36.300 [http-nio-8080-exec-8] DEBUG c.z.f.t.filter.JwtAuthenticationFilter   : Authenticated [user=Andy, uri=/api/transactions/28/image]
2026-05-12 09:30:36.302 [http-nio-8080-exec-8] DEBUG c.z.f.t.m.UserMapper.findByUsername      : ==>  Preparing: SELECT * FROM users WHERE username = ?
2026-05-12 09:30:36.302 [http-nio-8080-exec-8] DEBUG c.z.f.t.m.UserMapper.findByUsername      : ==> Parameters: Andy(String)
2026-05-12 09:30:36.303 [http-nio-8080-exec-8] DEBUG c.z.f.t.m.UserMapper.findByUsername      : <==      Total: 1
2026-05-12 09:30:36.304 [http-nio-8080-exec-8] DEBUG c.z.f.t.m.TransactionMapper.findById     : ==>  Preparing: SELECT t.*, c.name as categoryName FROM transactions t LEFT JOIN categories c ON t.category_id = c.id WHERE t.id = ? AND t.user_id = ?
2026-05-12 09:30:36.304 [http-nio-8080-exec-8] DEBUG c.z.f.t.m.TransactionMapper.findById     : ==> Parameters: 28(Long), 1(Long)
2026-05-12 09:30:36.306 [http-nio-8080-exec-8] DEBUG c.z.f.t.m.TransactionMapper.findById     : <==      Total: 1
2026-05-12 09:30:36.306 [http-nio-8080-exec-8] DEBUG c.z.f.t.service.MinioStorageService      : Fetching from MinIO [object=transactions/tx_28_c602e60e-2fb0-4bac-a365-cee60c0093d0.jpg]
2026-05-12 09:30:36.314 [http-nio-8080-exec-8] DEBUG c.z.f.t.service.MinioStorageService      : Fetched 899766 bytes from MinIO [object=transactions/tx_28_c602e60e-2fb0-4bac-a365-cee60c0093d0.jpg]
2026-05-12 09:30:36.382 [http-nio-8080-exec-9] DEBUG c.z.f.t.filter.JwtAuthenticationFilter   : Authenticated [user=Andy, uri=/api/transactions/24/image]
2026-05-12 09:30:36.384 [http-nio-8080-exec-9] DEBUG c.z.f.t.m.UserMapper.findByUsername      : ==>  Preparing: SELECT * FROM users WHERE username = ?
2026-05-12 09:30:36.384 [http-nio-8080-exec-9] DEBUG c.z.f.t.m.UserMapper.findByUsername      : ==> Parameters: Andy(String)
2026-05-12 09:30:36.385 [http-nio-8080-exec-9] DEBUG c.z.f.t.m.UserMapper.findByUsername      : <==      Total: 1
2026-05-12 09:30:36.385 [http-nio-8080-exec-9] DEBUG c.z.f.t.m.TransactionMapper.findById     : ==>  Preparing: SELECT t.*, c.name as categoryName FROM transactions t LEFT JOIN categories c ON t.category_id = c.id WHERE t.id = ? AND t.user_id = ?
2026-05-12 09:30:36.386 [http-nio-8080-exec-9] DEBUG c.z.f.t.m.TransactionMapper.findById     : ==> Parameters: 24(Long), 1(Long)
2026-05-12 09:30:36.387 [http-nio-8080-exec-9] DEBUG c.z.f.t.m.TransactionMapper.findById     : <==      Total: 1
2026-05-12 09:30:36.387 [http-nio-8080-exec-9] DEBUG c.z.f.t.service.MinioStorageService      : Fetching from MinIO [object=transactions/tx_24_764aca22-00c8-46b3-aeae-ac1451af4fa5.jpg]
2026-05-12 09:30:36.396 [http-nio-8080-exec-9] DEBUG c.z.f.t.service.MinioStorageService      : Fetched 1353592 bytes from MinIO [object=transactions/tx_24_764aca22-00c8-46b3-aeae-ac1451af4fa5.jpg]
2026-05-12 09:30:36.512 [http-nio-8080-exec-10] DEBUG c.z.f.t.filter.JwtAuthenticationFilter   : Authenticated [user=Andy, uri=/api/transactions/23/image]
2026-05-12 09:30:36.512 [http-nio-8080-exec-10] DEBUG c.z.f.t.m.UserMapper.findByUsername      : ==>  Preparing: SELECT * FROM users WHERE username = ?
2026-05-12 09:30:36.513 [http-nio-8080-exec-10] DEBUG c.z.f.t.m.UserMapper.findByUsername      : ==> Parameters: Andy(String)
2026-05-12 09:30:36.514 [http-nio-8080-exec-10] DEBUG c.z.f.t.m.UserMapper.findByUsername      : <==      Total: 1
2026-05-12 09:30:36.514 [http-nio-8080-exec-10] DEBUG c.z.f.t.m.TransactionMapper.findById     : ==>  Preparing: SELECT t.*, c.name as categoryName FROM transactions t LEFT JOIN categories c ON t.category_id = c.id WHERE t.id = ? AND t.user_id = ?
2026-05-12 09:30:36.514 [http-nio-8080-exec-10] DEBUG c.z.f.t.m.TransactionMapper.findById     : ==> Parameters: 23(Long), 1(Long)
2026-05-12 09:30:36.516 [http-nio-8080-exec-10] DEBUG c.z.f.t.m.TransactionMapper.findById     : <==      Total: 1
2026-05-12 09:30:36.516 [http-nio-8080-exec-10] DEBUG c.z.f.t.service.MinioStorageService      : Fetching from MinIO [object=transactions/tx_23_986c4de8-9af1-4032-9e43-f499a6d375a3.jpg]
2026-05-12 09:30:36.523 [http-nio-8080-exec-10] DEBUG c.z.f.t.service.MinioStorageService      : Fetched 866644 bytes from MinIO [object=transactions/tx_23_986c4de8-9af1-4032-9e43-f499a6d375a3.jpg]
2026-05-12 09:30:40.865 [http-nio-8080-exec-1] DEBUG c.z.f.t.filter.JwtAuthenticationFilter   : Authenticated [user=Andy, uri=/api/transactions/28/image]
2026-05-12 09:30:40.866 [http-nio-8080-exec-1] DEBUG c.z.f.t.m.UserMapper.findByUsername      : ==>  Preparing: SELECT * FROM users WHERE username = ?
2026-05-12 09:30:40.867 [http-nio-8080-exec-1] DEBUG c.z.f.t.m.UserMapper.findByUsername      : ==> Parameters: Andy(String)
2026-05-12 09:30:40.867 [http-nio-8080-exec-1] DEBUG c.z.f.t.m.UserMapper.findByUsername      : <==      Total: 1
2026-05-12 09:30:40.868 [http-nio-8080-exec-1] DEBUG c.z.f.t.m.TransactionMapper.findById     : ==>  Preparing: SELECT t.*, c.name as categoryName FROM transactions t LEFT JOIN categories c ON t.category_id = c.id WHERE t.id = ? AND t.user_id = ?
2026-05-12 09:30:40.868 [http-nio-8080-exec-1] DEBUG c.z.f.t.m.TransactionMapper.findById     : ==> Parameters: 28(Long), 1(Long)
2026-05-12 09:30:40.869 [http-nio-8080-exec-1] DEBUG c.z.f.t.m.TransactionMapper.findById     : <==      Total: 1
2026-05-12 09:30:40.869 [http-nio-8080-exec-1] DEBUG c.z.f.t.service.MinioStorageService      : Fetching from MinIO [object=transactions/tx_28_c602e60e-2fb0-4bac-a365-cee60c0093d0.jpg]
2026-05-12 09:30:40.875 [http-nio-8080-exec-1] DEBUG c.z.f.t.service.MinioStorageService      : Fetched 899766 bytes from MinIO [object=transactions/tx_28_c602e60e-2fb0-4bac-a365-cee60c0093d0.jpg]
2026-05-12 09:30:41.143 [http-nio-8080-exec-3] DEBUG c.z.f.t.filter.JwtAuthenticationFilter   : Authenticated [user=Andy, uri=/api/transactions/24/image]
2026-05-12 09:30:41.145 [http-nio-8080-exec-3] DEBUG c.z.f.t.m.UserMapper.findByUsername      : ==>  Preparing: SELECT * FROM users WHERE username = ?
2026-05-12 09:30:41.145 [http-nio-8080-exec-3] DEBUG c.z.f.t.m.UserMapper.findByUsername      : ==> Parameters: Andy(String)
2026-05-12 09:30:41.146 [http-nio-8080-exec-3] DEBUG c.z.f.t.m.UserMapper.findByUsername      : <==      Total: 1
2026-05-12 09:30:41.146 [http-nio-8080-exec-3] DEBUG c.z.f.t.m.TransactionMapper.findById     : ==>  Preparing: SELECT t.*, c.name as categoryName FROM transactions t LEFT JOIN categories c ON t.category_id = c.id WHERE t.id = ? AND t.user_id = ?
2026-05-12 09:30:41.146 [http-nio-8080-exec-3] DEBUG c.z.f.t.m.TransactionMapper.findById     : ==> Parameters: 24(Long), 1(Long)
2026-05-12 09:30:41.148 [http-nio-8080-exec-3] DEBUG c.z.f.t.m.TransactionMapper.findById     : <==      Total: 1
2026-05-12 09:30:41.148 [http-nio-8080-exec-3] DEBUG c.z.f.t.service.MinioStorageService      : Fetching from MinIO [object=transactions/tx_24_764aca22-00c8-46b3-aeae-ac1451af4fa5.jpg]
2026-05-12 09:30:41.156 [http-nio-8080-exec-3] DEBUG c.z.f.t.service.MinioStorageService      : Fetched 1353592 bytes from MinIO [object=transactions/tx_24_764aca22-00c8-46b3-aeae-ac1451af4fa5.jpg]
2026-05-12 09:30:41.175 [http-nio-8080-exec-8] DEBUG c.z.f.t.filter.JwtAuthenticationFilter   : Authenticated [user=Andy, uri=/api/transactions/23/image]
2026-05-12 09:30:41.175 [http-nio-8080-exec-8] DEBUG c.z.f.t.m.UserMapper.findByUsername      : ==>  Preparing: SELECT * FROM users WHERE username = ?
2026-05-12 09:30:41.176 [http-nio-8080-exec-8] DEBUG c.z.f.t.m.UserMapper.findByUsername      : ==> Parameters: Andy(String)
2026-05-12 09:30:41.179 [http-nio-8080-exec-8] DEBUG c.z.f.t.m.UserMapper.findByUsername      : <==      Total: 1
2026-05-12 09:30:41.180 [http-nio-8080-exec-8] DEBUG c.z.f.t.m.TransactionMapper.findById     : ==>  Preparing: SELECT t.*, c.name as categoryName FROM transactions t LEFT JOIN categories c ON t.category_id = c.id WHERE t.id = ? AND t.user_id = ?
2026-05-12 09:30:41.180 [http-nio-8080-exec-8] DEBUG c.z.f.t.m.TransactionMapper.findById     : ==> Parameters: 23(Long), 1(Long)
2026-05-12 09:30:41.183 [http-nio-8080-exec-8] DEBUG c.z.f.t.m.TransactionMapper.findById     : <==      Total: 1
2026-05-12 09:30:41.183 [http-nio-8080-exec-8] DEBUG c.z.f.t.service.MinioStorageService      : Fetching from MinIO [object=transactions/tx_23_986c4de8-9af1-4032-9e43-f499a6d375a3.jpg]
2026-05-12 09:30:41.190 [http-nio-8080-exec-8] DEBUG c.z.f.t.service.MinioStorageService      : Fetched 866644 bytes from MinIO [object=transactions/tx_23_986c4de8-9af1-4032-9e43-f499a6d375a3.jpg]
2026-05-12 09:30:45.204 [http-nio-8080-exec-9] DEBUG c.z.f.t.filter.JwtAuthenticationFilter   : Authenticated [user=Andy, uri=/api/profile]
2026-05-12 09:30:45.205 [http-nio-8080-exec-9] DEBUG c.z.f.t.m.UserMapper.findByUsername      : ==>  Preparing: SELECT * FROM users WHERE username = ?
2026-05-12 09:30:45.206 [http-nio-8080-exec-9] DEBUG c.z.f.t.m.UserMapper.findByUsername      : ==> Parameters: Andy(String)
2026-05-12 09:30:45.207 [http-nio-8080-exec-9] DEBUG c.z.f.t.m.UserMapper.findByUsername      : <==      Total: 1
2026-05-12 09:30:45.414 [http-nio-8080-exec-10] DEBUG c.z.f.t.filter.JwtAuthenticationFilter   : Authenticated [user=Andy, uri=/api/profile/avatar]
2026-05-12 09:30:45.414 [http-nio-8080-exec-10] DEBUG c.z.f.t.m.UserMapper.findByUsername      : ==>  Preparing: SELECT * FROM users WHERE username = ?
2026-05-12 09:30:45.414 [http-nio-8080-exec-10] DEBUG c.z.f.t.m.UserMapper.findByUsername      : ==> Parameters: Andy(String)
2026-05-12 09:30:45.416 [http-nio-8080-exec-10] DEBUG c.z.f.t.m.UserMapper.findByUsername      : <==      Total: 1
2026-05-12 09:30:45.416 [http-nio-8080-exec-10] DEBUG c.z.f.t.service.MinioStorageService      : Fetching from MinIO [object=avatars/avatar_1_757382f5-a0cf-4680-98f3-3c97415fc2c7.jpg]
2026-05-12 09:30:45.424 [http-nio-8080-exec-10] DEBUG c.z.f.t.service.MinioStorageService      : Fetched 1353592 bytes from MinIO [object=avatars/avatar_1_757382f5-a0cf-4680-98f3-3c97415fc2c7.jpg]
2026-05-12 09:30:47.942 [http-nio-8080-exec-1] DEBUG c.z.f.t.filter.JwtAuthenticationFilter   : Authenticated [user=Andy, uri=/api/categories]
2026-05-12 09:30:47.946 [http-nio-8080-exec-1] DEBUG c.z.f.t.m.UserMapper.findByUsername      : ==>  Preparing: SELECT * FROM users WHERE username = ?
2026-05-12 09:30:47.946 [http-nio-8080-exec-1] DEBUG c.z.f.t.m.UserMapper.findByUsername      : ==> Parameters: Andy(String)
2026-05-12 09:30:47.948 [http-nio-8080-exec-1] DEBUG c.z.f.t.m.UserMapper.findByUsername      : <==      Total: 1
2026-05-12 09:30:48.451 [http-nio-8080-exec-3] DEBUG c.z.f.t.filter.JwtAuthenticationFilter   : Authenticated [user=Andy, uri=/api/transactions/history]
2026-05-12 09:30:48.453 [http-nio-8080-exec-3] DEBUG c.z.f.t.m.UserMapper.findByUsername      : ==>  Preparing: SELECT * FROM users WHERE username = ?
2026-05-12 09:30:48.454 [http-nio-8080-exec-3] DEBUG c.z.f.t.m.UserMapper.findByUsername      : ==> Parameters: Andy(String)
2026-05-12 09:30:48.456 [http-nio-8080-exec-3] DEBUG c.z.f.t.m.UserMapper.findByUsername      : <==      Total: 1
2026-05-12 09:30:48.457 [http-nio-8080-exec-3] DEBUG c.z.f.t.m.T.findAllFiltered              : ==>  Preparing: SELECT t.*, c.name as categoryName FROM transactions t LEFT JOIN categories c ON t.category_id = c.id WHERE t.user_id = ? ORDER BY t.date DESC, t.id DESC LIMIT ? OFFSET ?
2026-05-12 09:30:48.457 [http-nio-8080-exec-3] DEBUG c.z.f.t.m.T.findAllFiltered              : ==> Parameters: 1(Long), 15(Integer), 0(Integer)
2026-05-12 09:30:48.459 [http-nio-8080-exec-3] DEBUG c.z.f.t.m.T.findAllFiltered              : <==      Total: 15
2026-05-12 09:30:48.460 [http-nio-8080-exec-3] DEBUG c.z.f.t.m.T.countFiltered                : ==>  Preparing: SELECT COUNT(*) FROM transactions t WHERE user_id = ?
2026-05-12 09:30:48.460 [http-nio-8080-exec-3] DEBUG c.z.f.t.m.T.countFiltered                : ==> Parameters: 1(Long)
2026-05-12 09:30:48.462 [http-nio-8080-exec-3] DEBUG c.z.f.t.m.T.countFiltered                : <==      Total: 1
2026-05-12 09:30:48.462 [http-nio-8080-exec-3] DEBUG c.z.f.t.c.TransactionController          : History query [userId=1, page=0, size=15, total=32]
2026-05-12 09:30:48.636 [http-nio-8080-exec-8] DEBUG c.z.f.t.filter.JwtAuthenticationFilter   : Authenticated [user=Andy, uri=/api/categories]
2026-05-12 09:30:48.637 [http-nio-8080-exec-8] DEBUG c.z.f.t.m.UserMapper.findByUsername      : ==>  Preparing: SELECT * FROM users WHERE username = ?
2026-05-12 09:30:48.638 [http-nio-8080-exec-8] DEBUG c.z.f.t.m.UserMapper.findByUsername      : ==> Parameters: Andy(String)
2026-05-12 09:30:48.639 [http-nio-8080-exec-8] DEBUG c.z.f.t.m.UserMapper.findByUsername      : <==      Total: 1
2026-05-12 09:30:49.876 [http-nio-8080-exec-9] DEBUG c.z.f.t.filter.JwtAuthenticationFilter   : Authenticated [user=Andy, uri=/api/transactions/28/image]
2026-05-12 09:30:49.877 [http-nio-8080-exec-9] DEBUG c.z.f.t.m.UserMapper.findByUsername      : ==>  Preparing: SELECT * FROM users WHERE username = ?
2026-05-12 09:30:49.878 [http-nio-8080-exec-9] DEBUG c.z.f.t.m.UserMapper.findByUsername      : ==> Parameters: Andy(String)
2026-05-12 09:30:49.879 [http-nio-8080-exec-9] DEBUG c.z.f.t.m.UserMapper.findByUsername      : <==      Total: 1
2026-05-12 09:30:49.879 [http-nio-8080-exec-9] DEBUG c.z.f.t.m.TransactionMapper.findById     : ==>  Preparing: SELECT t.*, c.name as categoryName FROM transactions t LEFT JOIN categories c ON t.category_id = c.id WHERE t.id = ? AND t.user_id = ?
2026-05-12 09:30:49.880 [http-nio-8080-exec-9] DEBUG c.z.f.t.m.TransactionMapper.findById     : ==> Parameters: 28(Long), 1(Long)
2026-05-12 09:30:49.881 [http-nio-8080-exec-9] DEBUG c.z.f.t.m.TransactionMapper.findById     : <==      Total: 1
2026-05-12 09:30:49.881 [http-nio-8080-exec-9] DEBUG c.z.f.t.service.MinioStorageService      : Fetching from MinIO [object=transactions/tx_28_c602e60e-2fb0-4bac-a365-cee60c0093d0.jpg]
2026-05-12 09:30:49.889 [http-nio-8080-exec-9] DEBUG c.z.f.t.service.MinioStorageService      : Fetched 899766 bytes from MinIO [object=transactions/tx_28_c602e60e-2fb0-4bac-a365-cee60c0093d0.jpg]
2026-05-12 09:30:49.941 [http-nio-8080-exec-10] DEBUG c.z.f.t.filter.JwtAuthenticationFilter   : Authenticated [user=Andy, uri=/api/transactions/24/image]
2026-05-12 09:30:49.942 [http-nio-8080-exec-10] DEBUG c.z.f.t.m.UserMapper.findByUsername      : ==>  Preparing: SELECT * FROM users WHERE username = ?
2026-05-12 09:30:49.943 [http-nio-8080-exec-10] DEBUG c.z.f.t.m.UserMapper.findByUsername      : ==> Parameters: Andy(String)
2026-05-12 09:30:49.945 [http-nio-8080-exec-10] DEBUG c.z.f.t.m.UserMapper.findByUsername      : <==      Total: 1
2026-05-12 09:30:49.945 [http-nio-8080-exec-10] DEBUG c.z.f.t.m.TransactionMapper.findById     : ==>  Preparing: SELECT t.*, c.name as categoryName FROM transactions t LEFT JOIN categories c ON t.category_id = c.id WHERE t.id = ? AND t.user_id = ?
2026-05-12 09:30:49.945 [http-nio-8080-exec-10] DEBUG c.z.f.t.m.TransactionMapper.findById     : ==> Parameters: 24(Long), 1(Long)
2026-05-12 09:30:49.947 [http-nio-8080-exec-10] DEBUG c.z.f.t.m.TransactionMapper.findById     : <==      Total: 1
2026-05-12 09:30:49.948 [http-nio-8080-exec-10] DEBUG c.z.f.t.service.MinioStorageService      : Fetching from MinIO [object=transactions/tx_24_764aca22-00c8-46b3-aeae-ac1451af4fa5.jpg]
2026-05-12 09:30:49.960 [http-nio-8080-exec-10] DEBUG c.z.f.t.service.MinioStorageService      : Fetched 1353592 bytes from MinIO [object=transactions/tx_24_764aca22-00c8-46b3-aeae-ac1451af4fa5.jpg]
2026-05-12 09:30:50.029 [http-nio-8080-exec-1] DEBUG c.z.f.t.filter.JwtAuthenticationFilter   : Authenticated [user=Andy, uri=/api/transactions/23/image]
2026-05-12 09:30:50.030 [http-nio-8080-exec-1] DEBUG c.z.f.t.m.UserMapper.findByUsername      : ==>  Preparing: SELECT * FROM users WHERE username = ?
2026-05-12 09:30:50.030 [http-nio-8080-exec-1] DEBUG c.z.f.t.m.UserMapper.findByUsername      : ==> Parameters: Andy(String)
2026-05-12 09:30:50.032 [http-nio-8080-exec-1] DEBUG c.z.f.t.m.UserMapper.findByUsername      : <==      Total: 1
2026-05-12 09:30:50.032 [http-nio-8080-exec-1] DEBUG c.z.f.t.m.TransactionMapper.findById     : ==>  Preparing: SELECT t.*, c.name as categoryName FROM transactions t LEFT JOIN categories c ON t.category_id = c.id WHERE t.id = ? AND t.user_id = ?
2026-05-12 09:30:50.032 [http-nio-8080-exec-1] DEBUG c.z.f.t.m.TransactionMapper.findById     : ==> Parameters: 23(Long), 1(Long)
2026-05-12 09:30:50.034 [http-nio-8080-exec-1] DEBUG c.z.f.t.m.TransactionMapper.findById     : <==      Total: 1
2026-05-12 09:30:50.034 [http-nio-8080-exec-1] DEBUG c.z.f.t.service.MinioStorageService      : Fetching from MinIO [object=transactions/tx_23_986c4de8-9af1-4032-9e43-f499a6d375a3.jpg]
2026-05-12 09:30:50.043 [http-nio-8080-exec-1] DEBUG c.z.f.t.service.MinioStorageService      : Fetched 866644 bytes from MinIO [object=transactions/tx_23_986c4de8-9af1-4032-9e43-f499a6d375a3.jpg]
2026-05-12 09:30:51.406 [http-nio-8080-exec-3] DEBUG c.z.f.t.filter.JwtAuthenticationFilter   : Authenticated [user=Andy, uri=/api/transactions/23/image]
2026-05-12 09:30:51.408 [http-nio-8080-exec-3] DEBUG c.z.f.t.m.UserMapper.findByUsername      : ==>  Preparing: SELECT * FROM users WHERE username = ?
2026-05-12 09:30:51.409 [http-nio-8080-exec-3] DEBUG c.z.f.t.m.UserMapper.findByUsername      : ==> Parameters: Andy(String)
2026-05-12 09:30:51.410 [http-nio-8080-exec-3] DEBUG c.z.f.t.m.UserMapper.findByUsername      : <==      Total: 1
2026-05-12 09:30:51.411 [http-nio-8080-exec-3] DEBUG c.z.f.t.m.TransactionMapper.findById     : ==>  Preparing: SELECT t.*, c.name as categoryName FROM transactions t LEFT JOIN categories c ON t.category_id = c.id WHERE t.id = ? AND t.user_id = ?
2026-05-12 09:30:51.411 [http-nio-8080-exec-3] DEBUG c.z.f.t.m.TransactionMapper.findById     : ==> Parameters: 23(Long), 1(Long)
2026-05-12 09:30:51.413 [http-nio-8080-exec-3] DEBUG c.z.f.t.m.TransactionMapper.findById     : <==      Total: 1
2026-05-12 09:30:51.413 [http-nio-8080-exec-3] DEBUG c.z.f.t.service.MinioStorageService      : Fetching from MinIO [object=transactions/tx_23_986c4de8-9af1-4032-9e43-f499a6d375a3.jpg]
2026-05-12 09:30:51.421 [http-nio-8080-exec-3] DEBUG c.z.f.t.service.MinioStorageService      : Fetched 866644 bytes from MinIO [object=transactions/tx_23_986c4de8-9af1-4032-9e43-f499a6d375a3.jpg]
2026-05-12 09:30:51.469 [http-nio-8080-exec-8] DEBUG c.z.f.t.filter.JwtAuthenticationFilter   : Authenticated [user=Andy, uri=/api/transactions/24/image]
2026-05-12 09:30:51.469 [http-nio-8080-exec-8] DEBUG c.z.f.t.m.UserMapper.findByUsername      : ==>  Preparing: SELECT * FROM users WHERE username = ?
2026-05-12 09:30:51.470 [http-nio-8080-exec-8] DEBUG c.z.f.t.m.UserMapper.findByUsername      : ==> Parameters: Andy(String)
2026-05-12 09:30:51.471 [http-nio-8080-exec-8] DEBUG c.z.f.t.m.UserMapper.findByUsername      : <==      Total: 1
2026-05-12 09:30:51.471 [http-nio-8080-exec-8] DEBUG c.z.f.t.m.TransactionMapper.findById     : ==>  Preparing: SELECT t.*, c.name as categoryName FROM transactions t LEFT JOIN categories c ON t.category_id = c.id WHERE t.id = ? AND t.user_id = ?
2026-05-12 09:30:51.471 [http-nio-8080-exec-8] DEBUG c.z.f.t.m.TransactionMapper.findById     : ==> Parameters: 24(Long), 1(Long)
2026-05-12 09:30:51.473 [http-nio-8080-exec-8] DEBUG c.z.f.t.m.TransactionMapper.findById     : <==      Total: 1
2026-05-12 09:30:51.473 [http-nio-8080-exec-8] DEBUG c.z.f.t.service.MinioStorageService      : Fetching from MinIO [object=transactions/tx_24_764aca22-00c8-46b3-aeae-ac1451af4fa5.jpg]
2026-05-12 09:30:51.483 [http-nio-8080-exec-8] DEBUG c.z.f.t.service.MinioStorageService      : Fetched 1353592 bytes from MinIO [object=transactions/tx_24_764aca22-00c8-46b3-aeae-ac1451af4fa5.jpg]
2026-05-12 09:30:51.553 [http-nio-8080-exec-9] DEBUG c.z.f.t.filter.JwtAuthenticationFilter   : Authenticated [user=Andy, uri=/api/transactions/28/image]
2026-05-12 09:30:51.555 [http-nio-8080-exec-9] DEBUG c.z.f.t.m.UserMapper.findByUsername      : ==>  Preparing: SELECT * FROM users WHERE username = ?
2026-05-12 09:30:51.555 [http-nio-8080-exec-9] DEBUG c.z.f.t.m.UserMapper.findByUsername      : ==> Parameters: Andy(String)
2026-05-12 09:30:51.556 [http-nio-8080-exec-9] DEBUG c.z.f.t.m.UserMapper.findByUsername      : <==      Total: 1
2026-05-12 09:30:51.557 [http-nio-8080-exec-9] DEBUG c.z.f.t.m.TransactionMapper.findById     : ==>  Preparing: SELECT t.*, c.name as categoryName FROM transactions t LEFT JOIN categories c ON t.category_id = c.id WHERE t.id = ? AND t.user_id = ?
2026-05-12 09:30:51.557 [http-nio-8080-exec-9] DEBUG c.z.f.t.m.TransactionMapper.findById     : ==> Parameters: 28(Long), 1(Long)
2026-05-12 09:30:51.559 [http-nio-8080-exec-9] DEBUG c.z.f.t.m.TransactionMapper.findById     : <==      Total: 1
2026-05-12 09:30:51.559 [http-nio-8080-exec-9] DEBUG c.z.f.t.service.MinioStorageService      : Fetching from MinIO [object=transactions/tx_28_c602e60e-2fb0-4bac-a365-cee60c0093d0.jpg]
2026-05-12 09:30:51.572 [http-nio-8080-exec-9] DEBUG c.z.f.t.service.MinioStorageService      : Fetched 899766 bytes from MinIO [object=transactions/tx_28_c602e60e-2fb0-4bac-a365-cee60c0093d0.jpg]
2026-05-12 09:30:52.527 [http-nio-8080-exec-10] DEBUG c.z.f.t.filter.JwtAuthenticationFilter   : Authenticated [user=Andy, uri=/api/transactions/28/image]
2026-05-12 09:30:52.529 [http-nio-8080-exec-10] DEBUG c.z.f.t.m.UserMapper.findByUsername      : ==>  Preparing: SELECT * FROM users WHERE username = ?
2026-05-12 09:30:52.529 [http-nio-8080-exec-10] DEBUG c.z.f.t.m.UserMapper.findByUsername      : ==> Parameters: Andy(String)
2026-05-12 09:30:52.531 [http-nio-8080-exec-10] DEBUG c.z.f.t.m.UserMapper.findByUsername      : <==      Total: 1
2026-05-12 09:30:52.531 [http-nio-8080-exec-10] DEBUG c.z.f.t.m.TransactionMapper.findById     : ==>  Preparing: SELECT t.*, c.name as categoryName FROM transactions t LEFT JOIN categories c ON t.category_id = c.id WHERE t.id = ? AND t.user_id = ?
2026-05-12 09:30:52.532 [http-nio-8080-exec-10] DEBUG c.z.f.t.m.TransactionMapper.findById     : ==> Parameters: 28(Long), 1(Long)
2026-05-12 09:30:52.533 [http-nio-8080-exec-10] DEBUG c.z.f.t.m.TransactionMapper.findById     : <==      Total: 1
2026-05-12 09:30:52.534 [http-nio-8080-exec-10] DEBUG c.z.f.t.service.MinioStorageService      : Fetching from MinIO [object=transactions/tx_28_c602e60e-2fb0-4bac-a365-cee60c0093d0.jpg]
2026-05-12 09:30:52.541 [http-nio-8080-exec-10] DEBUG c.z.f.t.service.MinioStorageService      : Fetched 899766 bytes from MinIO [object=transactions/tx_28_c602e60e-2fb0-4bac-a365-cee60c0093d0.jpg]
2026-05-12 09:31:09.446 [http-nio-8080-exec-1] DEBUG c.z.f.t.filter.JwtAuthenticationFilter   : Authenticated [user=Andy, uri=/api/transactions/summary]
2026-05-12 09:31:09.447 [http-nio-8080-exec-1] DEBUG c.z.f.t.m.UserMapper.findByUsername      : ==>  Preparing: SELECT * FROM users WHERE username = ?
2026-05-12 09:31:09.447 [http-nio-8080-exec-1] DEBUG c.z.f.t.m.UserMapper.findByUsername      : ==> Parameters: Andy(String)
2026-05-12 09:31:09.448 [http-nio-8080-exec-1] DEBUG c.z.f.t.m.UserMapper.findByUsername      : <==      Total: 1
2026-05-12 09:31:10.070 [http-nio-8080-exec-3] DEBUG c.z.f.t.filter.JwtAuthenticationFilter   : Authenticated [user=Andy, uri=/api/transactions/daily-trends]
2026-05-12 09:31:10.071 [http-nio-8080-exec-3] DEBUG c.z.f.t.m.UserMapper.findByUsername      : ==>  Preparing: SELECT * FROM users WHERE username = ?
2026-05-12 09:31:10.072 [http-nio-8080-exec-3] DEBUG c.z.f.t.m.UserMapper.findByUsername      : ==> Parameters: Andy(String)
2026-05-12 09:31:10.073 [http-nio-8080-exec-3] DEBUG c.z.f.t.m.UserMapper.findByUsername      : <==      Total: 1
2026-05-12 09:31:10.725 [http-nio-8080-exec-8] DEBUG c.z.f.t.filter.JwtAuthenticationFilter   : Authenticated [user=Andy, uri=/api/transactions/history]
2026-05-12 09:31:10.726 [http-nio-8080-exec-8] DEBUG c.z.f.t.m.UserMapper.findByUsername      : ==>  Preparing: SELECT * FROM users WHERE username = ?
2026-05-12 09:31:10.726 [http-nio-8080-exec-8] DEBUG c.z.f.t.m.UserMapper.findByUsername      : ==> Parameters: Andy(String)
2026-05-12 09:31:10.727 [http-nio-8080-exec-8] DEBUG c.z.f.t.m.UserMapper.findByUsername      : <==      Total: 1
2026-05-12 09:31:10.728 [http-nio-8080-exec-8] DEBUG c.z.f.t.m.T.findAllFiltered              : ==>  Preparing: SELECT t.*, c.name as categoryName FROM transactions t LEFT JOIN categories c ON t.category_id = c.id WHERE t.user_id = ? ORDER BY t.date DESC, t.id DESC LIMIT ? OFFSET ?
2026-05-12 09:31:10.728 [http-nio-8080-exec-8] DEBUG c.z.f.t.m.T.findAllFiltered              : ==> Parameters: 1(Long), 5(Integer), 0(Integer)
2026-05-12 09:31:10.729 [http-nio-8080-exec-8] DEBUG c.z.f.t.m.T.findAllFiltered              : <==      Total: 5
2026-05-12 09:31:10.730 [http-nio-8080-exec-8] DEBUG c.z.f.t.m.T.countFiltered                : ==>  Preparing: SELECT COUNT(*) FROM transactions t WHERE user_id = ?
2026-05-12 09:31:10.730 [http-nio-8080-exec-8] DEBUG c.z.f.t.m.T.countFiltered                : ==> Parameters: 1(Long)
2026-05-12 09:31:10.731 [http-nio-8080-exec-8] DEBUG c.z.f.t.m.T.countFiltered                : <==      Total: 1
2026-05-12 09:31:10.731 [http-nio-8080-exec-8] DEBUG c.z.f.t.c.TransactionController          : History query [userId=1, page=0, size=5, total=32]
2026-05-12 09:31:11.386 [http-nio-8080-exec-9] DEBUG c.z.f.t.filter.JwtAuthenticationFilter   : Authenticated [user=Andy, uri=/api/recurring/upcoming]
2026-05-12 09:31:11.387 [http-nio-8080-exec-9] DEBUG c.z.f.t.m.UserMapper.findByUsername      : ==>  Preparing: SELECT * FROM users WHERE username = ?
2026-05-12 09:31:11.387 [http-nio-8080-exec-9] DEBUG c.z.f.t.m.UserMapper.findByUsername      : ==> Parameters: Andy(String)
2026-05-12 09:31:11.388 [http-nio-8080-exec-9] DEBUG c.z.f.t.m.UserMapper.findByUsername      : <==      Total: 1
2026-05-12 09:31:11.389 [http-nio-8080-exec-9] DEBUG c.z.f.t.m.RecurringMapper.findUpcoming   : ==>  Preparing: SELECT r.*, c.name as categoryName FROM recurring_transactions r LEFT JOIN categories c ON r.category_id = c.id WHERE r.user_id = ? AND r.is_active = TRUE AND r.next_due_date <= DATE_ADD(CURDATE(), INTERVAL ? DAY) ORDER BY r.next_due_date ASC
2026-05-12 09:31:11.389 [http-nio-8080-exec-9] DEBUG c.z.f.t.m.RecurringMapper.findUpcoming   : ==> Parameters: 1(Long), 7(Integer)
2026-05-12 09:31:11.390 [http-nio-8080-exec-9] DEBUG c.z.f.t.m.RecurringMapper.findUpcoming   : <==      Total: 0
2026-05-12 09:31:13.140 [http-nio-8080-exec-10] DEBUG c.z.f.t.filter.JwtAuthenticationFilter   : Authenticated [user=Andy, uri=/api/transactions/history]
2026-05-12 09:31:13.141 [http-nio-8080-exec-10] DEBUG c.z.f.t.m.UserMapper.findByUsername      : ==>  Preparing: SELECT * FROM users WHERE username = ?
2026-05-12 09:31:13.141 [http-nio-8080-exec-10] DEBUG c.z.f.t.m.UserMapper.findByUsername      : ==> Parameters: Andy(String)
2026-05-12 09:31:13.142 [http-nio-8080-exec-10] DEBUG c.z.f.t.m.UserMapper.findByUsername      : <==      Total: 1
2026-05-12 09:31:13.143 [http-nio-8080-exec-10] DEBUG c.z.f.t.m.T.findAllFiltered              : ==>  Preparing: SELECT t.*, c.name as categoryName FROM transactions t LEFT JOIN categories c ON t.category_id = c.id WHERE t.user_id = ? ORDER BY t.date DESC, t.id DESC LIMIT ? OFFSET ?
2026-05-12 09:31:13.143 [http-nio-8080-exec-10] DEBUG c.z.f.t.m.T.findAllFiltered              : ==> Parameters: 1(Long), 15(Integer), 0(Integer)
2026-05-12 09:31:13.144 [http-nio-8080-exec-10] DEBUG c.z.f.t.m.T.findAllFiltered              : <==      Total: 15
2026-05-12 09:31:13.145 [http-nio-8080-exec-10] DEBUG c.z.f.t.m.T.countFiltered                : ==>  Preparing: SELECT COUNT(*) FROM transactions t WHERE user_id = ?
2026-05-12 09:31:13.145 [http-nio-8080-exec-10] DEBUG c.z.f.t.m.T.countFiltered                : ==> Parameters: 1(Long)
2026-05-12 09:31:13.146 [http-nio-8080-exec-10] DEBUG c.z.f.t.m.T.countFiltered                : <==      Total: 1
2026-05-12 09:31:13.146 [http-nio-8080-exec-10] DEBUG c.z.f.t.c.TransactionController          : History query [userId=1, page=0, size=15, total=32]
2026-05-12 09:31:13.950 [http-nio-8080-exec-1] DEBUG c.z.f.t.filter.JwtAuthenticationFilter   : Authenticated [user=Andy, uri=/api/categories]
2026-05-12 09:31:13.951 [http-nio-8080-exec-1] DEBUG c.z.f.t.m.UserMapper.findByUsername      : ==>  Preparing: SELECT * FROM users WHERE username = ?
2026-05-12 09:31:13.951 [http-nio-8080-exec-1] DEBUG c.z.f.t.m.UserMapper.findByUsername      : ==> Parameters: Andy(String)
2026-05-12 09:31:13.952 [http-nio-8080-exec-1] DEBUG c.z.f.t.m.UserMapper.findByUsername      : <==      Total: 1
2026-05-12 09:31:14.338 [http-nio-8080-exec-3] DEBUG c.z.f.t.filter.JwtAuthenticationFilter   : Authenticated [user=Andy, uri=/api/transactions/32/image]
2026-05-12 09:31:14.339 [http-nio-8080-exec-3] DEBUG c.z.f.t.m.UserMapper.findByUsername      : ==>  Preparing: SELECT * FROM users WHERE username = ?
2026-05-12 09:31:14.339 [http-nio-8080-exec-3] DEBUG c.z.f.t.m.UserMapper.findByUsername      : ==> Parameters: Andy(String)
2026-05-12 09:31:14.340 [http-nio-8080-exec-3] DEBUG c.z.f.t.m.UserMapper.findByUsername      : <==      Total: 1
2026-05-12 09:31:14.340 [http-nio-8080-exec-3] DEBUG c.z.f.t.m.TransactionMapper.findById     : ==>  Preparing: SELECT t.*, c.name as categoryName FROM transactions t LEFT JOIN categories c ON t.category_id = c.id WHERE t.id = ? AND t.user_id = ?
2026-05-12 09:31:14.341 [http-nio-8080-exec-3] DEBUG c.z.f.t.m.TransactionMapper.findById     : ==> Parameters: 32(Long), 1(Long)
2026-05-12 09:31:14.342 [http-nio-8080-exec-3] DEBUG c.z.f.t.m.TransactionMapper.findById     : <==      Total: 1
2026-05-12 09:31:14.342 [http-nio-8080-exec-3] DEBUG c.z.f.t.service.MinioStorageService      : Fetching from MinIO [object=transactions/tx_32_b4e7d9a8-0334-4d7c-866e-c52d5fd86c97.jpg]
2026-05-12 09:31:14.347 [http-nio-8080-exec-3] DEBUG c.z.f.t.service.MinioStorageService      : Fetched 894934 bytes from MinIO [object=transactions/tx_32_b4e7d9a8-0334-4d7c-866e-c52d5fd86c97.jpg]
2026-05-12 09:31:14.408 [http-nio-8080-exec-8] DEBUG c.z.f.t.filter.JwtAuthenticationFilter   : Authenticated [user=Andy, uri=/api/transactions/31/image]
2026-05-12 09:31:14.408 [http-nio-8080-exec-8] DEBUG c.z.f.t.m.UserMapper.findByUsername      : ==>  Preparing: SELECT * FROM users WHERE username = ?
2026-05-12 09:31:14.408 [http-nio-8080-exec-8] DEBUG c.z.f.t.m.UserMapper.findByUsername      : ==> Parameters: Andy(String)
2026-05-12 09:31:14.410 [http-nio-8080-exec-8] DEBUG c.z.f.t.m.UserMapper.findByUsername      : <==      Total: 1
2026-05-12 09:31:14.410 [http-nio-8080-exec-8] DEBUG c.z.f.t.m.TransactionMapper.findById     : ==>  Preparing: SELECT t.*, c.name as categoryName FROM transactions t LEFT JOIN categories c ON t.category_id = c.id WHERE t.id = ? AND t.user_id = ?
2026-05-12 09:31:14.410 [http-nio-8080-exec-8] DEBUG c.z.f.t.m.TransactionMapper.findById     : ==> Parameters: 31(Long), 1(Long)
2026-05-12 09:31:14.412 [http-nio-8080-exec-8] DEBUG c.z.f.t.m.TransactionMapper.findById     : <==      Total: 1
2026-05-12 09:31:14.412 [http-nio-8080-exec-8] DEBUG c.z.f.t.service.MinioStorageService      : Fetching from MinIO [object=transactions/tx_31_9133791b-dffe-4d7b-84bf-05ddc9ad6ee9.jpg]
2026-05-12 09:31:14.413 [http-nio-8080-exec-2] DEBUG c.z.f.t.filter.JwtAuthenticationFilter   : Authenticated [user=Andy, uri=/api/transactions/34/image]
2026-05-12 09:31:14.413 [http-nio-8080-exec-9] DEBUG c.z.f.t.filter.JwtAuthenticationFilter   : Authenticated [user=Andy, uri=/api/transactions/30/image]
2026-05-12 09:31:14.414 [http-nio-8080-exec-9] DEBUG c.z.f.t.m.UserMapper.findByUsername      : ==>  Preparing: SELECT * FROM users WHERE username = ?
2026-05-12 09:31:14.414 [http-nio-8080-exec-6] DEBUG c.z.f.t.filter.JwtAuthenticationFilter   : Authenticated [user=Andy, uri=/api/transactions/33/image]
2026-05-12 09:31:14.414 [http-nio-8080-exec-9] DEBUG c.z.f.t.m.UserMapper.findByUsername      : ==> Parameters: Andy(String)
2026-05-12 09:31:14.414 [http-nio-8080-exec-2] DEBUG c.z.f.t.m.UserMapper.findByUsername      : ==>  Preparing: SELECT * FROM users WHERE username = ?
2026-05-12 09:31:14.415 [http-nio-8080-exec-2] DEBUG c.z.f.t.m.UserMapper.findByUsername      : ==> Parameters: Andy(String)
2026-05-12 09:31:14.415 [http-nio-8080-exec-6] DEBUG c.z.f.t.m.UserMapper.findByUsername      : ==>  Preparing: SELECT * FROM users WHERE username = ?
2026-05-12 09:31:14.415 [http-nio-8080-exec-6] DEBUG c.z.f.t.m.UserMapper.findByUsername      : ==> Parameters: Andy(String)
2026-05-12 09:31:14.415 [http-nio-8080-exec-9] DEBUG c.z.f.t.m.UserMapper.findByUsername      : <==      Total: 1
2026-05-12 09:31:14.415 [http-nio-8080-exec-9] DEBUG c.z.f.t.m.TransactionMapper.findById     : ==>  Preparing: SELECT t.*, c.name as categoryName FROM transactions t LEFT JOIN categories c ON t.category_id = c.id WHERE t.id = ? AND t.user_id = ?
2026-05-12 09:31:14.416 [http-nio-8080-exec-9] DEBUG c.z.f.t.m.TransactionMapper.findById     : ==> Parameters: 30(Long), 1(Long)
2026-05-12 09:31:14.416 [http-nio-8080-exec-2] DEBUG c.z.f.t.m.UserMapper.findByUsername      : <==      Total: 1
2026-05-12 09:31:14.416 [http-nio-8080-exec-2] DEBUG c.z.f.t.m.TransactionMapper.findById     : ==>  Preparing: SELECT t.*, c.name as categoryName FROM transactions t LEFT JOIN categories c ON t.category_id = c.id WHERE t.id = ? AND t.user_id = ?
2026-05-12 09:31:14.416 [http-nio-8080-exec-2] DEBUG c.z.f.t.m.TransactionMapper.findById     : ==> Parameters: 34(Long), 1(Long)
2026-05-12 09:31:14.416 [http-nio-8080-exec-6] DEBUG c.z.f.t.m.UserMapper.findByUsername      : <==      Total: 1
2026-05-12 09:31:14.417 [http-nio-8080-exec-6] DEBUG c.z.f.t.m.TransactionMapper.findById     : ==>  Preparing: SELECT t.*, c.name as categoryName FROM transactions t LEFT JOIN categories c ON t.category_id = c.id WHERE t.id = ? AND t.user_id = ?
2026-05-12 09:31:14.417 [http-nio-8080-exec-9] DEBUG c.z.f.t.m.TransactionMapper.findById     : <==      Total: 1
2026-05-12 09:31:14.417 [http-nio-8080-exec-6] DEBUG c.z.f.t.m.TransactionMapper.findById     : ==> Parameters: 33(Long), 1(Long)
2026-05-12 09:31:14.417 [http-nio-8080-exec-9] DEBUG c.z.f.t.service.MinioStorageService      : Fetching from MinIO [object=transactions/tx_30_6ec29c0d-e9f8-419c-a92f-cf622a2f63f2.jpg]
2026-05-12 09:31:14.417 [http-nio-8080-exec-2] DEBUG c.z.f.t.m.TransactionMapper.findById     : <==      Total: 1
2026-05-12 09:31:14.417 [http-nio-8080-exec-2] DEBUG c.z.f.t.service.MinioStorageService      : Fetching from MinIO [object=transactions/tx_34_5a52ade7-c821-45c6-ab22-3102d0e4851c.jpg]
2026-05-12 09:31:14.419 [http-nio-8080-exec-6] DEBUG c.z.f.t.m.TransactionMapper.findById     : <==      Total: 1
2026-05-12 09:31:14.419 [http-nio-8080-exec-6] DEBUG c.z.f.t.service.MinioStorageService      : Fetching from MinIO [object=transactions/tx_33_d538c701-cf2d-4e52-9974-7010187a4d7b.jpg]
2026-05-12 09:31:14.421 [http-nio-8080-exec-8] DEBUG c.z.f.t.service.MinioStorageService      : Fetched 899766 bytes from MinIO [object=transactions/tx_31_9133791b-dffe-4d7b-84bf-05ddc9ad6ee9.jpg]
2026-05-12 09:31:14.426 [http-nio-8080-exec-9] DEBUG c.z.f.t.service.MinioStorageService      : Fetched 30972 bytes from MinIO [object=transactions/tx_30_6ec29c0d-e9f8-419c-a92f-cf622a2f63f2.jpg]
2026-05-12 09:31:14.430 [http-nio-8080-exec-2] DEBUG c.z.f.t.service.MinioStorageService      : Fetched 894934 bytes from MinIO [object=transactions/tx_34_5a52ade7-c821-45c6-ab22-3102d0e4851c.jpg]
2026-05-12 09:31:14.431 [http-nio-8080-exec-6] DEBUG c.z.f.t.service.MinioStorageService      : Fetched 894934 bytes from MinIO [object=transactions/tx_33_d538c701-cf2d-4e52-9974-7010187a4d7b.jpg]
2026-05-12 09:31:14.551 [http-nio-8080-exec-3] DEBUG c.z.f.t.filter.JwtAuthenticationFilter   : Authenticated [user=Andy, uri=/api/categories]
2026-05-12 09:31:14.552 [http-nio-8080-exec-3] DEBUG c.z.f.t.m.UserMapper.findByUsername      : ==>  Preparing: SELECT * FROM users WHERE username = ?
2026-05-12 09:31:14.552 [http-nio-8080-exec-3] DEBUG c.z.f.t.m.UserMapper.findByUsername      : ==> Parameters: Andy(String)
2026-05-12 09:31:14.553 [http-nio-8080-exec-3] DEBUG c.z.f.t.m.UserMapper.findByUsername      : <==      Total: 1
2026-05-12 09:31:14.918 [http-nio-8080-exec-8] DEBUG c.z.f.t.filter.JwtAuthenticationFilter   : Authenticated [user=Andy, uri=/api/transactions/29/image]
2026-05-12 09:31:14.919 [http-nio-8080-exec-8] DEBUG c.z.f.t.m.UserMapper.findByUsername      : ==>  Preparing: SELECT * FROM users WHERE username = ?
2026-05-12 09:31:14.919 [http-nio-8080-exec-8] DEBUG c.z.f.t.m.UserMapper.findByUsername      : ==> Parameters: Andy(String)
2026-05-12 09:31:14.921 [http-nio-8080-exec-8] DEBUG c.z.f.t.m.UserMapper.findByUsername      : <==      Total: 1
2026-05-12 09:31:14.921 [http-nio-8080-exec-8] DEBUG c.z.f.t.m.TransactionMapper.findById     : ==>  Preparing: SELECT t.*, c.name as categoryName FROM transactions t LEFT JOIN categories c ON t.category_id = c.id WHERE t.id = ? AND t.user_id = ?
2026-05-12 09:31:14.921 [http-nio-8080-exec-8] DEBUG c.z.f.t.m.TransactionMapper.findById     : ==> Parameters: 29(Long), 1(Long)
2026-05-12 09:31:14.922 [http-nio-8080-exec-8] DEBUG c.z.f.t.m.TransactionMapper.findById     : <==      Total: 1
2026-05-12 09:31:14.922 [http-nio-8080-exec-8] DEBUG c.z.f.t.service.MinioStorageService      : Fetching from MinIO [object=transactions/tx_29_b889f510-b781-4ea9-b387-5002b32483d9.jpg]
2026-05-12 09:31:14.926 [http-nio-8080-exec-8] DEBUG c.z.f.t.service.MinioStorageService      : Fetched 30972 bytes from MinIO [object=transactions/tx_29_b889f510-b781-4ea9-b387-5002b32483d9.jpg]
2026-05-12 09:31:22.835 [http-nio-8080-exec-9] DEBUG c.z.f.t.filter.JwtAuthenticationFilter   : Authenticated [user=Andy, uri=/api/transactions/28/image]
2026-05-12 09:31:22.836 [http-nio-8080-exec-9] DEBUG c.z.f.t.m.UserMapper.findByUsername      : ==>  Preparing: SELECT * FROM users WHERE username = ?
2026-05-12 09:31:22.836 [http-nio-8080-exec-9] DEBUG c.z.f.t.m.UserMapper.findByUsername      : ==> Parameters: Andy(String)
2026-05-12 09:31:22.837 [http-nio-8080-exec-9] DEBUG c.z.f.t.m.UserMapper.findByUsername      : <==      Total: 1
2026-05-12 09:31:22.838 [http-nio-8080-exec-9] DEBUG c.z.f.t.m.TransactionMapper.findById     : ==>  Preparing: SELECT t.*, c.name as categoryName FROM transactions t LEFT JOIN categories c ON t.category_id = c.id WHERE t.id = ? AND t.user_id = ?
2026-05-12 09:31:22.838 [http-nio-8080-exec-9] DEBUG c.z.f.t.m.TransactionMapper.findById     : ==> Parameters: 28(Long), 1(Long)
2026-05-12 09:31:22.839 [http-nio-8080-exec-9] DEBUG c.z.f.t.m.TransactionMapper.findById     : <==      Total: 1
2026-05-12 09:31:22.839 [http-nio-8080-exec-9] DEBUG c.z.f.t.service.MinioStorageService      : Fetching from MinIO [object=transactions/tx_28_c602e60e-2fb0-4bac-a365-cee60c0093d0.jpg]
2026-05-12 09:31:22.845 [http-nio-8080-exec-9] DEBUG c.z.f.t.service.MinioStorageService      : Fetched 899766 bytes from MinIO [object=transactions/tx_28_c602e60e-2fb0-4bac-a365-cee60c0093d0.jpg]
2026-05-12 09:31:23.000 [http-nio-8080-exec-2] DEBUG c.z.f.t.filter.JwtAuthenticationFilter   : Authenticated [user=Andy, uri=/api/transactions/24/image]
2026-05-12 09:31:23.001 [http-nio-8080-exec-2] DEBUG c.z.f.t.m.UserMapper.findByUsername      : ==>  Preparing: SELECT * FROM users WHERE username = ?
2026-05-12 09:31:23.001 [http-nio-8080-exec-2] DEBUG c.z.f.t.m.UserMapper.findByUsername      : ==> Parameters: Andy(String)
2026-05-12 09:31:23.002 [http-nio-8080-exec-2] DEBUG c.z.f.t.m.UserMapper.findByUsername      : <==      Total: 1
2026-05-12 09:31:23.003 [http-nio-8080-exec-2] DEBUG c.z.f.t.m.TransactionMapper.findById     : ==>  Preparing: SELECT t.*, c.name as categoryName FROM transactions t LEFT JOIN categories c ON t.category_id = c.id WHERE t.id = ? AND t.user_id = ?
2026-05-12 09:31:23.003 [http-nio-8080-exec-2] DEBUG c.z.f.t.m.TransactionMapper.findById     : ==> Parameters: 24(Long), 1(Long)
2026-05-12 09:31:23.004 [http-nio-8080-exec-2] DEBUG c.z.f.t.m.TransactionMapper.findById     : <==      Total: 1
2026-05-12 09:31:23.004 [http-nio-8080-exec-2] DEBUG c.z.f.t.service.MinioStorageService      : Fetching from MinIO [object=transactions/tx_24_764aca22-00c8-46b3-aeae-ac1451af4fa5.jpg]
2026-05-12 09:31:23.011 [http-nio-8080-exec-2] DEBUG c.z.f.t.service.MinioStorageService      : Fetched 1353592 bytes from MinIO [object=transactions/tx_24_764aca22-00c8-46b3-aeae-ac1451af4fa5.jpg]
2026-05-12 09:31:29.182 [http-nio-8080-exec-1] DEBUG c.z.f.t.filter.JwtAuthenticationFilter   : Authenticated [user=Andy, uri=/api/transactions/28/image]
2026-05-12 09:31:29.183 [http-nio-8080-exec-1] DEBUG c.z.f.t.m.UserMapper.findByUsername      : ==>  Preparing: SELECT * FROM users WHERE username = ?
2026-05-12 09:31:29.183 [http-nio-8080-exec-1] DEBUG c.z.f.t.m.UserMapper.findByUsername      : ==> Parameters: Andy(String)
2026-05-12 09:31:29.184 [http-nio-8080-exec-1] DEBUG c.z.f.t.m.UserMapper.findByUsername      : <==      Total: 1
2026-05-12 09:31:29.185 [http-nio-8080-exec-1] DEBUG c.z.f.t.m.TransactionMapper.findById     : ==>  Preparing: SELECT t.*, c.name as categoryName FROM transactions t LEFT JOIN categories c ON t.category_id = c.id WHERE t.id = ? AND t.user_id = ?
2026-05-12 09:31:29.185 [http-nio-8080-exec-1] DEBUG c.z.f.t.m.TransactionMapper.findById     : ==> Parameters: 28(Long), 1(Long)
2026-05-12 09:31:29.186 [http-nio-8080-exec-1] DEBUG c.z.f.t.m.TransactionMapper.findById     : <==      Total: 1
2026-05-12 09:31:29.186 [http-nio-8080-exec-1] DEBUG c.z.f.t.service.MinioStorageService      : Fetching from MinIO [object=transactions/tx_28_c602e60e-2fb0-4bac-a365-cee60c0093d0.jpg]
2026-05-12 09:31:29.192 [http-nio-8080-exec-1] DEBUG c.z.f.t.service.MinioStorageService      : Fetched 899766 bytes from MinIO [object=transactions/tx_28_c602e60e-2fb0-4bac-a365-cee60c0093d0.jpg]
2026-05-12 09:31:32.488 [http-nio-8080-exec-3] DEBUG c.z.f.t.filter.JwtAuthenticationFilter   : Authenticated [user=Andy, uri=/api/transactions/24/image]
2026-05-12 09:31:32.489 [http-nio-8080-exec-3] DEBUG c.z.f.t.m.UserMapper.findByUsername      : ==>  Preparing: SELECT * FROM users WHERE username = ?
2026-05-12 09:31:32.489 [http-nio-8080-exec-3] DEBUG c.z.f.t.m.UserMapper.findByUsername      : ==> Parameters: Andy(String)
2026-05-12 09:31:32.490 [http-nio-8080-exec-3] DEBUG c.z.f.t.m.UserMapper.findByUsername      : <==      Total: 1
2026-05-12 09:31:32.490 [http-nio-8080-exec-3] DEBUG c.z.f.t.m.TransactionMapper.findById     : ==>  Preparing: SELECT t.*, c.name as categoryName FROM transactions t LEFT JOIN categories c ON t.category_id = c.id WHERE t.id = ? AND t.user_id = ?
2026-05-12 09:31:32.491 [http-nio-8080-exec-3] DEBUG c.z.f.t.m.TransactionMapper.findById     : ==> Parameters: 24(Long), 1(Long)
2026-05-12 09:31:32.492 [http-nio-8080-exec-3] DEBUG c.z.f.t.m.TransactionMapper.findById     : <==      Total: 1
2026-05-12 09:31:32.492 [http-nio-8080-exec-3] DEBUG c.z.f.t.service.MinioStorageService      : Fetching from MinIO [object=transactions/tx_24_764aca22-00c8-46b3-aeae-ac1451af4fa5.jpg]
2026-05-12 09:31:32.500 [http-nio-8080-exec-3] DEBUG c.z.f.t.service.MinioStorageService      : Fetched 1353592 bytes from MinIO [object=transactions/tx_24_764aca22-00c8-46b3-aeae-ac1451af4fa5.jpg]
2026-05-12 09:31:33.112 [http-nio-8080-exec-8] DEBUG c.z.f.t.filter.JwtAuthenticationFilter   : Authenticated [user=Andy, uri=/api/transactions/24/image]
2026-05-12 09:31:33.113 [http-nio-8080-exec-8] DEBUG c.z.f.t.m.UserMapper.findByUsername      : ==>  Preparing: SELECT * FROM users WHERE username = ?
2026-05-12 09:31:33.113 [http-nio-8080-exec-8] DEBUG c.z.f.t.m.UserMapper.findByUsername      : ==> Parameters: Andy(String)
2026-05-12 09:31:33.114 [http-nio-8080-exec-8] DEBUG c.z.f.t.m.UserMapper.findByUsername      : <==      Total: 1
2026-05-12 09:31:33.115 [http-nio-8080-exec-8] DEBUG c.z.f.t.m.TransactionMapper.findById     : ==>  Preparing: SELECT t.*, c.name as categoryName FROM transactions t LEFT JOIN categories c ON t.category_id = c.id WHERE t.id = ? AND t.user_id = ?
2026-05-12 09:31:33.115 [http-nio-8080-exec-8] DEBUG c.z.f.t.m.TransactionMapper.findById     : ==> Parameters: 24(Long), 1(Long)
2026-05-12 09:31:33.116 [http-nio-8080-exec-8] DEBUG c.z.f.t.m.TransactionMapper.findById     : <==      Total: 1
2026-05-12 09:31:33.116 [http-nio-8080-exec-8] DEBUG c.z.f.t.service.MinioStorageService      : Fetching from MinIO [object=transactions/tx_24_764aca22-00c8-46b3-aeae-ac1451af4fa5.jpg]
2026-05-12 09:31:33.126 [http-nio-8080-exec-8] DEBUG c.z.f.t.service.MinioStorageService      : Fetched 1353592 bytes from MinIO [object=transactions/tx_24_764aca22-00c8-46b3-aeae-ac1451af4fa5.jpg]
2026-05-12 09:31:33.157 [http-nio-8080-exec-9] DEBUG c.z.f.t.filter.JwtAuthenticationFilter   : Authenticated [user=Andy, uri=/api/transactions/23/image]
2026-05-12 09:31:33.158 [http-nio-8080-exec-9] DEBUG c.z.f.t.m.UserMapper.findByUsername      : ==>  Preparing: SELECT * FROM users WHERE username = ?
2026-05-12 09:31:33.158 [http-nio-8080-exec-9] DEBUG c.z.f.t.m.UserMapper.findByUsername      : ==> Parameters: Andy(String)
2026-05-12 09:31:33.159 [http-nio-8080-exec-9] DEBUG c.z.f.t.m.UserMapper.findByUsername      : <==      Total: 1
2026-05-12 09:31:33.159 [http-nio-8080-exec-9] DEBUG c.z.f.t.m.TransactionMapper.findById     : ==>  Preparing: SELECT t.*, c.name as categoryName FROM transactions t LEFT JOIN categories c ON t.category_id = c.id WHERE t.id = ? AND t.user_id = ?
2026-05-12 09:31:33.159 [http-nio-8080-exec-9] DEBUG c.z.f.t.m.TransactionMapper.findById     : ==> Parameters: 23(Long), 1(Long)
2026-05-12 09:31:33.160 [http-nio-8080-exec-9] DEBUG c.z.f.t.m.TransactionMapper.findById     : <==      Total: 1
2026-05-12 09:31:33.160 [http-nio-8080-exec-9] DEBUG c.z.f.t.service.MinioStorageService      : Fetching from MinIO [object=transactions/tx_23_986c4de8-9af1-4032-9e43-f499a6d375a3.jpg]
2026-05-12 09:31:33.164 [http-nio-8080-exec-9] DEBUG c.z.f.t.service.MinioStorageService      : Fetched 866644 bytes from MinIO [object=transactions/tx_23_986c4de8-9af1-4032-9e43-f499a6d375a3.jpg]
2026-05-12 09:31:40.684 [http-nio-8080-exec-2] DEBUG c.z.f.t.filter.JwtAuthenticationFilter   : Authenticated [user=Andy, uri=/api/transactions/summary]
2026-05-12 09:31:40.685 [http-nio-8080-exec-2] DEBUG c.z.f.t.m.UserMapper.findByUsername      : ==>  Preparing: SELECT * FROM users WHERE username = ?
2026-05-12 09:31:40.685 [http-nio-8080-exec-2] DEBUG c.z.f.t.m.UserMapper.findByUsername      : ==> Parameters: Andy(String)
2026-05-12 09:31:40.686 [http-nio-8080-exec-2] DEBUG c.z.f.t.m.UserMapper.findByUsername      : <==      Total: 1
2026-05-12 09:31:41.090 [http-nio-8080-exec-1] DEBUG c.z.f.t.filter.JwtAuthenticationFilter   : Authenticated [user=Andy, uri=/api/transactions/daily-trends]
2026-05-12 09:31:41.091 [http-nio-8080-exec-1] DEBUG c.z.f.t.m.UserMapper.findByUsername      : ==>  Preparing: SELECT * FROM users WHERE username = ?
2026-05-12 09:31:41.091 [http-nio-8080-exec-1] DEBUG c.z.f.t.m.UserMapper.findByUsername      : ==> Parameters: Andy(String)
2026-05-12 09:31:41.092 [http-nio-8080-exec-1] DEBUG c.z.f.t.m.UserMapper.findByUsername      : <==      Total: 1
2026-05-12 09:31:41.472 [http-nio-8080-exec-3] DEBUG c.z.f.t.filter.JwtAuthenticationFilter   : Authenticated [user=Andy, uri=/api/transactions/history]
2026-05-12 09:31:41.474 [http-nio-8080-exec-3] DEBUG c.z.f.t.m.UserMapper.findByUsername      : ==>  Preparing: SELECT * FROM users WHERE username = ?
2026-05-12 09:31:41.474 [http-nio-8080-exec-3] DEBUG c.z.f.t.m.UserMapper.findByUsername      : ==> Parameters: Andy(String)
2026-05-12 09:31:41.476 [http-nio-8080-exec-3] DEBUG c.z.f.t.m.UserMapper.findByUsername      : <==      Total: 1
2026-05-12 09:31:41.476 [http-nio-8080-exec-3] DEBUG c.z.f.t.m.T.findAllFiltered              : ==>  Preparing: SELECT t.*, c.name as categoryName FROM transactions t LEFT JOIN categories c ON t.category_id = c.id WHERE t.user_id = ? ORDER BY t.date DESC, t.id DESC LIMIT ? OFFSET ?
2026-05-12 09:31:41.477 [http-nio-8080-exec-3] DEBUG c.z.f.t.m.T.findAllFiltered              : ==> Parameters: 1(Long), 5(Integer), 0(Integer)
2026-05-12 09:31:41.478 [http-nio-8080-exec-3] DEBUG c.z.f.t.m.T.findAllFiltered              : <==      Total: 5
2026-05-12 09:31:41.478 [http-nio-8080-exec-3] DEBUG c.z.f.t.m.T.countFiltered                : ==>  Preparing: SELECT COUNT(*) FROM transactions t WHERE user_id = ?
2026-05-12 09:31:41.478 [http-nio-8080-exec-3] DEBUG c.z.f.t.m.T.countFiltered                : ==> Parameters: 1(Long)
2026-05-12 09:31:41.479 [http-nio-8080-exec-3] DEBUG c.z.f.t.m.T.countFiltered                : <==      Total: 1
2026-05-12 09:31:41.479 [http-nio-8080-exec-3] DEBUG c.z.f.t.c.TransactionController          : History query [userId=1, page=0, size=5, total=32]
2026-05-12 09:31:41.910 [http-nio-8080-exec-8] DEBUG c.z.f.t.filter.JwtAuthenticationFilter   : Authenticated [user=Andy, uri=/api/recurring/upcoming]
2026-05-12 09:31:41.910 [http-nio-8080-exec-8] DEBUG c.z.f.t.m.UserMapper.findByUsername      : ==>  Preparing: SELECT * FROM users WHERE username = ?
2026-05-12 09:31:41.911 [http-nio-8080-exec-8] DEBUG c.z.f.t.m.UserMapper.findByUsername      : ==> Parameters: Andy(String)
2026-05-12 09:31:41.912 [http-nio-8080-exec-8] DEBUG c.z.f.t.m.UserMapper.findByUsername      : <==      Total: 1
2026-05-12 09:31:41.912 [http-nio-8080-exec-8] DEBUG c.z.f.t.m.RecurringMapper.findUpcoming   : ==>  Preparing: SELECT r.*, c.name as categoryName FROM recurring_transactions r LEFT JOIN categories c ON r.category_id = c.id WHERE r.user_id = ? AND r.is_active = TRUE AND r.next_due_date <= DATE_ADD(CURDATE(), INTERVAL ? DAY) ORDER BY r.next_due_date ASC
2026-05-12 09:31:41.912 [http-nio-8080-exec-8] DEBUG c.z.f.t.m.RecurringMapper.findUpcoming   : ==> Parameters: 1(Long), 7(Integer)
2026-05-12 09:31:41.913 [http-nio-8080-exec-8] DEBUG c.z.f.t.m.RecurringMapper.findUpcoming   : <==      Total: 0
2026-05-12 09:31:43.581 [http-nio-8080-exec-9] DEBUG c.z.f.t.filter.JwtAuthenticationFilter   : Authenticated [user=Andy, uri=/api/transactions/history]
2026-05-12 09:31:43.583 [http-nio-8080-exec-9] DEBUG c.z.f.t.m.UserMapper.findByUsername      : ==>  Preparing: SELECT * FROM users WHERE username = ?
2026-05-12 09:31:43.583 [http-nio-8080-exec-9] DEBUG c.z.f.t.m.UserMapper.findByUsername      : ==> Parameters: Andy(String)
2026-05-12 09:31:43.584 [http-nio-8080-exec-9] DEBUG c.z.f.t.m.UserMapper.findByUsername      : <==      Total: 1
2026-05-12 09:31:43.584 [http-nio-8080-exec-9] DEBUG c.z.f.t.m.T.findAllFiltered              : ==>  Preparing: SELECT t.*, c.name as categoryName FROM transactions t LEFT JOIN categories c ON t.category_id = c.id WHERE t.user_id = ? ORDER BY t.date DESC, t.id DESC LIMIT ? OFFSET ?
2026-05-12 09:31:43.585 [http-nio-8080-exec-9] DEBUG c.z.f.t.m.T.findAllFiltered              : ==> Parameters: 1(Long), 15(Integer), 0(Integer)
2026-05-12 09:31:43.586 [http-nio-8080-exec-9] DEBUG c.z.f.t.m.T.findAllFiltered              : <==      Total: 15
2026-05-12 09:31:43.587 [http-nio-8080-exec-9] DEBUG c.z.f.t.m.T.countFiltered                : ==>  Preparing: SELECT COUNT(*) FROM transactions t WHERE user_id = ?
2026-05-12 09:31:43.587 [http-nio-8080-exec-9] DEBUG c.z.f.t.m.T.countFiltered                : ==> Parameters: 1(Long)
2026-05-12 09:31:43.588 [http-nio-8080-exec-9] DEBUG c.z.f.t.m.T.countFiltered                : <==      Total: 1
2026-05-12 09:31:43.588 [http-nio-8080-exec-9] DEBUG c.z.f.t.c.TransactionController          : History query [userId=1, page=0, size=15, total=32]
2026-05-12 09:31:43.656 [http-nio-8080-exec-2] DEBUG c.z.f.t.filter.JwtAuthenticationFilter   : Authenticated [user=Andy, uri=/api/categories]
2026-05-12 09:31:43.657 [http-nio-8080-exec-2] DEBUG c.z.f.t.m.UserMapper.findByUsername      : ==>  Preparing: SELECT * FROM users WHERE username = ?
2026-05-12 09:31:43.657 [http-nio-8080-exec-2] DEBUG c.z.f.t.m.UserMapper.findByUsername      : ==> Parameters: Andy(String)
2026-05-12 09:31:43.658 [http-nio-8080-exec-2] DEBUG c.z.f.t.m.UserMapper.findByUsername      : <==      Total: 1
2026-05-12 09:31:44.152 [http-nio-8080-exec-1] DEBUG c.z.f.t.filter.JwtAuthenticationFilter   : Authenticated [user=Andy, uri=/api/transactions/32/image]
2026-05-12 09:31:44.153 [http-nio-8080-exec-1] DEBUG c.z.f.t.m.UserMapper.findByUsername      : ==>  Preparing: SELECT * FROM users WHERE username = ?
2026-05-12 09:31:44.153 [http-nio-8080-exec-1] DEBUG c.z.f.t.m.UserMapper.findByUsername      : ==> Parameters: Andy(String)
2026-05-12 09:31:44.154 [http-nio-8080-exec-1] DEBUG c.z.f.t.m.UserMapper.findByUsername      : <==      Total: 1
2026-05-12 09:31:44.154 [http-nio-8080-exec-1] DEBUG c.z.f.t.m.TransactionMapper.findById     : ==>  Preparing: SELECT t.*, c.name as categoryName FROM transactions t LEFT JOIN categories c ON t.category_id = c.id WHERE t.id = ? AND t.user_id = ?
2026-05-12 09:31:44.155 [http-nio-8080-exec-1] DEBUG c.z.f.t.m.TransactionMapper.findById     : ==> Parameters: 32(Long), 1(Long)
2026-05-12 09:31:44.156 [http-nio-8080-exec-1] DEBUG c.z.f.t.m.TransactionMapper.findById     : <==      Total: 1
2026-05-12 09:31:44.156 [http-nio-8080-exec-1] DEBUG c.z.f.t.service.MinioStorageService      : Fetching from MinIO [object=transactions/tx_32_b4e7d9a8-0334-4d7c-866e-c52d5fd86c97.jpg]
2026-05-12 09:31:44.162 [http-nio-8080-exec-1] DEBUG c.z.f.t.service.MinioStorageService      : Fetched 894934 bytes from MinIO [object=transactions/tx_32_b4e7d9a8-0334-4d7c-866e-c52d5fd86c97.jpg]
2026-05-12 09:31:44.222 [http-nio-8080-exec-3] DEBUG c.z.f.t.filter.JwtAuthenticationFilter   : Authenticated [user=Andy, uri=/api/transactions/33/image]
2026-05-12 09:31:44.222 [http-nio-8080-exec-7] DEBUG c.z.f.t.filter.JwtAuthenticationFilter   : Authenticated [user=Andy, uri=/api/transactions/30/image]
2026-05-12 09:31:44.223 [http-nio-8080-exec-3] DEBUG c.z.f.t.m.UserMapper.findByUsername      : ==>  Preparing: SELECT * FROM users WHERE username = ?
2026-05-12 09:31:44.223 [http-nio-8080-exec-3] DEBUG c.z.f.t.m.UserMapper.findByUsername      : ==> Parameters: Andy(String)
2026-05-12 09:31:44.223 [http-nio-8080-exec-7] DEBUG c.z.f.t.m.UserMapper.findByUsername      : ==>  Preparing: SELECT * FROM users WHERE username = ?
2026-05-12 09:31:44.224 [http-nio-8080-exec-7] DEBUG c.z.f.t.m.UserMapper.findByUsername      : ==> Parameters: Andy(String)
2026-05-12 09:31:44.224 [http-nio-8080-exec-8] DEBUG c.z.f.t.filter.JwtAuthenticationFilter   : Authenticated [user=Andy, uri=/api/transactions/31/image]
2026-05-12 09:31:44.224 [http-nio-8080-exec-10] DEBUG c.z.f.t.filter.JwtAuthenticationFilter   : Authenticated [user=Andy, uri=/api/transactions/34/image]
2026-05-12 09:31:44.224 [http-nio-8080-exec-10] DEBUG c.z.f.t.m.UserMapper.findByUsername      : ==>  Preparing: SELECT * FROM users WHERE username = ?
2026-05-12 09:31:44.225 [http-nio-8080-exec-3] DEBUG c.z.f.t.m.UserMapper.findByUsername      : <==      Total: 1
2026-05-12 09:31:44.225 [http-nio-8080-exec-10] DEBUG c.z.f.t.m.UserMapper.findByUsername      : ==> Parameters: Andy(String)
2026-05-12 09:31:44.225 [http-nio-8080-exec-3] DEBUG c.z.f.t.m.TransactionMapper.findById     : ==>  Preparing: SELECT t.*, c.name as categoryName FROM transactions t LEFT JOIN categories c ON t.category_id = c.id WHERE t.id = ? AND t.user_id = ?
2026-05-12 09:31:44.225 [http-nio-8080-exec-7] DEBUG c.z.f.t.m.UserMapper.findByUsername      : <==      Total: 1
2026-05-12 09:31:44.225 [http-nio-8080-exec-3] DEBUG c.z.f.t.m.TransactionMapper.findById     : ==> Parameters: 33(Long), 1(Long)
2026-05-12 09:31:44.225 [http-nio-8080-exec-8] DEBUG c.z.f.t.m.UserMapper.findByUsername      : ==>  Preparing: SELECT * FROM users WHERE username = ?
2026-05-12 09:31:44.225 [http-nio-8080-exec-8] DEBUG c.z.f.t.m.UserMapper.findByUsername      : ==> Parameters: Andy(String)
2026-05-12 09:31:44.226 [http-nio-8080-exec-7] DEBUG c.z.f.t.m.TransactionMapper.findById     : ==>  Preparing: SELECT t.*, c.name as categoryName FROM transactions t LEFT JOIN categories c ON t.category_id = c.id WHERE t.id = ? AND t.user_id = ?
2026-05-12 09:31:44.226 [http-nio-8080-exec-7] DEBUG c.z.f.t.m.TransactionMapper.findById     : ==> Parameters: 30(Long), 1(Long)
2026-05-12 09:31:44.226 [http-nio-8080-exec-10] DEBUG c.z.f.t.m.UserMapper.findByUsername      : <==      Total: 1
2026-05-12 09:31:44.226 [http-nio-8080-exec-10] DEBUG c.z.f.t.m.TransactionMapper.findById     : ==>  Preparing: SELECT t.*, c.name as categoryName FROM transactions t LEFT JOIN categories c ON t.category_id = c.id WHERE t.id = ? AND t.user_id = ?
2026-05-12 09:31:44.226 [http-nio-8080-exec-10] DEBUG c.z.f.t.m.TransactionMapper.findById     : ==> Parameters: 34(Long), 1(Long)
2026-05-12 09:31:44.226 [http-nio-8080-exec-8] DEBUG c.z.f.t.m.UserMapper.findByUsername      : <==      Total: 1
2026-05-12 09:31:44.226 [http-nio-8080-exec-3] DEBUG c.z.f.t.m.TransactionMapper.findById     : <==      Total: 1
2026-05-12 09:31:44.227 [http-nio-8080-exec-3] DEBUG c.z.f.t.service.MinioStorageService      : Fetching from MinIO [object=transactions/tx_33_d538c701-cf2d-4e52-9974-7010187a4d7b.jpg]
2026-05-12 09:31:44.227 [http-nio-8080-exec-8] DEBUG c.z.f.t.m.TransactionMapper.findById     : ==>  Preparing: SELECT t.*, c.name as categoryName FROM transactions t LEFT JOIN categories c ON t.category_id = c.id WHERE t.id = ? AND t.user_id = ?
2026-05-12 09:31:44.227 [http-nio-8080-exec-8] DEBUG c.z.f.t.m.TransactionMapper.findById     : ==> Parameters: 31(Long), 1(Long)
2026-05-12 09:31:44.227 [http-nio-8080-exec-7] DEBUG c.z.f.t.m.TransactionMapper.findById     : <==      Total: 1
2026-05-12 09:31:44.227 [http-nio-8080-exec-7] DEBUG c.z.f.t.service.MinioStorageService      : Fetching from MinIO [object=transactions/tx_30_6ec29c0d-e9f8-419c-a92f-cf622a2f63f2.jpg]
2026-05-12 09:31:44.228 [http-nio-8080-exec-10] DEBUG c.z.f.t.m.TransactionMapper.findById     : <==      Total: 1
2026-05-12 09:31:44.228 [http-nio-8080-exec-10] DEBUG c.z.f.t.service.MinioStorageService      : Fetching from MinIO [object=transactions/tx_34_5a52ade7-c821-45c6-ab22-3102d0e4851c.jpg]
2026-05-12 09:31:44.228 [http-nio-8080-exec-8] DEBUG c.z.f.t.m.TransactionMapper.findById     : <==      Total: 1
2026-05-12 09:31:44.228 [http-nio-8080-exec-8] DEBUG c.z.f.t.service.MinioStorageService      : Fetching from MinIO [object=transactions/tx_31_9133791b-dffe-4d7b-84bf-05ddc9ad6ee9.jpg]
2026-05-12 09:31:44.231 [http-nio-8080-exec-7] DEBUG c.z.f.t.service.MinioStorageService      : Fetched 30972 bytes from MinIO [object=transactions/tx_30_6ec29c0d-e9f8-419c-a92f-cf622a2f63f2.jpg]
2026-05-12 09:31:44.237 [http-nio-8080-exec-10] DEBUG c.z.f.t.service.MinioStorageService      : Fetched 894934 bytes from MinIO [object=transactions/tx_34_5a52ade7-c821-45c6-ab22-3102d0e4851c.jpg]
2026-05-12 09:31:44.237 [http-nio-8080-exec-3] DEBUG c.z.f.t.service.MinioStorageService      : Fetched 894934 bytes from MinIO [object=transactions/tx_33_d538c701-cf2d-4e52-9974-7010187a4d7b.jpg]
2026-05-12 09:31:44.240 [http-nio-8080-exec-8] DEBUG c.z.f.t.service.MinioStorageService      : Fetched 899766 bytes from MinIO [object=transactions/tx_31_9133791b-dffe-4d7b-84bf-05ddc9ad6ee9.jpg]
2026-05-12 09:31:44.278 [http-nio-8080-exec-1] DEBUG c.z.f.t.filter.JwtAuthenticationFilter   : Authenticated [user=Andy, uri=/api/categories]
2026-05-12 09:31:44.279 [http-nio-8080-exec-1] DEBUG c.z.f.t.m.UserMapper.findByUsername      : ==>  Preparing: SELECT * FROM users WHERE username = ?
2026-05-12 09:31:44.279 [http-nio-8080-exec-1] DEBUG c.z.f.t.m.UserMapper.findByUsername      : ==> Parameters: Andy(String)
2026-05-12 09:31:44.280 [http-nio-8080-exec-1] DEBUG c.z.f.t.m.UserMapper.findByUsername      : <==      Total: 1
2026-05-12 09:31:44.303 [http-nio-8080-exec-7] DEBUG c.z.f.t.filter.JwtAuthenticationFilter   : Authenticated [user=Andy, uri=/api/transactions/29/image]
2026-05-12 09:31:44.303 [http-nio-8080-exec-7] DEBUG c.z.f.t.m.UserMapper.findByUsername      : ==>  Preparing: SELECT * FROM users WHERE username = ?
2026-05-12 09:31:44.303 [http-nio-8080-exec-7] DEBUG c.z.f.t.m.UserMapper.findByUsername      : ==> Parameters: Andy(String)
2026-05-12 09:31:44.304 [http-nio-8080-exec-7] DEBUG c.z.f.t.m.UserMapper.findByUsername      : <==      Total: 1
2026-05-12 09:31:44.305 [http-nio-8080-exec-7] DEBUG c.z.f.t.m.TransactionMapper.findById     : ==>  Preparing: SELECT t.*, c.name as categoryName FROM transactions t LEFT JOIN categories c ON t.category_id = c.id WHERE t.id = ? AND t.user_id = ?
2026-05-12 09:31:44.305 [http-nio-8080-exec-7] DEBUG c.z.f.t.m.TransactionMapper.findById     : ==> Parameters: 29(Long), 1(Long)
2026-05-12 09:31:44.306 [http-nio-8080-exec-7] DEBUG c.z.f.t.m.TransactionMapper.findById     : <==      Total: 1
2026-05-12 09:31:44.306 [http-nio-8080-exec-7] DEBUG c.z.f.t.service.MinioStorageService      : Fetching from MinIO [object=transactions/tx_29_b889f510-b781-4ea9-b387-5002b32483d9.jpg]
2026-05-12 09:31:44.309 [http-nio-8080-exec-7] DEBUG c.z.f.t.service.MinioStorageService      : Fetched 30972 bytes from MinIO [object=transactions/tx_29_b889f510-b781-4ea9-b387-5002b32483d9.jpg]
2026-05-12 09:31:46.182 [http-nio-8080-exec-3] DEBUG c.z.f.t.filter.JwtAuthenticationFilter   : Authenticated [user=Andy, uri=/api/transactions/28/image]
2026-05-12 09:31:46.183 [http-nio-8080-exec-3] DEBUG c.z.f.t.m.UserMapper.findByUsername      : ==>  Preparing: SELECT * FROM users WHERE username = ?
2026-05-12 09:31:46.183 [http-nio-8080-exec-3] DEBUG c.z.f.t.m.UserMapper.findByUsername      : ==> Parameters: Andy(String)
2026-05-12 09:31:46.184 [http-nio-8080-exec-3] DEBUG c.z.f.t.m.UserMapper.findByUsername      : <==      Total: 1
2026-05-12 09:31:46.184 [http-nio-8080-exec-3] DEBUG c.z.f.t.m.TransactionMapper.findById     : ==>  Preparing: SELECT t.*, c.name as categoryName FROM transactions t LEFT JOIN categories c ON t.category_id = c.id WHERE t.id = ? AND t.user_id = ?
2026-05-12 09:31:46.184 [http-nio-8080-exec-3] DEBUG c.z.f.t.m.TransactionMapper.findById     : ==> Parameters: 28(Long), 1(Long)
2026-05-12 09:31:46.186 [http-nio-8080-exec-3] DEBUG c.z.f.t.m.TransactionMapper.findById     : <==      Total: 1
2026-05-12 09:31:46.186 [http-nio-8080-exec-3] DEBUG c.z.f.t.service.MinioStorageService      : Fetching from MinIO [object=transactions/tx_28_c602e60e-2fb0-4bac-a365-cee60c0093d0.jpg]
2026-05-12 09:31:46.193 [http-nio-8080-exec-3] DEBUG c.z.f.t.service.MinioStorageService      : Fetched 899766 bytes from MinIO [object=transactions/tx_28_c602e60e-2fb0-4bac-a365-cee60c0093d0.jpg]
2026-05-12 09:31:46.272 [http-nio-8080-exec-8] DEBUG c.z.f.t.filter.JwtAuthenticationFilter   : Authenticated [user=Andy, uri=/api/transactions/24/image]
2026-05-12 09:31:46.273 [http-nio-8080-exec-8] DEBUG c.z.f.t.m.UserMapper.findByUsername      : ==>  Preparing: SELECT * FROM users WHERE username = ?
2026-05-12 09:31:46.273 [http-nio-8080-exec-8] DEBUG c.z.f.t.m.UserMapper.findByUsername      : ==> Parameters: Andy(String)
2026-05-12 09:31:46.274 [http-nio-8080-exec-8] DEBUG c.z.f.t.m.UserMapper.findByUsername      : <==      Total: 1
2026-05-12 09:31:46.274 [http-nio-8080-exec-8] DEBUG c.z.f.t.m.TransactionMapper.findById     : ==>  Preparing: SELECT t.*, c.name as categoryName FROM transactions t LEFT JOIN categories c ON t.category_id = c.id WHERE t.id = ? AND t.user_id = ?
2026-05-12 09:31:46.275 [http-nio-8080-exec-8] DEBUG c.z.f.t.m.TransactionMapper.findById     : ==> Parameters: 24(Long), 1(Long)
2026-05-12 09:31:46.276 [http-nio-8080-exec-8] DEBUG c.z.f.t.m.TransactionMapper.findById     : <==      Total: 1
2026-05-12 09:31:46.276 [http-nio-8080-exec-8] DEBUG c.z.f.t.service.MinioStorageService      : Fetching from MinIO [object=transactions/tx_24_764aca22-00c8-46b3-aeae-ac1451af4fa5.jpg]
2026-05-12 09:31:46.283 [http-nio-8080-exec-8] DEBUG c.z.f.t.service.MinioStorageService      : Fetched 1353592 bytes from MinIO [object=transactions/tx_24_764aca22-00c8-46b3-aeae-ac1451af4fa5.jpg]
2026-05-12 09:31:46.697 [http-nio-8080-exec-2] DEBUG c.z.f.t.filter.JwtAuthenticationFilter   : Authenticated [user=Andy, uri=/api/transactions/23/image]
2026-05-12 09:31:46.698 [http-nio-8080-exec-2] DEBUG c.z.f.t.m.UserMapper.findByUsername      : ==>  Preparing: SELECT * FROM users WHERE username = ?
2026-05-12 09:31:46.698 [http-nio-8080-exec-2] DEBUG c.z.f.t.m.UserMapper.findByUsername      : ==> Parameters: Andy(String)
2026-05-12 09:31:46.699 [http-nio-8080-exec-2] DEBUG c.z.f.t.m.UserMapper.findByUsername      : <==      Total: 1
2026-05-12 09:31:46.699 [http-nio-8080-exec-2] DEBUG c.z.f.t.m.TransactionMapper.findById     : ==>  Preparing: SELECT t.*, c.name as categoryName FROM transactions t LEFT JOIN categories c ON t.category_id = c.id WHERE t.id = ? AND t.user_id = ?
2026-05-12 09:31:46.699 [http-nio-8080-exec-2] DEBUG c.z.f.t.m.TransactionMapper.findById     : ==> Parameters: 23(Long), 1(Long)
2026-05-12 09:31:46.700 [http-nio-8080-exec-2] DEBUG c.z.f.t.m.TransactionMapper.findById     : <==      Total: 1
2026-05-12 09:31:46.700 [http-nio-8080-exec-2] DEBUG c.z.f.t.service.MinioStorageService      : Fetching from MinIO [object=transactions/tx_23_986c4de8-9af1-4032-9e43-f499a6d375a3.jpg]
2026-05-12 09:31:46.706 [http-nio-8080-exec-2] DEBUG c.z.f.t.service.MinioStorageService      : Fetched 866644 bytes from MinIO [object=transactions/tx_23_986c4de8-9af1-4032-9e43-f499a6d375a3.jpg]
2026-05-12 09:31:48.062 [http-nio-8080-exec-1] DEBUG c.z.f.t.filter.JwtAuthenticationFilter   : Authenticated [user=Andy, uri=/api/transactions/34/image]
2026-05-12 09:31:48.063 [http-nio-8080-exec-1] DEBUG c.z.f.t.m.UserMapper.findByUsername      : ==>  Preparing: SELECT * FROM users WHERE username = ?
2026-05-12 09:31:48.063 [http-nio-8080-exec-1] DEBUG c.z.f.t.m.UserMapper.findByUsername      : ==> Parameters: Andy(String)
2026-05-12 09:31:48.064 [http-nio-8080-exec-1] DEBUG c.z.f.t.m.UserMapper.findByUsername      : <==      Total: 1
2026-05-12 09:31:48.065 [http-nio-8080-exec-1] DEBUG c.z.f.t.m.TransactionMapper.findById     : ==>  Preparing: SELECT t.*, c.name as categoryName FROM transactions t LEFT JOIN categories c ON t.category_id = c.id WHERE t.id = ? AND t.user_id = ?
2026-05-12 09:31:48.065 [http-nio-8080-exec-1] DEBUG c.z.f.t.m.TransactionMapper.findById     : ==> Parameters: 34(Long), 1(Long)
2026-05-12 09:31:48.066 [http-nio-8080-exec-1] DEBUG c.z.f.t.m.TransactionMapper.findById     : <==      Total: 1
2026-05-12 09:31:48.066 [http-nio-8080-exec-1] DEBUG c.z.f.t.service.MinioStorageService      : Fetching from MinIO [object=transactions/tx_34_5a52ade7-c821-45c6-ab22-3102d0e4851c.jpg]
2026-05-12 09:31:48.072 [http-nio-8080-exec-1] DEBUG c.z.f.t.service.MinioStorageService      : Fetched 894934 bytes from MinIO [object=transactions/tx_34_5a52ade7-c821-45c6-ab22-3102d0e4851c.jpg]
2026-05-12 09:31:52.045 [http-nio-8080-exec-7] DEBUG c.z.f.t.filter.JwtAuthenticationFilter   : Authenticated [user=Andy, uri=/api/transactions/28/image]
2026-05-12 09:31:52.047 [http-nio-8080-exec-7] DEBUG c.z.f.t.m.UserMapper.findByUsername      : ==>  Preparing: SELECT * FROM users WHERE username = ?
2026-05-12 09:31:52.047 [http-nio-8080-exec-7] DEBUG c.z.f.t.m.UserMapper.findByUsername      : ==> Parameters: Andy(String)
2026-05-12 09:31:52.048 [http-nio-8080-exec-7] DEBUG c.z.f.t.m.UserMapper.findByUsername      : <==      Total: 1
2026-05-12 09:31:52.048 [http-nio-8080-exec-7] DEBUG c.z.f.t.m.TransactionMapper.findById     : ==>  Preparing: SELECT t.*, c.name as categoryName FROM transactions t LEFT JOIN categories c ON t.category_id = c.id WHERE t.id = ? AND t.user_id = ?
2026-05-12 09:31:52.048 [http-nio-8080-exec-7] DEBUG c.z.f.t.m.TransactionMapper.findById     : ==> Parameters: 28(Long), 1(Long)
2026-05-12 09:31:52.049 [http-nio-8080-exec-7] DEBUG c.z.f.t.m.TransactionMapper.findById     : <==      Total: 1
2026-05-12 09:31:52.049 [http-nio-8080-exec-7] DEBUG c.z.f.t.service.MinioStorageService      : Fetching from MinIO [object=transactions/tx_28_c602e60e-2fb0-4bac-a365-cee60c0093d0.jpg]
2026-05-12 09:31:52.054 [http-nio-8080-exec-9] DEBUG c.z.f.t.filter.JwtAuthenticationFilter   : Authenticated [user=Andy, uri=/api/transactions/23/image]
2026-05-12 09:31:52.056 [http-nio-8080-exec-9] DEBUG c.z.f.t.m.UserMapper.findByUsername      : ==>  Preparing: SELECT * FROM users WHERE username = ?
2026-05-12 09:31:52.056 [http-nio-8080-exec-9] DEBUG c.z.f.t.m.UserMapper.findByUsername      : ==> Parameters: Andy(String)
2026-05-12 09:31:52.056 [http-nio-8080-exec-7] DEBUG c.z.f.t.service.MinioStorageService      : Fetched 899766 bytes from MinIO [object=transactions/tx_28_c602e60e-2fb0-4bac-a365-cee60c0093d0.jpg]
2026-05-12 09:31:52.058 [http-nio-8080-exec-9] DEBUG c.z.f.t.m.UserMapper.findByUsername      : <==      Total: 1
2026-05-12 09:31:52.058 [http-nio-8080-exec-9] DEBUG c.z.f.t.m.TransactionMapper.findById     : ==>  Preparing: SELECT t.*, c.name as categoryName FROM transactions t LEFT JOIN categories c ON t.category_id = c.id WHERE t.id = ? AND t.user_id = ?
2026-05-12 09:31:52.058 [http-nio-8080-exec-9] DEBUG c.z.f.t.m.TransactionMapper.findById     : ==> Parameters: 23(Long), 1(Long)
2026-05-12 09:31:52.060 [http-nio-8080-exec-9] DEBUG c.z.f.t.m.TransactionMapper.findById     : <==      Total: 1
2026-05-12 09:31:52.060 [http-nio-8080-exec-9] DEBUG c.z.f.t.service.MinioStorageService      : Fetching from MinIO [object=transactions/tx_23_986c4de8-9af1-4032-9e43-f499a6d375a3.jpg]
2026-05-12 09:31:52.066 [http-nio-8080-exec-9] DEBUG c.z.f.t.service.MinioStorageService      : Fetched 866644 bytes from MinIO [object=transactions/tx_23_986c4de8-9af1-4032-9e43-f499a6d375a3.jpg]
2026-05-12 09:31:52.141 [http-nio-8080-exec-8] DEBUG c.z.f.t.filter.JwtAuthenticationFilter   : Authenticated [user=Andy, uri=/api/transactions/24/image]
2026-05-12 09:31:52.143 [http-nio-8080-exec-8] DEBUG c.z.f.t.m.UserMapper.findByUsername      : ==>  Preparing: SELECT * FROM users WHERE username = ?
2026-05-12 09:31:52.143 [http-nio-8080-exec-8] DEBUG c.z.f.t.m.UserMapper.findByUsername      : ==> Parameters: Andy(String)
2026-05-12 09:31:52.144 [http-nio-8080-exec-8] DEBUG c.z.f.t.m.UserMapper.findByUsername      : <==      Total: 1
2026-05-12 09:31:52.144 [http-nio-8080-exec-8] DEBUG c.z.f.t.m.TransactionMapper.findById     : ==>  Preparing: SELECT t.*, c.name as categoryName FROM transactions t LEFT JOIN categories c ON t.category_id = c.id WHERE t.id = ? AND t.user_id = ?
2026-05-12 09:31:52.144 [http-nio-8080-exec-8] DEBUG c.z.f.t.m.TransactionMapper.findById     : ==> Parameters: 24(Long), 1(Long)
2026-05-12 09:31:52.145 [http-nio-8080-exec-8] DEBUG c.z.f.t.m.TransactionMapper.findById     : <==      Total: 1
2026-05-12 09:31:52.145 [http-nio-8080-exec-8] DEBUG c.z.f.t.service.MinioStorageService      : Fetching from MinIO [object=transactions/tx_24_764aca22-00c8-46b3-aeae-ac1451af4fa5.jpg]
2026-05-12 09:31:52.154 [http-nio-8080-exec-8] DEBUG c.z.f.t.service.MinioStorageService      : Fetched 1353592 bytes from MinIO [object=transactions/tx_24_764aca22-00c8-46b3-aeae-ac1451af4fa5.jpg]
2026-05-12 09:32:07.074 [http-nio-8080-exec-2] DEBUG c.z.f.t.filter.JwtAuthenticationFilter   : Authenticated [user=Andy, uri=/api/transactions/summary]
2026-05-12 09:32:07.075 [http-nio-8080-exec-2] DEBUG c.z.f.t.m.UserMapper.findByUsername      : ==>  Preparing: SELECT * FROM users WHERE username = ?
2026-05-12 09:32:07.075 [http-nio-8080-exec-2] DEBUG c.z.f.t.m.UserMapper.findByUsername      : ==> Parameters: Andy(String)
2026-05-12 09:32:07.076 [http-nio-8080-exec-2] DEBUG c.z.f.t.m.UserMapper.findByUsername      : <==      Total: 1
2026-05-12 09:32:07.748 [http-nio-8080-exec-1] DEBUG c.z.f.t.filter.JwtAuthenticationFilter   : Authenticated [user=Andy, uri=/api/transactions/daily-trends]
2026-05-12 09:32:07.749 [http-nio-8080-exec-1] DEBUG c.z.f.t.m.UserMapper.findByUsername      : ==>  Preparing: SELECT * FROM users WHERE username = ?
2026-05-12 09:32:07.749 [http-nio-8080-exec-1] DEBUG c.z.f.t.m.UserMapper.findByUsername      : ==> Parameters: Andy(String)
2026-05-12 09:32:07.750 [http-nio-8080-exec-1] DEBUG c.z.f.t.m.UserMapper.findByUsername      : <==      Total: 1
2026-05-12 09:32:08.337 [http-nio-8080-exec-7] DEBUG c.z.f.t.filter.JwtAuthenticationFilter   : Authenticated [user=Andy, uri=/api/transactions/history]
2026-05-12 09:32:08.339 [http-nio-8080-exec-7] DEBUG c.z.f.t.m.UserMapper.findByUsername      : ==>  Preparing: SELECT * FROM users WHERE username = ?
2026-05-12 09:32:08.339 [http-nio-8080-exec-7] DEBUG c.z.f.t.m.UserMapper.findByUsername      : ==> Parameters: Andy(String)
2026-05-12 09:32:08.340 [http-nio-8080-exec-7] DEBUG c.z.f.t.m.UserMapper.findByUsername      : <==      Total: 1
2026-05-12 09:32:08.341 [http-nio-8080-exec-7] DEBUG c.z.f.t.m.T.findAllFiltered              : ==>  Preparing: SELECT t.*, c.name as categoryName FROM transactions t LEFT JOIN categories c ON t.category_id = c.id WHERE t.user_id = ? ORDER BY t.date DESC, t.id DESC LIMIT ? OFFSET ?
2026-05-12 09:32:08.341 [http-nio-8080-exec-7] DEBUG c.z.f.t.m.T.findAllFiltered              : ==> Parameters: 1(Long), 5(Integer), 0(Integer)
2026-05-12 09:32:08.343 [http-nio-8080-exec-7] DEBUG c.z.f.t.m.T.findAllFiltered              : <==      Total: 5
2026-05-12 09:32:08.343 [http-nio-8080-exec-7] DEBUG c.z.f.t.m.T.countFiltered                : ==>  Preparing: SELECT COUNT(*) FROM transactions t WHERE user_id = ?
2026-05-12 09:32:08.343 [http-nio-8080-exec-7] DEBUG c.z.f.t.m.T.countFiltered                : ==> Parameters: 1(Long)
2026-05-12 09:32:08.345 [http-nio-8080-exec-7] DEBUG c.z.f.t.m.T.countFiltered                : <==      Total: 1
2026-05-12 09:32:08.345 [http-nio-8080-exec-7] DEBUG c.z.f.t.c.TransactionController          : History query [userId=1, page=0, size=5, total=32]
2026-05-12 09:32:08.746 [http-nio-8080-exec-9] DEBUG c.z.f.t.filter.JwtAuthenticationFilter   : Authenticated [user=Andy, uri=/api/recurring/upcoming]
2026-05-12 09:32:08.747 [http-nio-8080-exec-9] DEBUG c.z.f.t.m.UserMapper.findByUsername      : ==>  Preparing: SELECT * FROM users WHERE username = ?
2026-05-12 09:32:08.747 [http-nio-8080-exec-9] DEBUG c.z.f.t.m.UserMapper.findByUsername      : ==> Parameters: Andy(String)
2026-05-12 09:32:08.748 [http-nio-8080-exec-9] DEBUG c.z.f.t.m.UserMapper.findByUsername      : <==      Total: 1
2026-05-12 09:32:08.749 [http-nio-8080-exec-9] DEBUG c.z.f.t.m.RecurringMapper.findUpcoming   : ==>  Preparing: SELECT r.*, c.name as categoryName FROM recurring_transactions r LEFT JOIN categories c ON r.category_id = c.id WHERE r.user_id = ? AND r.is_active = TRUE AND r.next_due_date <= DATE_ADD(CURDATE(), INTERVAL ? DAY) ORDER BY r.next_due_date ASC
2026-05-12 09:32:08.749 [http-nio-8080-exec-9] DEBUG c.z.f.t.m.RecurringMapper.findUpcoming   : ==> Parameters: 1(Long), 7(Integer)
2026-05-12 09:32:08.750 [http-nio-8080-exec-9] DEBUG c.z.f.t.m.RecurringMapper.findUpcoming   : <==      Total: 0
2026-05-12 09:32:10.379 [http-nio-8080-exec-8] DEBUG c.z.f.t.filter.JwtAuthenticationFilter   : Authenticated [user=Andy, uri=/api/categories]
2026-05-12 09:32:10.380 [http-nio-8080-exec-8] DEBUG c.z.f.t.m.UserMapper.findByUsername      : ==>  Preparing: SELECT * FROM users WHERE username = ?
2026-05-12 09:32:10.380 [http-nio-8080-exec-8] DEBUG c.z.f.t.m.UserMapper.findByUsername      : ==> Parameters: Andy(String)
2026-05-12 09:32:10.381 [http-nio-8080-exec-8] DEBUG c.z.f.t.m.UserMapper.findByUsername      : <==      Total: 1
2026-05-12 09:32:10.456 [http-nio-8080-exec-2] DEBUG c.z.f.t.filter.JwtAuthenticationFilter   : Authenticated [user=Andy, uri=/api/transactions/history]
2026-05-12 09:32:10.458 [http-nio-8080-exec-2] DEBUG c.z.f.t.m.UserMapper.findByUsername      : ==>  Preparing: SELECT * FROM users WHERE username = ?
2026-05-12 09:32:10.458 [http-nio-8080-exec-2] DEBUG c.z.f.t.m.UserMapper.findByUsername      : ==> Parameters: Andy(String)
2026-05-12 09:32:10.459 [http-nio-8080-exec-2] DEBUG c.z.f.t.m.UserMapper.findByUsername      : <==      Total: 1
2026-05-12 09:32:10.459 [http-nio-8080-exec-2] DEBUG c.z.f.t.m.T.findAllFiltered              : ==>  Preparing: SELECT t.*, c.name as categoryName FROM transactions t LEFT JOIN categories c ON t.category_id = c.id WHERE t.user_id = ? ORDER BY t.date DESC, t.id DESC LIMIT ? OFFSET ?
2026-05-12 09:32:10.459 [http-nio-8080-exec-2] DEBUG c.z.f.t.m.T.findAllFiltered              : ==> Parameters: 1(Long), 15(Integer), 0(Integer)
2026-05-12 09:32:10.461 [http-nio-8080-exec-2] DEBUG c.z.f.t.m.T.findAllFiltered              : <==      Total: 15
2026-05-12 09:32:10.461 [http-nio-8080-exec-2] DEBUG c.z.f.t.m.T.countFiltered                : ==>  Preparing: SELECT COUNT(*) FROM transactions t WHERE user_id = ?
2026-05-12 09:32:10.461 [http-nio-8080-exec-2] DEBUG c.z.f.t.m.T.countFiltered                : ==> Parameters: 1(Long)
2026-05-12 09:32:10.462 [http-nio-8080-exec-2] DEBUG c.z.f.t.m.T.countFiltered                : <==      Total: 1
2026-05-12 09:32:10.462 [http-nio-8080-exec-2] DEBUG c.z.f.t.c.TransactionController          : History query [userId=1, page=0, size=15, total=32]
2026-05-12 09:32:11.043 [http-nio-8080-exec-1] DEBUG c.z.f.t.filter.JwtAuthenticationFilter   : Authenticated [user=Andy, uri=/api/categories]
2026-05-12 09:32:11.044 [http-nio-8080-exec-1] DEBUG c.z.f.t.m.UserMapper.findByUsername      : ==>  Preparing: SELECT * FROM users WHERE username = ?
2026-05-12 09:32:11.044 [http-nio-8080-exec-1] DEBUG c.z.f.t.m.UserMapper.findByUsername      : ==> Parameters: Andy(String)
2026-05-12 09:32:11.045 [http-nio-8080-exec-1] DEBUG c.z.f.t.m.UserMapper.findByUsername      : <==      Total: 1
2026-05-12 09:32:11.158 [http-nio-8080-exec-7] DEBUG c.z.f.t.filter.JwtAuthenticationFilter   : Authenticated [user=Andy, uri=/api/transactions/33/image]
2026-05-12 09:32:11.159 [http-nio-8080-exec-7] DEBUG c.z.f.t.m.UserMapper.findByUsername      : ==>  Preparing: SELECT * FROM users WHERE username = ?
2026-05-12 09:32:11.159 [http-nio-8080-exec-7] DEBUG c.z.f.t.m.UserMapper.findByUsername      : ==> Parameters: Andy(String)
2026-05-12 09:32:11.160 [http-nio-8080-exec-7] DEBUG c.z.f.t.m.UserMapper.findByUsername      : <==      Total: 1
2026-05-12 09:32:11.160 [http-nio-8080-exec-7] DEBUG c.z.f.t.m.TransactionMapper.findById     : ==>  Preparing: SELECT t.*, c.name as categoryName FROM transactions t LEFT JOIN categories c ON t.category_id = c.id WHERE t.id = ? AND t.user_id = ?
2026-05-12 09:32:11.160 [http-nio-8080-exec-7] DEBUG c.z.f.t.m.TransactionMapper.findById     : ==> Parameters: 33(Long), 1(Long)
2026-05-12 09:32:11.161 [http-nio-8080-exec-7] DEBUG c.z.f.t.m.TransactionMapper.findById     : <==      Total: 1
2026-05-12 09:32:11.161 [http-nio-8080-exec-7] DEBUG c.z.f.t.service.MinioStorageService      : Fetching from MinIO [object=transactions/tx_33_d538c701-cf2d-4e52-9974-7010187a4d7b.jpg]
2026-05-12 09:32:11.167 [http-nio-8080-exec-7] DEBUG c.z.f.t.service.MinioStorageService      : Fetched 894934 bytes from MinIO [object=transactions/tx_33_d538c701-cf2d-4e52-9974-7010187a4d7b.jpg]
2026-05-12 09:32:11.207 [http-nio-8080-exec-9] DEBUG c.z.f.t.filter.JwtAuthenticationFilter   : Authenticated [user=Andy, uri=/api/transactions/32/image]
2026-05-12 09:32:11.208 [http-nio-8080-exec-9] DEBUG c.z.f.t.m.UserMapper.findByUsername      : ==>  Preparing: SELECT * FROM users WHERE username = ?
2026-05-12 09:32:11.208 [http-nio-8080-exec-9] DEBUG c.z.f.t.m.UserMapper.findByUsername      : ==> Parameters: Andy(String)
2026-05-12 09:32:11.209 [http-nio-8080-exec-9] DEBUG c.z.f.t.m.UserMapper.findByUsername      : <==      Total: 1
2026-05-12 09:32:11.209 [http-nio-8080-exec-9] DEBUG c.z.f.t.m.TransactionMapper.findById     : ==>  Preparing: SELECT t.*, c.name as categoryName FROM transactions t LEFT JOIN categories c ON t.category_id = c.id WHERE t.id = ? AND t.user_id = ?
2026-05-12 09:32:11.209 [http-nio-8080-exec-9] DEBUG c.z.f.t.m.TransactionMapper.findById     : ==> Parameters: 32(Long), 1(Long)
2026-05-12 09:32:11.210 [http-nio-8080-exec-9] DEBUG c.z.f.t.m.TransactionMapper.findById     : <==      Total: 1
2026-05-12 09:32:11.210 [http-nio-8080-exec-9] DEBUG c.z.f.t.service.MinioStorageService      : Fetching from MinIO [object=transactions/tx_32_b4e7d9a8-0334-4d7c-866e-c52d5fd86c97.jpg]
2026-05-12 09:32:11.216 [http-nio-8080-exec-9] DEBUG c.z.f.t.service.MinioStorageService      : Fetched 894934 bytes from MinIO [object=transactions/tx_32_b4e7d9a8-0334-4d7c-866e-c52d5fd86c97.jpg]
2026-05-12 09:32:11.234 [http-nio-8080-exec-8] DEBUG c.z.f.t.filter.JwtAuthenticationFilter   : Authenticated [user=Andy, uri=/api/transactions/30/image]
2026-05-12 09:32:11.234 [http-nio-8080-exec-4] DEBUG c.z.f.t.filter.JwtAuthenticationFilter   : Authenticated [user=Andy, uri=/api/transactions/31/image]
2026-05-12 09:32:11.235 [http-nio-8080-exec-4] DEBUG c.z.f.t.m.UserMapper.findByUsername      : ==>  Preparing: SELECT * FROM users WHERE username = ?
2026-05-12 09:32:11.235 [http-nio-8080-exec-2] DEBUG c.z.f.t.filter.JwtAuthenticationFilter   : Authenticated [user=Andy, uri=/api/transactions/34/image]
2026-05-12 09:32:11.235 [http-nio-8080-exec-4] DEBUG c.z.f.t.m.UserMapper.findByUsername      : ==> Parameters: Andy(String)
2026-05-12 09:32:11.235 [http-nio-8080-exec-8] DEBUG c.z.f.t.m.UserMapper.findByUsername      : ==>  Preparing: SELECT * FROM users WHERE username = ?
2026-05-12 09:32:11.236 [http-nio-8080-exec-8] DEBUG c.z.f.t.m.UserMapper.findByUsername      : ==> Parameters: Andy(String)
2026-05-12 09:32:11.236 [http-nio-8080-exec-2] DEBUG c.z.f.t.m.UserMapper.findByUsername      : ==>  Preparing: SELECT * FROM users WHERE username = ?
2026-05-12 09:32:11.236 [http-nio-8080-exec-2] DEBUG c.z.f.t.m.UserMapper.findByUsername      : ==> Parameters: Andy(String)
2026-05-12 09:32:11.236 [http-nio-8080-exec-4] DEBUG c.z.f.t.m.UserMapper.findByUsername      : <==      Total: 1
2026-05-12 09:32:11.236 [http-nio-8080-exec-4] DEBUG c.z.f.t.m.TransactionMapper.findById     : ==>  Preparing: SELECT t.*, c.name as categoryName FROM transactions t LEFT JOIN categories c ON t.category_id = c.id WHERE t.id = ? AND t.user_id = ?
2026-05-12 09:32:11.236 [http-nio-8080-exec-4] DEBUG c.z.f.t.m.TransactionMapper.findById     : ==> Parameters: 31(Long), 1(Long)
2026-05-12 09:32:11.237 [http-nio-8080-exec-8] DEBUG c.z.f.t.m.UserMapper.findByUsername      : <==      Total: 1
2026-05-12 09:32:11.237 [http-nio-8080-exec-2] DEBUG c.z.f.t.m.UserMapper.findByUsername      : <==      Total: 1
2026-05-12 09:32:11.237 [http-nio-8080-exec-8] DEBUG c.z.f.t.m.TransactionMapper.findById     : ==>  Preparing: SELECT t.*, c.name as categoryName FROM transactions t LEFT JOIN categories c ON t.category_id = c.id WHERE t.id = ? AND t.user_id = ?
2026-05-12 09:32:11.237 [http-nio-8080-exec-2] DEBUG c.z.f.t.m.TransactionMapper.findById     : ==>  Preparing: SELECT t.*, c.name as categoryName FROM transactions t LEFT JOIN categories c ON t.category_id = c.id WHERE t.id = ? AND t.user_id = ?
2026-05-12 09:32:11.237 [http-nio-8080-exec-8] DEBUG c.z.f.t.m.TransactionMapper.findById     : ==> Parameters: 30(Long), 1(Long)
2026-05-12 09:32:11.237 [http-nio-8080-exec-2] DEBUG c.z.f.t.m.TransactionMapper.findById     : ==> Parameters: 34(Long), 1(Long)
2026-05-12 09:32:11.237 [http-nio-8080-exec-4] DEBUG c.z.f.t.m.TransactionMapper.findById     : <==      Total: 1
2026-05-12 09:32:11.238 [http-nio-8080-exec-4] DEBUG c.z.f.t.service.MinioStorageService      : Fetching from MinIO [object=transactions/tx_31_9133791b-dffe-4d7b-84bf-05ddc9ad6ee9.jpg]
2026-05-12 09:32:11.238 [http-nio-8080-exec-2] DEBUG c.z.f.t.m.TransactionMapper.findById     : <==      Total: 1
2026-05-12 09:32:11.238 [http-nio-8080-exec-8] DEBUG c.z.f.t.m.TransactionMapper.findById     : <==      Total: 1
2026-05-12 09:32:11.238 [http-nio-8080-exec-2] DEBUG c.z.f.t.service.MinioStorageService      : Fetching from MinIO [object=transactions/tx_34_5a52ade7-c821-45c6-ab22-3102d0e4851c.jpg]
2026-05-12 09:32:11.238 [http-nio-8080-exec-8] DEBUG c.z.f.t.service.MinioStorageService      : Fetching from MinIO [object=transactions/tx_30_6ec29c0d-e9f8-419c-a92f-cf622a2f63f2.jpg]
2026-05-12 09:32:11.244 [http-nio-8080-exec-8] DEBUG c.z.f.t.service.MinioStorageService      : Fetched 30972 bytes from MinIO [object=transactions/tx_30_6ec29c0d-e9f8-419c-a92f-cf622a2f63f2.jpg]
2026-05-12 09:32:11.252 [http-nio-8080-exec-4] DEBUG c.z.f.t.service.MinioStorageService      : Fetched 899766 bytes from MinIO [object=transactions/tx_31_9133791b-dffe-4d7b-84bf-05ddc9ad6ee9.jpg]
2026-05-12 09:32:11.253 [http-nio-8080-exec-2] DEBUG c.z.f.t.service.MinioStorageService      : Fetched 894934 bytes from MinIO [object=transactions/tx_34_5a52ade7-c821-45c6-ab22-3102d0e4851c.jpg]
2026-05-12 09:32:11.371 [http-nio-8080-exec-7] DEBUG c.z.f.t.filter.JwtAuthenticationFilter   : Authenticated [user=Andy, uri=/api/transactions/29/image]
2026-05-12 09:32:11.372 [http-nio-8080-exec-7] DEBUG c.z.f.t.m.UserMapper.findByUsername      : ==>  Preparing: SELECT * FROM users WHERE username = ?
2026-05-12 09:32:11.372 [http-nio-8080-exec-7] DEBUG c.z.f.t.m.UserMapper.findByUsername      : ==> Parameters: Andy(String)
2026-05-12 09:32:11.374 [http-nio-8080-exec-7] DEBUG c.z.f.t.m.UserMapper.findByUsername      : <==      Total: 1
2026-05-12 09:32:11.374 [http-nio-8080-exec-7] DEBUG c.z.f.t.m.TransactionMapper.findById     : ==>  Preparing: SELECT t.*, c.name as categoryName FROM transactions t LEFT JOIN categories c ON t.category_id = c.id WHERE t.id = ? AND t.user_id = ?
2026-05-12 09:32:11.374 [http-nio-8080-exec-7] DEBUG c.z.f.t.m.TransactionMapper.findById     : ==> Parameters: 29(Long), 1(Long)
2026-05-12 09:32:11.375 [http-nio-8080-exec-7] DEBUG c.z.f.t.m.TransactionMapper.findById     : <==      Total: 1
2026-05-12 09:32:11.375 [http-nio-8080-exec-7] DEBUG c.z.f.t.service.MinioStorageService      : Fetching from MinIO [object=transactions/tx_29_b889f510-b781-4ea9-b387-5002b32483d9.jpg]
2026-05-12 09:32:11.380 [http-nio-8080-exec-7] DEBUG c.z.f.t.service.MinioStorageService      : Fetched 30972 bytes from MinIO [object=transactions/tx_29_b889f510-b781-4ea9-b387-5002b32483d9.jpg]
2026-05-12 09:32:14.328 [http-nio-8080-exec-9] DEBUG c.z.f.t.filter.JwtAuthenticationFilter   : Authenticated [user=Andy, uri=/api/transactions/28/image]
2026-05-12 09:32:14.330 [http-nio-8080-exec-9] DEBUG c.z.f.t.m.UserMapper.findByUsername      : ==>  Preparing: SELECT * FROM users WHERE username = ?
2026-05-12 09:32:14.330 [http-nio-8080-exec-9] DEBUG c.z.f.t.m.UserMapper.findByUsername      : ==> Parameters: Andy(String)
2026-05-12 09:32:14.331 [http-nio-8080-exec-9] DEBUG c.z.f.t.m.UserMapper.findByUsername      : <==      Total: 1
2026-05-12 09:32:14.331 [http-nio-8080-exec-9] DEBUG c.z.f.t.m.TransactionMapper.findById     : ==>  Preparing: SELECT t.*, c.name as categoryName FROM transactions t LEFT JOIN categories c ON t.category_id = c.id WHERE t.id = ? AND t.user_id = ?
2026-05-12 09:32:14.331 [http-nio-8080-exec-9] DEBUG c.z.f.t.m.TransactionMapper.findById     : ==> Parameters: 28(Long), 1(Long)
2026-05-12 09:32:14.332 [http-nio-8080-exec-9] DEBUG c.z.f.t.m.TransactionMapper.findById     : <==      Total: 1
2026-05-12 09:32:14.333 [http-nio-8080-exec-9] DEBUG c.z.f.t.service.MinioStorageService      : Fetching from MinIO [object=transactions/tx_28_c602e60e-2fb0-4bac-a365-cee60c0093d0.jpg]
2026-05-12 09:32:14.338 [http-nio-8080-exec-9] DEBUG c.z.f.t.service.MinioStorageService      : Fetched 899766 bytes from MinIO [object=transactions/tx_28_c602e60e-2fb0-4bac-a365-cee60c0093d0.jpg]
2026-05-12 09:32:14.427 [http-nio-8080-exec-8] DEBUG c.z.f.t.filter.JwtAuthenticationFilter   : Authenticated [user=Andy, uri=/api/transactions/24/image]
2026-05-12 09:32:14.428 [http-nio-8080-exec-8] DEBUG c.z.f.t.m.UserMapper.findByUsername      : ==>  Preparing: SELECT * FROM users WHERE username = ?
2026-05-12 09:32:14.429 [http-nio-8080-exec-8] DEBUG c.z.f.t.m.UserMapper.findByUsername      : ==> Parameters: Andy(String)
2026-05-12 09:32:14.430 [http-nio-8080-exec-8] DEBUG c.z.f.t.m.UserMapper.findByUsername      : <==      Total: 1
2026-05-12 09:32:14.430 [http-nio-8080-exec-8] DEBUG c.z.f.t.m.TransactionMapper.findById     : ==>  Preparing: SELECT t.*, c.name as categoryName FROM transactions t LEFT JOIN categories c ON t.category_id = c.id WHERE t.id = ? AND t.user_id = ?
2026-05-12 09:32:14.430 [http-nio-8080-exec-8] DEBUG c.z.f.t.m.TransactionMapper.findById     : ==> Parameters: 24(Long), 1(Long)
2026-05-12 09:32:14.431 [http-nio-8080-exec-8] DEBUG c.z.f.t.m.TransactionMapper.findById     : <==      Total: 1
2026-05-12 09:32:14.431 [http-nio-8080-exec-8] DEBUG c.z.f.t.service.MinioStorageService      : Fetching from MinIO [object=transactions/tx_24_764aca22-00c8-46b3-aeae-ac1451af4fa5.jpg]
2026-05-12 09:32:14.438 [http-nio-8080-exec-8] DEBUG c.z.f.t.service.MinioStorageService      : Fetched 1353592 bytes from MinIO [object=transactions/tx_24_764aca22-00c8-46b3-aeae-ac1451af4fa5.jpg]
2026-05-12 09:32:14.507 [http-nio-8080-exec-4] DEBUG c.z.f.t.filter.JwtAuthenticationFilter   : Authenticated [user=Andy, uri=/api/transactions/23/image]
2026-05-12 09:32:14.508 [http-nio-8080-exec-4] DEBUG c.z.f.t.m.UserMapper.findByUsername      : ==>  Preparing: SELECT * FROM users WHERE username = ?
2026-05-12 09:32:14.508 [http-nio-8080-exec-4] DEBUG c.z.f.t.m.UserMapper.findByUsername      : ==> Parameters: Andy(String)
2026-05-12 09:32:14.509 [http-nio-8080-exec-4] DEBUG c.z.f.t.m.UserMapper.findByUsername      : <==      Total: 1
2026-05-12 09:32:14.509 [http-nio-8080-exec-4] DEBUG c.z.f.t.m.TransactionMapper.findById     : ==>  Preparing: SELECT t.*, c.name as categoryName FROM transactions t LEFT JOIN categories c ON t.category_id = c.id WHERE t.id = ? AND t.user_id = ?
2026-05-12 09:32:14.509 [http-nio-8080-exec-4] DEBUG c.z.f.t.m.TransactionMapper.findById     : ==> Parameters: 23(Long), 1(Long)
2026-05-12 09:32:14.510 [http-nio-8080-exec-4] DEBUG c.z.f.t.m.TransactionMapper.findById     : <==      Total: 1
2026-05-12 09:32:14.511 [http-nio-8080-exec-4] DEBUG c.z.f.t.service.MinioStorageService      : Fetching from MinIO [object=transactions/tx_23_986c4de8-9af1-4032-9e43-f499a6d375a3.jpg]
2026-05-12 09:32:14.516 [http-nio-8080-exec-4] DEBUG c.z.f.t.service.MinioStorageService      : Fetched 866644 bytes from MinIO [object=transactions/tx_23_986c4de8-9af1-4032-9e43-f499a6d375a3.jpg]
2026-05-12 09:32:15.580 [http-nio-8080-exec-1] DEBUG c.z.f.t.filter.JwtAuthenticationFilter   : Authenticated [user=Andy, uri=/api/transactions/34/image]
2026-05-12 09:32:15.581 [http-nio-8080-exec-1] DEBUG c.z.f.t.m.UserMapper.findByUsername      : ==>  Preparing: SELECT * FROM users WHERE username = ?
2026-05-12 09:32:15.581 [http-nio-8080-exec-1] DEBUG c.z.f.t.m.UserMapper.findByUsername      : ==> Parameters: Andy(String)
2026-05-12 09:32:15.582 [http-nio-8080-exec-1] DEBUG c.z.f.t.m.UserMapper.findByUsername      : <==      Total: 1
2026-05-12 09:32:15.583 [http-nio-8080-exec-1] DEBUG c.z.f.t.m.TransactionMapper.findById     : ==>  Preparing: SELECT t.*, c.name as categoryName FROM transactions t LEFT JOIN categories c ON t.category_id = c.id WHERE t.id = ? AND t.user_id = ?
2026-05-12 09:32:15.583 [http-nio-8080-exec-1] DEBUG c.z.f.t.m.TransactionMapper.findById     : ==> Parameters: 34(Long), 1(Long)
2026-05-12 09:32:15.584 [http-nio-8080-exec-1] DEBUG c.z.f.t.m.TransactionMapper.findById     : <==      Total: 1
2026-05-12 09:32:15.584 [http-nio-8080-exec-1] DEBUG c.z.f.t.service.MinioStorageService      : Fetching from MinIO [object=transactions/tx_34_5a52ade7-c821-45c6-ab22-3102d0e4851c.jpg]
2026-05-12 09:32:15.589 [http-nio-8080-exec-1] DEBUG c.z.f.t.service.MinioStorageService      : Fetched 894934 bytes from MinIO [object=transactions/tx_34_5a52ade7-c821-45c6-ab22-3102d0e4851c.jpg]
2026-05-12 09:32:17.345 [http-nio-8080-exec-7] DEBUG c.z.f.t.filter.JwtAuthenticationFilter   : Authenticated [user=Andy, uri=/api/transactions/28/image]
2026-05-12 09:32:17.346 [http-nio-8080-exec-7] DEBUG c.z.f.t.m.UserMapper.findByUsername      : ==>  Preparing: SELECT * FROM users WHERE username = ?
2026-05-12 09:32:17.346 [http-nio-8080-exec-7] DEBUG c.z.f.t.m.UserMapper.findByUsername      : ==> Parameters: Andy(String)
2026-05-12 09:32:17.347 [http-nio-8080-exec-7] DEBUG c.z.f.t.m.UserMapper.findByUsername      : <==      Total: 1
2026-05-12 09:32:17.348 [http-nio-8080-exec-7] DEBUG c.z.f.t.m.TransactionMapper.findById     : ==>  Preparing: SELECT t.*, c.name as categoryName FROM transactions t LEFT JOIN categories c ON t.category_id = c.id WHERE t.id = ? AND t.user_id = ?
2026-05-12 09:32:17.348 [http-nio-8080-exec-7] DEBUG c.z.f.t.m.TransactionMapper.findById     : ==> Parameters: 28(Long), 1(Long)
2026-05-12 09:32:17.349 [http-nio-8080-exec-7] DEBUG c.z.f.t.m.TransactionMapper.findById     : <==      Total: 1
2026-05-12 09:32:17.349 [http-nio-8080-exec-7] DEBUG c.z.f.t.service.MinioStorageService      : Fetching from MinIO [object=transactions/tx_28_c602e60e-2fb0-4bac-a365-cee60c0093d0.jpg]
2026-05-12 09:32:17.355 [http-nio-8080-exec-7] DEBUG c.z.f.t.service.MinioStorageService      : Fetched 899766 bytes from MinIO [object=transactions/tx_28_c602e60e-2fb0-4bac-a365-cee60c0093d0.jpg]
2026-05-12 09:32:17.397 [http-nio-8080-exec-9] DEBUG c.z.f.t.filter.JwtAuthenticationFilter   : Authenticated [user=Andy, uri=/api/transactions/24/image]
2026-05-12 09:32:17.398 [http-nio-8080-exec-9] DEBUG c.z.f.t.m.UserMapper.findByUsername      : ==>  Preparing: SELECT * FROM users WHERE username = ?
2026-05-12 09:32:17.398 [http-nio-8080-exec-9] DEBUG c.z.f.t.m.UserMapper.findByUsername      : ==> Parameters: Andy(String)
2026-05-12 09:32:17.399 [http-nio-8080-exec-9] DEBUG c.z.f.t.m.UserMapper.findByUsername      : <==      Total: 1
2026-05-12 09:32:17.399 [http-nio-8080-exec-9] DEBUG c.z.f.t.m.TransactionMapper.findById     : ==>  Preparing: SELECT t.*, c.name as categoryName FROM transactions t LEFT JOIN categories c ON t.category_id = c.id WHERE t.id = ? AND t.user_id = ?
2026-05-12 09:32:17.399 [http-nio-8080-exec-9] DEBUG c.z.f.t.m.TransactionMapper.findById     : ==> Parameters: 24(Long), 1(Long)
2026-05-12 09:32:17.400 [http-nio-8080-exec-9] DEBUG c.z.f.t.m.TransactionMapper.findById     : <==      Total: 1
2026-05-12 09:32:17.401 [http-nio-8080-exec-9] DEBUG c.z.f.t.service.MinioStorageService      : Fetching from MinIO [object=transactions/tx_24_764aca22-00c8-46b3-aeae-ac1451af4fa5.jpg]
2026-05-12 09:32:17.408 [http-nio-8080-exec-9] DEBUG c.z.f.t.service.MinioStorageService      : Fetched 1353592 bytes from MinIO [object=transactions/tx_24_764aca22-00c8-46b3-aeae-ac1451af4fa5.jpg]
2026-05-12 09:32:17.894 [http-nio-8080-exec-8] DEBUG c.z.f.t.filter.JwtAuthenticationFilter   : Authenticated [user=Andy, uri=/api/transactions/34/image]
2026-05-12 09:32:17.895 [http-nio-8080-exec-8] DEBUG c.z.f.t.m.UserMapper.findByUsername      : ==>  Preparing: SELECT * FROM users WHERE username = ?
2026-05-12 09:32:17.895 [http-nio-8080-exec-8] DEBUG c.z.f.t.m.UserMapper.findByUsername      : ==> Parameters: Andy(String)
2026-05-12 09:32:17.896 [http-nio-8080-exec-8] DEBUG c.z.f.t.m.UserMapper.findByUsername      : <==      Total: 1
2026-05-12 09:32:17.896 [http-nio-8080-exec-8] DEBUG c.z.f.t.m.TransactionMapper.findById     : ==>  Preparing: SELECT t.*, c.name as categoryName FROM transactions t LEFT JOIN categories c ON t.category_id = c.id WHERE t.id = ? AND t.user_id = ?
2026-05-12 09:32:17.897 [http-nio-8080-exec-8] DEBUG c.z.f.t.m.TransactionMapper.findById     : ==> Parameters: 34(Long), 1(Long)
2026-05-12 09:32:17.898 [http-nio-8080-exec-8] DEBUG c.z.f.t.m.TransactionMapper.findById     : <==      Total: 1
2026-05-12 09:32:17.898 [http-nio-8080-exec-8] DEBUG c.z.f.t.service.MinioStorageService      : Fetching from MinIO [object=transactions/tx_34_5a52ade7-c821-45c6-ab22-3102d0e4851c.jpg]
2026-05-12 09:32:17.905 [http-nio-8080-exec-8] DEBUG c.z.f.t.service.MinioStorageService      : Fetched 894934 bytes from MinIO [object=transactions/tx_34_5a52ade7-c821-45c6-ab22-3102d0e4851c.jpg]
2026-05-12 09:32:18.448 [http-nio-8080-exec-4] DEBUG c.z.f.t.filter.JwtAuthenticationFilter   : Authenticated [user=Andy, uri=/api/transactions/24/image]
2026-05-12 09:32:18.449 [http-nio-8080-exec-4] DEBUG c.z.f.t.m.UserMapper.findByUsername      : ==>  Preparing: SELECT * FROM users WHERE username = ?
2026-05-12 09:32:18.449 [http-nio-8080-exec-4] DEBUG c.z.f.t.m.UserMapper.findByUsername      : ==> Parameters: Andy(String)
2026-05-12 09:32:18.450 [http-nio-8080-exec-4] DEBUG c.z.f.t.m.UserMapper.findByUsername      : <==      Total: 1
2026-05-12 09:32:18.451 [http-nio-8080-exec-4] DEBUG c.z.f.t.m.TransactionMapper.findById     : ==>  Preparing: SELECT t.*, c.name as categoryName FROM transactions t LEFT JOIN categories c ON t.category_id = c.id WHERE t.id = ? AND t.user_id = ?
2026-05-12 09:32:18.451 [http-nio-8080-exec-4] DEBUG c.z.f.t.m.TransactionMapper.findById     : ==> Parameters: 24(Long), 1(Long)
2026-05-12 09:32:18.452 [http-nio-8080-exec-4] DEBUG c.z.f.t.m.TransactionMapper.findById     : <==      Total: 1
2026-05-12 09:32:18.452 [http-nio-8080-exec-4] DEBUG c.z.f.t.service.MinioStorageService      : Fetching from MinIO [object=transactions/tx_24_764aca22-00c8-46b3-aeae-ac1451af4fa5.jpg]
2026-05-12 09:32:18.459 [http-nio-8080-exec-4] DEBUG c.z.f.t.service.MinioStorageService      : Fetched 1353592 bytes from MinIO [object=transactions/tx_24_764aca22-00c8-46b3-aeae-ac1451af4fa5.jpg]
2026-05-12 09:32:18.494 [http-nio-8080-exec-1] DEBUG c.z.f.t.filter.JwtAuthenticationFilter   : Authenticated [user=Andy, uri=/api/transactions/23/image]
2026-05-12 09:32:18.495 [http-nio-8080-exec-1] DEBUG c.z.f.t.m.UserMapper.findByUsername      : ==>  Preparing: SELECT * FROM users WHERE username = ?
2026-05-12 09:32:18.495 [http-nio-8080-exec-1] DEBUG c.z.f.t.m.UserMapper.findByUsername      : ==> Parameters: Andy(String)
2026-05-12 09:32:18.496 [http-nio-8080-exec-1] DEBUG c.z.f.t.m.UserMapper.findByUsername      : <==      Total: 1
2026-05-12 09:32:18.496 [http-nio-8080-exec-1] DEBUG c.z.f.t.m.TransactionMapper.findById     : ==>  Preparing: SELECT t.*, c.name as categoryName FROM transactions t LEFT JOIN categories c ON t.category_id = c.id WHERE t.id = ? AND t.user_id = ?
2026-05-12 09:32:18.497 [http-nio-8080-exec-1] DEBUG c.z.f.t.m.TransactionMapper.findById     : ==> Parameters: 23(Long), 1(Long)
2026-05-12 09:32:18.497 [http-nio-8080-exec-1] DEBUG c.z.f.t.m.TransactionMapper.findById     : <==      Total: 1
2026-05-12 09:32:18.498 [http-nio-8080-exec-1] DEBUG c.z.f.t.service.MinioStorageService      : Fetching from MinIO [object=transactions/tx_23_986c4de8-9af1-4032-9e43-f499a6d375a3.jpg]
2026-05-12 09:32:18.503 [http-nio-8080-exec-1] DEBUG c.z.f.t.service.MinioStorageService      : Fetched 866644 bytes from MinIO [object=transactions/tx_23_986c4de8-9af1-4032-9e43-f499a6d375a3.jpg]
2026-05-12 09:32:21.659 [http-nio-8080-exec-7] DEBUG c.z.f.t.filter.JwtAuthenticationFilter   : Authenticated [user=Andy, uri=/api/transactions/34/image]
2026-05-12 09:32:21.660 [http-nio-8080-exec-7] DEBUG c.z.f.t.m.UserMapper.findByUsername      : ==>  Preparing: SELECT * FROM users WHERE username = ?
2026-05-12 09:32:21.660 [http-nio-8080-exec-7] DEBUG c.z.f.t.m.UserMapper.findByUsername      : ==> Parameters: Andy(String)
2026-05-12 09:32:21.661 [http-nio-8080-exec-7] DEBUG c.z.f.t.m.UserMapper.findByUsername      : <==      Total: 1
2026-05-12 09:32:21.661 [http-nio-8080-exec-7] DEBUG c.z.f.t.m.TransactionMapper.findById     : ==>  Preparing: SELECT t.*, c.name as categoryName FROM transactions t LEFT JOIN categories c ON t.category_id = c.id WHERE t.id = ? AND t.user_id = ?
2026-05-12 09:32:21.661 [http-nio-8080-exec-7] DEBUG c.z.f.t.m.TransactionMapper.findById     : ==> Parameters: 34(Long), 1(Long)
2026-05-12 09:32:21.662 [http-nio-8080-exec-7] DEBUG c.z.f.t.m.TransactionMapper.findById     : <==      Total: 1
2026-05-12 09:32:21.662 [http-nio-8080-exec-7] DEBUG c.z.f.t.service.MinioStorageService      : Fetching from MinIO [object=transactions/tx_34_5a52ade7-c821-45c6-ab22-3102d0e4851c.jpg]
2026-05-12 09:32:21.668 [http-nio-8080-exec-7] DEBUG c.z.f.t.service.MinioStorageService      : Fetched 894934 bytes from MinIO [object=transactions/tx_34_5a52ade7-c821-45c6-ab22-3102d0e4851c.jpg]
2026-05-12 09:32:24.897 [http-nio-8080-exec-9] DEBUG c.z.f.t.filter.JwtAuthenticationFilter   : Authenticated [user=Andy, uri=/api/transactions/23/image]
2026-05-12 09:32:24.898 [http-nio-8080-exec-9] DEBUG c.z.f.t.m.UserMapper.findByUsername      : ==>  Preparing: SELECT * FROM users WHERE username = ?
2026-05-12 09:32:24.899 [http-nio-8080-exec-9] DEBUG c.z.f.t.m.UserMapper.findByUsername      : ==> Parameters: Andy(String)
2026-05-12 09:32:24.899 [http-nio-8080-exec-10] DEBUG c.z.f.t.filter.JwtAuthenticationFilter   : Authenticated [user=Andy, uri=/api/transactions/24/image]
2026-05-12 09:32:24.899 [http-nio-8080-exec-8] DEBUG c.z.f.t.filter.JwtAuthenticationFilter   : Authenticated [user=Andy, uri=/api/transactions/28/image]
2026-05-12 09:32:24.900 [http-nio-8080-exec-9] DEBUG c.z.f.t.m.UserMapper.findByUsername      : <==      Total: 1
2026-05-12 09:32:24.900 [http-nio-8080-exec-8] DEBUG c.z.f.t.m.UserMapper.findByUsername      : ==>  Preparing: SELECT * FROM users WHERE username = ?
2026-05-12 09:32:24.900 [http-nio-8080-exec-10] DEBUG c.z.f.t.m.UserMapper.findByUsername      : ==>  Preparing: SELECT * FROM users WHERE username = ?
2026-05-12 09:32:24.900 [http-nio-8080-exec-9] DEBUG c.z.f.t.m.TransactionMapper.findById     : ==>  Preparing: SELECT t.*, c.name as categoryName FROM transactions t LEFT JOIN categories c ON t.category_id = c.id WHERE t.id = ? AND t.user_id = ?
2026-05-12 09:32:24.900 [http-nio-8080-exec-8] DEBUG c.z.f.t.m.UserMapper.findByUsername      : ==> Parameters: Andy(String)
2026-05-12 09:32:24.900 [http-nio-8080-exec-10] DEBUG c.z.f.t.m.UserMapper.findByUsername      : ==> Parameters: Andy(String)
2026-05-12 09:32:24.900 [http-nio-8080-exec-9] DEBUG c.z.f.t.m.TransactionMapper.findById     : ==> Parameters: 23(Long), 1(Long)
2026-05-12 09:32:24.901 [http-nio-8080-exec-10] DEBUG c.z.f.t.m.UserMapper.findByUsername      : <==      Total: 1
2026-05-12 09:32:24.901 [http-nio-8080-exec-9] DEBUG c.z.f.t.m.TransactionMapper.findById     : <==      Total: 1
2026-05-12 09:32:24.901 [http-nio-8080-exec-8] DEBUG c.z.f.t.m.UserMapper.findByUsername      : <==      Total: 1
2026-05-12 09:32:24.901 [http-nio-8080-exec-9] DEBUG c.z.f.t.service.MinioStorageService      : Fetching from MinIO [object=transactions/tx_23_986c4de8-9af1-4032-9e43-f499a6d375a3.jpg]
2026-05-12 09:32:24.902 [http-nio-8080-exec-10] DEBUG c.z.f.t.m.TransactionMapper.findById     : ==>  Preparing: SELECT t.*, c.name as categoryName FROM transactions t LEFT JOIN categories c ON t.category_id = c.id WHERE t.id = ? AND t.user_id = ?
2026-05-12 09:32:24.902 [http-nio-8080-exec-8] DEBUG c.z.f.t.m.TransactionMapper.findById     : ==>  Preparing: SELECT t.*, c.name as categoryName FROM transactions t LEFT JOIN categories c ON t.category_id = c.id WHERE t.id = ? AND t.user_id = ?
2026-05-12 09:32:24.902 [http-nio-8080-exec-10] DEBUG c.z.f.t.m.TransactionMapper.findById     : ==> Parameters: 24(Long), 1(Long)
2026-05-12 09:32:24.902 [http-nio-8080-exec-8] DEBUG c.z.f.t.m.TransactionMapper.findById     : ==> Parameters: 28(Long), 1(Long)
2026-05-12 09:32:24.903 [http-nio-8080-exec-10] DEBUG c.z.f.t.m.TransactionMapper.findById     : <==      Total: 1
2026-05-12 09:32:24.903 [http-nio-8080-exec-8] DEBUG c.z.f.t.m.TransactionMapper.findById     : <==      Total: 1
2026-05-12 09:32:24.903 [http-nio-8080-exec-10] DEBUG c.z.f.t.service.MinioStorageService      : Fetching from MinIO [object=transactions/tx_24_764aca22-00c8-46b3-aeae-ac1451af4fa5.jpg]
2026-05-12 09:32:24.903 [http-nio-8080-exec-8] DEBUG c.z.f.t.service.MinioStorageService      : Fetching from MinIO [object=transactions/tx_28_c602e60e-2fb0-4bac-a365-cee60c0093d0.jpg]
2026-05-12 09:32:24.910 [http-nio-8080-exec-9] DEBUG c.z.f.t.service.MinioStorageService      : Fetched 866644 bytes from MinIO [object=transactions/tx_23_986c4de8-9af1-4032-9e43-f499a6d375a3.jpg]
2026-05-12 09:32:24.912 [http-nio-8080-exec-8] DEBUG c.z.f.t.service.MinioStorageService      : Fetched 899766 bytes from MinIO [object=transactions/tx_28_c602e60e-2fb0-4bac-a365-cee60c0093d0.jpg]
2026-05-12 09:32:24.918 [http-nio-8080-exec-10] DEBUG c.z.f.t.service.MinioStorageService      : Fetched 1353592 bytes from MinIO [object=transactions/tx_24_764aca22-00c8-46b3-aeae-ac1451af4fa5.jpg]
2026-05-12 09:32:33.214 [http-nio-8080-exec-1] DEBUG c.z.f.t.filter.JwtAuthenticationFilter   : Authenticated [user=Andy, uri=/api/transactions/summary]
2026-05-12 09:32:33.215 [http-nio-8080-exec-1] DEBUG c.z.f.t.m.UserMapper.findByUsername      : ==>  Preparing: SELECT * FROM users WHERE username = ?
2026-05-12 09:32:33.216 [http-nio-8080-exec-1] DEBUG c.z.f.t.m.UserMapper.findByUsername      : ==> Parameters: Andy(String)
2026-05-12 09:32:33.216 [http-nio-8080-exec-1] DEBUG c.z.f.t.m.UserMapper.findByUsername      : <==      Total: 1
2026-05-12 09:32:33.621 [http-nio-8080-exec-7] DEBUG c.z.f.t.filter.JwtAuthenticationFilter   : Authenticated [user=Andy, uri=/api/transactions/daily-trends]
2026-05-12 09:32:33.621 [http-nio-8080-exec-7] DEBUG c.z.f.t.m.UserMapper.findByUsername      : ==>  Preparing: SELECT * FROM users WHERE username = ?
2026-05-12 09:32:33.622 [http-nio-8080-exec-7] DEBUG c.z.f.t.m.UserMapper.findByUsername      : ==> Parameters: Andy(String)
2026-05-12 09:32:33.623 [http-nio-8080-exec-7] DEBUG c.z.f.t.m.UserMapper.findByUsername      : <==      Total: 1
2026-05-12 09:32:33.995 [http-nio-8080-exec-9] DEBUG c.z.f.t.filter.JwtAuthenticationFilter   : Authenticated [user=Andy, uri=/api/transactions/history]
2026-05-12 09:32:33.997 [http-nio-8080-exec-9] DEBUG c.z.f.t.m.UserMapper.findByUsername      : ==>  Preparing: SELECT * FROM users WHERE username = ?
2026-05-12 09:32:33.997 [http-nio-8080-exec-9] DEBUG c.z.f.t.m.UserMapper.findByUsername      : ==> Parameters: Andy(String)
2026-05-12 09:32:33.998 [http-nio-8080-exec-9] DEBUG c.z.f.t.m.UserMapper.findByUsername      : <==      Total: 1
2026-05-12 09:32:33.999 [http-nio-8080-exec-9] DEBUG c.z.f.t.m.T.findAllFiltered              : ==>  Preparing: SELECT t.*, c.name as categoryName FROM transactions t LEFT JOIN categories c ON t.category_id = c.id WHERE t.user_id = ? ORDER BY t.date DESC, t.id DESC LIMIT ? OFFSET ?
2026-05-12 09:32:33.999 [http-nio-8080-exec-9] DEBUG c.z.f.t.m.T.findAllFiltered              : ==> Parameters: 1(Long), 5(Integer), 0(Integer)
2026-05-12 09:32:34.000 [http-nio-8080-exec-9] DEBUG c.z.f.t.m.T.findAllFiltered              : <==      Total: 5
2026-05-12 09:32:34.000 [http-nio-8080-exec-9] DEBUG c.z.f.t.m.T.countFiltered                : ==>  Preparing: SELECT COUNT(*) FROM transactions t WHERE user_id = ?
2026-05-12 09:32:34.001 [http-nio-8080-exec-9] DEBUG c.z.f.t.m.T.countFiltered                : ==> Parameters: 1(Long)
2026-05-12 09:32:34.002 [http-nio-8080-exec-9] DEBUG c.z.f.t.m.T.countFiltered                : <==      Total: 1
2026-05-12 09:32:34.002 [http-nio-8080-exec-9] DEBUG c.z.f.t.c.TransactionController          : History query [userId=1, page=0, size=5, total=32]
2026-05-12 09:32:34.517 [http-nio-8080-exec-6] DEBUG c.z.f.t.filter.JwtAuthenticationFilter   : Authenticated [user=Andy, uri=/api/recurring/upcoming]
2026-05-12 09:32:34.518 [http-nio-8080-exec-6] DEBUG c.z.f.t.m.UserMapper.findByUsername      : ==>  Preparing: SELECT * FROM users WHERE username = ?
2026-05-12 09:32:34.518 [http-nio-8080-exec-6] DEBUG c.z.f.t.m.UserMapper.findByUsername      : ==> Parameters: Andy(String)
2026-05-12 09:32:34.519 [http-nio-8080-exec-6] DEBUG c.z.f.t.m.UserMapper.findByUsername      : <==      Total: 1
2026-05-12 09:32:34.519 [http-nio-8080-exec-6] DEBUG c.z.f.t.m.RecurringMapper.findUpcoming   : ==>  Preparing: SELECT r.*, c.name as categoryName FROM recurring_transactions r LEFT JOIN categories c ON r.category_id = c.id WHERE r.user_id = ? AND r.is_active = TRUE AND r.next_due_date <= DATE_ADD(CURDATE(), INTERVAL ? DAY) ORDER BY r.next_due_date ASC
2026-05-12 09:32:34.519 [http-nio-8080-exec-6] DEBUG c.z.f.t.m.RecurringMapper.findUpcoming   : ==> Parameters: 1(Long), 7(Integer)
2026-05-12 09:32:34.520 [http-nio-8080-exec-6] DEBUG c.z.f.t.m.RecurringMapper.findUpcoming   : <==      Total: 0
2026-05-12 09:32:36.271 [http-nio-8080-exec-10] DEBUG c.z.f.t.filter.JwtAuthenticationFilter   : Authenticated [user=Andy, uri=/api/categories]
2026-05-12 09:32:36.271 [http-nio-8080-exec-2] DEBUG c.z.f.t.filter.JwtAuthenticationFilter   : Authenticated [user=Andy, uri=/api/transactions/history]
2026-05-12 09:32:36.272 [http-nio-8080-exec-10] DEBUG c.z.f.t.m.UserMapper.findByUsername      : ==>  Preparing: SELECT * FROM users WHERE username = ?
2026-05-12 09:32:36.272 [http-nio-8080-exec-2] DEBUG c.z.f.t.m.UserMapper.findByUsername      : ==>  Preparing: SELECT * FROM users WHERE username = ?
2026-05-12 09:32:36.272 [http-nio-8080-exec-2] DEBUG c.z.f.t.m.UserMapper.findByUsername      : ==> Parameters: Andy(String)
2026-05-12 09:32:36.272 [http-nio-8080-exec-10] DEBUG c.z.f.t.m.UserMapper.findByUsername      : ==> Parameters: Andy(String)
2026-05-12 09:32:36.274 [http-nio-8080-exec-10] DEBUG c.z.f.t.m.UserMapper.findByUsername      : <==      Total: 1
2026-05-12 09:32:36.274 [http-nio-8080-exec-2] DEBUG c.z.f.t.m.UserMapper.findByUsername      : <==      Total: 1
2026-05-12 09:32:36.274 [http-nio-8080-exec-2] DEBUG c.z.f.t.m.T.findAllFiltered              : ==>  Preparing: SELECT t.*, c.name as categoryName FROM transactions t LEFT JOIN categories c ON t.category_id = c.id WHERE t.user_id = ? ORDER BY t.date DESC, t.id DESC LIMIT ? OFFSET ?
2026-05-12 09:32:36.274 [http-nio-8080-exec-2] DEBUG c.z.f.t.m.T.findAllFiltered              : ==> Parameters: 1(Long), 15(Integer), 0(Integer)
2026-05-12 09:32:36.276 [http-nio-8080-exec-2] DEBUG c.z.f.t.m.T.findAllFiltered              : <==      Total: 15
2026-05-12 09:32:36.276 [http-nio-8080-exec-2] DEBUG c.z.f.t.m.T.countFiltered                : ==>  Preparing: SELECT COUNT(*) FROM transactions t WHERE user_id = ?
2026-05-12 09:32:36.276 [http-nio-8080-exec-2] DEBUG c.z.f.t.m.T.countFiltered                : ==> Parameters: 1(Long)
2026-05-12 09:32:36.277 [http-nio-8080-exec-2] DEBUG c.z.f.t.m.T.countFiltered                : <==      Total: 1
2026-05-12 09:32:36.278 [http-nio-8080-exec-2] DEBUG c.z.f.t.c.TransactionController          : History query [userId=1, page=0, size=15, total=32]
2026-05-12 09:32:36.693 [http-nio-8080-exec-7] DEBUG c.z.f.t.filter.JwtAuthenticationFilter   : Authenticated [user=Andy, uri=/api/categories]
2026-05-12 09:32:36.693 [http-nio-8080-exec-7] DEBUG c.z.f.t.m.UserMapper.findByUsername      : ==>  Preparing: SELECT * FROM users WHERE username = ?
2026-05-12 09:32:36.694 [http-nio-8080-exec-7] DEBUG c.z.f.t.m.UserMapper.findByUsername      : ==> Parameters: Andy(String)
2026-05-12 09:32:36.695 [http-nio-8080-exec-7] DEBUG c.z.f.t.m.UserMapper.findByUsername      : <==      Total: 1
2026-05-12 09:32:36.889 [http-nio-8080-exec-8] DEBUG c.z.f.t.filter.JwtAuthenticationFilter   : Authenticated [user=Andy, uri=/api/transactions/33/image]
2026-05-12 09:32:36.889 [http-nio-8080-exec-9] DEBUG c.z.f.t.filter.JwtAuthenticationFilter   : Authenticated [user=Andy, uri=/api/transactions/30/image]
2026-05-12 09:32:36.889 [http-nio-8080-exec-6] DEBUG c.z.f.t.filter.JwtAuthenticationFilter   : Authenticated [user=Andy, uri=/api/transactions/32/image]
2026-05-12 09:32:36.889 [http-nio-8080-exec-6] DEBUG c.z.f.t.m.UserMapper.findByUsername      : ==>  Preparing: SELECT * FROM users WHERE username = ?
2026-05-12 09:32:36.890 [http-nio-8080-exec-6] DEBUG c.z.f.t.m.UserMapper.findByUsername      : ==> Parameters: Andy(String)
2026-05-12 09:32:36.890 [http-nio-8080-exec-9] DEBUG c.z.f.t.m.UserMapper.findByUsername      : ==>  Preparing: SELECT * FROM users WHERE username = ?
2026-05-12 09:32:36.890 [http-nio-8080-exec-4] DEBUG c.z.f.t.filter.JwtAuthenticationFilter   : Authenticated [user=Andy, uri=/api/transactions/34/image]
2026-05-12 09:32:36.890 [http-nio-8080-exec-8] DEBUG c.z.f.t.m.UserMapper.findByUsername      : ==>  Preparing: SELECT * FROM users WHERE username = ?
2026-05-12 09:32:36.890 [http-nio-8080-exec-9] DEBUG c.z.f.t.m.UserMapper.findByUsername      : ==> Parameters: Andy(String)
2026-05-12 09:32:36.890 [http-nio-8080-exec-8] DEBUG c.z.f.t.m.UserMapper.findByUsername      : ==> Parameters: Andy(String)
2026-05-12 09:32:36.890 [http-nio-8080-exec-10] DEBUG c.z.f.t.filter.JwtAuthenticationFilter   : Authenticated [user=Andy, uri=/api/transactions/31/image]
2026-05-12 09:32:36.891 [http-nio-8080-exec-9] DEBUG c.z.f.t.m.UserMapper.findByUsername      : <==      Total: 1
2026-05-12 09:32:36.891 [http-nio-8080-exec-4] DEBUG c.z.f.t.m.UserMapper.findByUsername      : ==>  Preparing: SELECT * FROM users WHERE username = ?
2026-05-12 09:32:36.891 [http-nio-8080-exec-10] DEBUG c.z.f.t.m.UserMapper.findByUsername      : ==>  Preparing: SELECT * FROM users WHERE username = ?
2026-05-12 09:32:36.891 [http-nio-8080-exec-8] DEBUG c.z.f.t.m.UserMapper.findByUsername      : <==      Total: 1
2026-05-12 09:32:36.891 [http-nio-8080-exec-9] DEBUG c.z.f.t.m.TransactionMapper.findById     : ==>  Preparing: SELECT t.*, c.name as categoryName FROM transactions t LEFT JOIN categories c ON t.category_id = c.id WHERE t.id = ? AND t.user_id = ?
2026-05-12 09:32:36.891 [http-nio-8080-exec-4] DEBUG c.z.f.t.m.UserMapper.findByUsername      : ==> Parameters: Andy(String)
2026-05-12 09:32:36.891 [http-nio-8080-exec-6] DEBUG c.z.f.t.m.UserMapper.findByUsername      : <==      Total: 1
2026-05-12 09:32:36.891 [http-nio-8080-exec-10] DEBUG c.z.f.t.m.UserMapper.findByUsername      : ==> Parameters: Andy(String)
2026-05-12 09:32:36.891 [http-nio-8080-exec-9] DEBUG c.z.f.t.m.TransactionMapper.findById     : ==> Parameters: 30(Long), 1(Long)
2026-05-12 09:32:36.891 [http-nio-8080-exec-8] DEBUG c.z.f.t.m.TransactionMapper.findById     : ==>  Preparing: SELECT t.*, c.name as categoryName FROM transactions t LEFT JOIN categories c ON t.category_id = c.id WHERE t.id = ? AND t.user_id = ?
2026-05-12 09:32:36.891 [http-nio-8080-exec-6] DEBUG c.z.f.t.m.TransactionMapper.findById     : ==>  Preparing: SELECT t.*, c.name as categoryName FROM transactions t LEFT JOIN categories c ON t.category_id = c.id WHERE t.id = ? AND t.user_id = ?
2026-05-12 09:32:36.891 [http-nio-8080-exec-8] DEBUG c.z.f.t.m.TransactionMapper.findById     : ==> Parameters: 33(Long), 1(Long)
2026-05-12 09:32:36.892 [http-nio-8080-exec-6] DEBUG c.z.f.t.m.TransactionMapper.findById     : ==> Parameters: 32(Long), 1(Long)
2026-05-12 09:32:36.892 [http-nio-8080-exec-4] DEBUG c.z.f.t.m.UserMapper.findByUsername      : <==      Total: 1
2026-05-12 09:32:36.892 [http-nio-8080-exec-4] DEBUG c.z.f.t.m.TransactionMapper.findById     : ==>  Preparing: SELECT t.*, c.name as categoryName FROM transactions t LEFT JOIN categories c ON t.category_id = c.id WHERE t.id = ? AND t.user_id = ?
2026-05-12 09:32:36.892 [http-nio-8080-exec-10] DEBUG c.z.f.t.m.UserMapper.findByUsername      : <==      Total: 1
2026-05-12 09:32:36.893 [http-nio-8080-exec-4] DEBUG c.z.f.t.m.TransactionMapper.findById     : ==> Parameters: 34(Long), 1(Long)
2026-05-12 09:32:36.893 [http-nio-8080-exec-6] DEBUG c.z.f.t.m.TransactionMapper.findById     : <==      Total: 1
2026-05-12 09:32:36.893 [http-nio-8080-exec-10] DEBUG c.z.f.t.m.TransactionMapper.findById     : ==>  Preparing: SELECT t.*, c.name as categoryName FROM transactions t LEFT JOIN categories c ON t.category_id = c.id WHERE t.id = ? AND t.user_id = ?
2026-05-12 09:32:36.893 [http-nio-8080-exec-9] DEBUG c.z.f.t.m.TransactionMapper.findById     : <==      Total: 1
2026-05-12 09:32:36.893 [http-nio-8080-exec-8] DEBUG c.z.f.t.m.TransactionMapper.findById     : <==      Total: 1
2026-05-12 09:32:36.893 [http-nio-8080-exec-6] DEBUG c.z.f.t.service.MinioStorageService      : Fetching from MinIO [object=transactions/tx_32_b4e7d9a8-0334-4d7c-866e-c52d5fd86c97.jpg]
2026-05-12 09:32:36.893 [http-nio-8080-exec-9] DEBUG c.z.f.t.service.MinioStorageService      : Fetching from MinIO [object=transactions/tx_30_6ec29c0d-e9f8-419c-a92f-cf622a2f63f2.jpg]
2026-05-12 09:32:36.893 [http-nio-8080-exec-10] DEBUG c.z.f.t.m.TransactionMapper.findById     : ==> Parameters: 31(Long), 1(Long)
2026-05-12 09:32:36.893 [http-nio-8080-exec-8] DEBUG c.z.f.t.service.MinioStorageService      : Fetching from MinIO [object=transactions/tx_33_d538c701-cf2d-4e52-9974-7010187a4d7b.jpg]
2026-05-12 09:32:36.894 [http-nio-8080-exec-4] DEBUG c.z.f.t.m.TransactionMapper.findById     : <==      Total: 1
2026-05-12 09:32:36.894 [http-nio-8080-exec-10] DEBUG c.z.f.t.m.TransactionMapper.findById     : <==      Total: 1
2026-05-12 09:32:36.894 [http-nio-8080-exec-4] DEBUG c.z.f.t.service.MinioStorageService      : Fetching from MinIO [object=transactions/tx_34_5a52ade7-c821-45c6-ab22-3102d0e4851c.jpg]
2026-05-12 09:32:36.894 [http-nio-8080-exec-10] DEBUG c.z.f.t.service.MinioStorageService      : Fetching from MinIO [object=transactions/tx_31_9133791b-dffe-4d7b-84bf-05ddc9ad6ee9.jpg]
2026-05-12 09:32:36.898 [http-nio-8080-exec-9] DEBUG c.z.f.t.service.MinioStorageService      : Fetched 30972 bytes from MinIO [object=transactions/tx_30_6ec29c0d-e9f8-419c-a92f-cf622a2f63f2.jpg]
2026-05-12 09:32:36.903 [http-nio-8080-exec-8] DEBUG c.z.f.t.service.MinioStorageService      : Fetched 894934 bytes from MinIO [object=transactions/tx_33_d538c701-cf2d-4e52-9974-7010187a4d7b.jpg]
2026-05-12 09:32:36.907 [http-nio-8080-exec-10] DEBUG c.z.f.t.service.MinioStorageService      : Fetched 899766 bytes from MinIO [object=transactions/tx_31_9133791b-dffe-4d7b-84bf-05ddc9ad6ee9.jpg]
2026-05-12 09:32:36.907 [http-nio-8080-exec-6] DEBUG c.z.f.t.service.MinioStorageService      : Fetched 894934 bytes from MinIO [object=transactions/tx_32_b4e7d9a8-0334-4d7c-866e-c52d5fd86c97.jpg]
2026-05-12 09:32:36.911 [http-nio-8080-exec-4] DEBUG c.z.f.t.service.MinioStorageService      : Fetched 894934 bytes from MinIO [object=transactions/tx_34_5a52ade7-c821-45c6-ab22-3102d0e4851c.jpg]
2026-05-12 09:32:37.050 [http-nio-8080-exec-9] DEBUG c.z.f.t.filter.JwtAuthenticationFilter   : Authenticated [user=Andy, uri=/api/transactions/29/image]
2026-05-12 09:32:37.051 [http-nio-8080-exec-9] DEBUG c.z.f.t.m.UserMapper.findByUsername      : ==>  Preparing: SELECT * FROM users WHERE username = ?
2026-05-12 09:32:37.051 [http-nio-8080-exec-9] DEBUG c.z.f.t.m.UserMapper.findByUsername      : ==> Parameters: Andy(String)
2026-05-12 09:32:37.052 [http-nio-8080-exec-9] DEBUG c.z.f.t.m.UserMapper.findByUsername      : <==      Total: 1
2026-05-12 09:32:37.053 [http-nio-8080-exec-9] DEBUG c.z.f.t.m.TransactionMapper.findById     : ==>  Preparing: SELECT t.*, c.name as categoryName FROM transactions t LEFT JOIN categories c ON t.category_id = c.id WHERE t.id = ? AND t.user_id = ?
2026-05-12 09:32:37.053 [http-nio-8080-exec-9] DEBUG c.z.f.t.m.TransactionMapper.findById     : ==> Parameters: 29(Long), 1(Long)
2026-05-12 09:32:37.054 [http-nio-8080-exec-9] DEBUG c.z.f.t.m.TransactionMapper.findById     : <==      Total: 1
2026-05-12 09:32:37.055 [http-nio-8080-exec-9] DEBUG c.z.f.t.service.MinioStorageService      : Fetching from MinIO [object=transactions/tx_29_b889f510-b781-4ea9-b387-5002b32483d9.jpg]
2026-05-12 09:32:37.058 [http-nio-8080-exec-9] DEBUG c.z.f.t.service.MinioStorageService      : Fetched 30972 bytes from MinIO [object=transactions/tx_29_b889f510-b781-4ea9-b387-5002b32483d9.jpg]
2026-05-12 09:32:39.559 [http-nio-8080-exec-8] DEBUG c.z.f.t.filter.JwtAuthenticationFilter   : Authenticated [user=Andy, uri=/api/transactions/28/image]
2026-05-12 09:32:39.561 [http-nio-8080-exec-8] DEBUG c.z.f.t.m.UserMapper.findByUsername      : ==>  Preparing: SELECT * FROM users WHERE username = ?
2026-05-12 09:32:39.561 [http-nio-8080-exec-8] DEBUG c.z.f.t.m.UserMapper.findByUsername      : ==> Parameters: Andy(String)
2026-05-12 09:32:39.562 [http-nio-8080-exec-8] DEBUG c.z.f.t.m.UserMapper.findByUsername      : <==      Total: 1
2026-05-12 09:32:39.562 [http-nio-8080-exec-8] DEBUG c.z.f.t.m.TransactionMapper.findById     : ==>  Preparing: SELECT t.*, c.name as categoryName FROM transactions t LEFT JOIN categories c ON t.category_id = c.id WHERE t.id = ? AND t.user_id = ?
2026-05-12 09:32:39.562 [http-nio-8080-exec-8] DEBUG c.z.f.t.m.TransactionMapper.findById     : ==> Parameters: 28(Long), 1(Long)
2026-05-12 09:32:39.563 [http-nio-8080-exec-8] DEBUG c.z.f.t.m.TransactionMapper.findById     : <==      Total: 1
2026-05-12 09:32:39.563 [http-nio-8080-exec-8] DEBUG c.z.f.t.service.MinioStorageService      : Fetching from MinIO [object=transactions/tx_28_c602e60e-2fb0-4bac-a365-cee60c0093d0.jpg]
2026-05-12 09:32:39.571 [http-nio-8080-exec-8] DEBUG c.z.f.t.service.MinioStorageService      : Fetched 899766 bytes from MinIO [object=transactions/tx_28_c602e60e-2fb0-4bac-a365-cee60c0093d0.jpg]
2026-05-12 09:32:40.258 [http-nio-8080-exec-6] DEBUG c.z.f.t.filter.JwtAuthenticationFilter   : Authenticated [user=Andy, uri=/api/transactions/24/image]
2026-05-12 09:32:40.259 [http-nio-8080-exec-6] DEBUG c.z.f.t.m.UserMapper.findByUsername      : ==>  Preparing: SELECT * FROM users WHERE username = ?
2026-05-12 09:32:40.259 [http-nio-8080-exec-6] DEBUG c.z.f.t.m.UserMapper.findByUsername      : ==> Parameters: Andy(String)
2026-05-12 09:32:40.260 [http-nio-8080-exec-6] DEBUG c.z.f.t.m.UserMapper.findByUsername      : <==      Total: 1
2026-05-12 09:32:40.260 [http-nio-8080-exec-6] DEBUG c.z.f.t.m.TransactionMapper.findById     : ==>  Preparing: SELECT t.*, c.name as categoryName FROM transactions t LEFT JOIN categories c ON t.category_id = c.id WHERE t.id = ? AND t.user_id = ?
2026-05-12 09:32:40.260 [http-nio-8080-exec-6] DEBUG c.z.f.t.m.TransactionMapper.findById     : ==> Parameters: 24(Long), 1(Long)
2026-05-12 09:32:40.261 [http-nio-8080-exec-6] DEBUG c.z.f.t.m.TransactionMapper.findById     : <==      Total: 1
2026-05-12 09:32:40.261 [http-nio-8080-exec-6] DEBUG c.z.f.t.service.MinioStorageService      : Fetching from MinIO [object=transactions/tx_24_764aca22-00c8-46b3-aeae-ac1451af4fa5.jpg]
2026-05-12 09:32:40.268 [http-nio-8080-exec-6] DEBUG c.z.f.t.service.MinioStorageService      : Fetched 1353592 bytes from MinIO [object=transactions/tx_24_764aca22-00c8-46b3-aeae-ac1451af4fa5.jpg]
2026-05-12 09:32:41.543 [http-nio-8080-exec-4] DEBUG c.z.f.t.filter.JwtAuthenticationFilter   : Authenticated [user=Andy, uri=/api/transactions/34/image]
2026-05-12 09:32:41.545 [http-nio-8080-exec-4] DEBUG c.z.f.t.m.UserMapper.findByUsername      : ==>  Preparing: SELECT * FROM users WHERE username = ?
2026-05-12 09:32:41.545 [http-nio-8080-exec-4] DEBUG c.z.f.t.m.UserMapper.findByUsername      : ==> Parameters: Andy(String)
2026-05-12 09:32:41.546 [http-nio-8080-exec-4] DEBUG c.z.f.t.m.UserMapper.findByUsername      : <==      Total: 1
2026-05-12 09:32:41.547 [http-nio-8080-exec-4] DEBUG c.z.f.t.m.TransactionMapper.findById     : ==>  Preparing: SELECT t.*, c.name as categoryName FROM transactions t LEFT JOIN categories c ON t.category_id = c.id WHERE t.id = ? AND t.user_id = ?
2026-05-12 09:32:41.547 [http-nio-8080-exec-4] DEBUG c.z.f.t.m.TransactionMapper.findById     : ==> Parameters: 34(Long), 1(Long)
2026-05-12 09:32:41.548 [http-nio-8080-exec-4] DEBUG c.z.f.t.m.TransactionMapper.findById     : <==      Total: 1
2026-05-12 09:32:41.548 [http-nio-8080-exec-4] DEBUG c.z.f.t.service.MinioStorageService      : Fetching from MinIO [object=transactions/tx_34_5a52ade7-c821-45c6-ab22-3102d0e4851c.jpg]
2026-05-12 09:32:41.554 [http-nio-8080-exec-4] DEBUG c.z.f.t.service.MinioStorageService      : Fetched 894934 bytes from MinIO [object=transactions/tx_34_5a52ade7-c821-45c6-ab22-3102d0e4851c.jpg]
2026-05-12 09:32:43.180 [http-nio-8080-exec-5] DEBUG c.z.f.t.filter.JwtAuthenticationFilter   : Authenticated [user=Andy, uri=/api/transactions/28/image]
2026-05-12 09:32:43.181 [http-nio-8080-exec-5] DEBUG c.z.f.t.m.UserMapper.findByUsername      : ==>  Preparing: SELECT * FROM users WHERE username = ?
2026-05-12 09:32:43.181 [http-nio-8080-exec-5] DEBUG c.z.f.t.m.UserMapper.findByUsername      : ==> Parameters: Andy(String)
2026-05-12 09:32:43.182 [http-nio-8080-exec-5] DEBUG c.z.f.t.m.UserMapper.findByUsername      : <==      Total: 1
2026-05-12 09:32:43.183 [http-nio-8080-exec-5] DEBUG c.z.f.t.m.TransactionMapper.findById     : ==>  Preparing: SELECT t.*, c.name as categoryName FROM transactions t LEFT JOIN categories c ON t.category_id = c.id WHERE t.id = ? AND t.user_id = ?
2026-05-12 09:32:43.183 [http-nio-8080-exec-5] DEBUG c.z.f.t.m.TransactionMapper.findById     : ==> Parameters: 28(Long), 1(Long)
2026-05-12 09:32:43.184 [http-nio-8080-exec-5] DEBUG c.z.f.t.m.TransactionMapper.findById     : <==      Total: 1
2026-05-12 09:32:43.184 [http-nio-8080-exec-5] DEBUG c.z.f.t.service.MinioStorageService      : Fetching from MinIO [object=transactions/tx_28_c602e60e-2fb0-4bac-a365-cee60c0093d0.jpg]
2026-05-12 09:32:43.190 [http-nio-8080-exec-5] DEBUG c.z.f.t.service.MinioStorageService      : Fetched 899766 bytes from MinIO [object=transactions/tx_28_c602e60e-2fb0-4bac-a365-cee60c0093d0.jpg]
2026-05-12 09:32:43.262 [http-nio-8080-exec-9] DEBUG c.z.f.t.filter.JwtAuthenticationFilter   : Authenticated [user=Andy, uri=/api/transactions/24/image]
2026-05-12 09:32:43.263 [http-nio-8080-exec-9] DEBUG c.z.f.t.m.UserMapper.findByUsername      : ==>  Preparing: SELECT * FROM users WHERE username = ?
2026-05-12 09:32:43.263 [http-nio-8080-exec-9] DEBUG c.z.f.t.m.UserMapper.findByUsername      : ==> Parameters: Andy(String)
2026-05-12 09:32:43.264 [http-nio-8080-exec-9] DEBUG c.z.f.t.m.UserMapper.findByUsername      : <==      Total: 1
2026-05-12 09:32:43.264 [http-nio-8080-exec-9] DEBUG c.z.f.t.m.TransactionMapper.findById     : ==>  Preparing: SELECT t.*, c.name as categoryName FROM transactions t LEFT JOIN categories c ON t.category_id = c.id WHERE t.id = ? AND t.user_id = ?
2026-05-12 09:32:43.264 [http-nio-8080-exec-9] DEBUG c.z.f.t.m.TransactionMapper.findById     : ==> Parameters: 24(Long), 1(Long)
2026-05-12 09:32:43.265 [http-nio-8080-exec-9] DEBUG c.z.f.t.m.TransactionMapper.findById     : <==      Total: 1
2026-05-12 09:32:43.265 [http-nio-8080-exec-9] DEBUG c.z.f.t.service.MinioStorageService      : Fetching from MinIO [object=transactions/tx_24_764aca22-00c8-46b3-aeae-ac1451af4fa5.jpg]
2026-05-12 09:32:43.273 [http-nio-8080-exec-9] DEBUG c.z.f.t.service.MinioStorageService      : Fetched 1353592 bytes from MinIO [object=transactions/tx_24_764aca22-00c8-46b3-aeae-ac1451af4fa5.jpg]
2026-05-12 09:32:43.350 [http-nio-8080-exec-8] DEBUG c.z.f.t.filter.JwtAuthenticationFilter   : Authenticated [user=Andy, uri=/api/transactions/23/image]
2026-05-12 09:32:43.350 [http-nio-8080-exec-8] DEBUG c.z.f.t.m.UserMapper.findByUsername      : ==>  Preparing: SELECT * FROM users WHERE username = ?
2026-05-12 09:32:43.350 [http-nio-8080-exec-8] DEBUG c.z.f.t.m.UserMapper.findByUsername      : ==> Parameters: Andy(String)
2026-05-12 09:32:43.351 [http-nio-8080-exec-8] DEBUG c.z.f.t.m.UserMapper.findByUsername      : <==      Total: 1
2026-05-12 09:32:43.352 [http-nio-8080-exec-8] DEBUG c.z.f.t.m.TransactionMapper.findById     : ==>  Preparing: SELECT t.*, c.name as categoryName FROM transactions t LEFT JOIN categories c ON t.category_id = c.id WHERE t.id = ? AND t.user_id = ?
2026-05-12 09:32:43.352 [http-nio-8080-exec-8] DEBUG c.z.f.t.m.TransactionMapper.findById     : ==> Parameters: 23(Long), 1(Long)
2026-05-12 09:32:43.353 [http-nio-8080-exec-8] DEBUG c.z.f.t.m.TransactionMapper.findById     : <==      Total: 1
2026-05-12 09:32:43.353 [http-nio-8080-exec-8] DEBUG c.z.f.t.service.MinioStorageService      : Fetching from MinIO [object=transactions/tx_23_986c4de8-9af1-4032-9e43-f499a6d375a3.jpg]
2026-05-12 09:32:43.359 [http-nio-8080-exec-8] DEBUG c.z.f.t.service.MinioStorageService      : Fetched 866644 bytes from MinIO [object=transactions/tx_23_986c4de8-9af1-4032-9e43-f499a6d375a3.jpg]
2026-05-12 09:33:02.517 [http-nio-8080-exec-6] DEBUG c.z.f.t.filter.JwtAuthenticationFilter   : Authenticated [user=Andy, uri=/api/transactions/summary]
2026-05-12 09:33:02.518 [http-nio-8080-exec-6] DEBUG c.z.f.t.m.UserMapper.findByUsername      : ==>  Preparing: SELECT * FROM users WHERE username = ?
2026-05-12 09:33:02.519 [http-nio-8080-exec-6] DEBUG c.z.f.t.m.UserMapper.findByUsername      : ==> Parameters: Andy(String)
2026-05-12 09:33:02.519 [http-nio-8080-exec-6] DEBUG c.z.f.t.m.UserMapper.findByUsername      : <==      Total: 1
2026-05-12 09:33:03.008 [http-nio-8080-exec-4] DEBUG c.z.f.t.filter.JwtAuthenticationFilter   : Authenticated [user=Andy, uri=/api/transactions/daily-trends]
2026-05-12 09:33:03.010 [http-nio-8080-exec-4] DEBUG c.z.f.t.m.UserMapper.findByUsername      : ==>  Preparing: SELECT * FROM users WHERE username = ?
2026-05-12 09:33:03.010 [http-nio-8080-exec-4] DEBUG c.z.f.t.m.UserMapper.findByUsername      : ==> Parameters: Andy(String)
2026-05-12 09:33:03.011 [http-nio-8080-exec-4] DEBUG c.z.f.t.m.UserMapper.findByUsername      : <==      Total: 1
2026-05-12 09:33:03.725 [http-nio-8080-exec-5] DEBUG c.z.f.t.filter.JwtAuthenticationFilter   : Authenticated [user=Andy, uri=/api/transactions/history]
2026-05-12 09:33:03.726 [http-nio-8080-exec-5] DEBUG c.z.f.t.m.UserMapper.findByUsername      : ==>  Preparing: SELECT * FROM users WHERE username = ?
2026-05-12 09:33:03.726 [http-nio-8080-exec-5] DEBUG c.z.f.t.m.UserMapper.findByUsername      : ==> Parameters: Andy(String)
2026-05-12 09:33:03.727 [http-nio-8080-exec-5] DEBUG c.z.f.t.m.UserMapper.findByUsername      : <==      Total: 1
2026-05-12 09:33:03.728 [http-nio-8080-exec-5] DEBUG c.z.f.t.m.T.findAllFiltered              : ==>  Preparing: SELECT t.*, c.name as categoryName FROM transactions t LEFT JOIN categories c ON t.category_id = c.id WHERE t.user_id = ? ORDER BY t.date DESC, t.id DESC LIMIT ? OFFSET ?
2026-05-12 09:33:03.728 [http-nio-8080-exec-5] DEBUG c.z.f.t.m.T.findAllFiltered              : ==> Parameters: 1(Long), 5(Integer), 0(Integer)
2026-05-12 09:33:03.729 [http-nio-8080-exec-5] DEBUG c.z.f.t.m.T.findAllFiltered              : <==      Total: 5
2026-05-12 09:33:03.729 [http-nio-8080-exec-5] DEBUG c.z.f.t.m.T.countFiltered                : ==>  Preparing: SELECT COUNT(*) FROM transactions t WHERE user_id = ?
2026-05-12 09:33:03.729 [http-nio-8080-exec-5] DEBUG c.z.f.t.m.T.countFiltered                : ==> Parameters: 1(Long)
2026-05-12 09:33:03.730 [http-nio-8080-exec-5] DEBUG c.z.f.t.m.T.countFiltered                : <==      Total: 1
2026-05-12 09:33:03.730 [http-nio-8080-exec-5] DEBUG c.z.f.t.c.TransactionController          : History query [userId=1, page=0, size=5, total=32]
2026-05-12 09:33:04.446 [http-nio-8080-exec-9] DEBUG c.z.f.t.filter.JwtAuthenticationFilter   : Authenticated [user=Andy, uri=/api/recurring/upcoming]
2026-05-12 09:33:04.447 [http-nio-8080-exec-9] DEBUG c.z.f.t.m.UserMapper.findByUsername      : ==>  Preparing: SELECT * FROM users WHERE username = ?
2026-05-12 09:33:04.447 [http-nio-8080-exec-9] DEBUG c.z.f.t.m.UserMapper.findByUsername      : ==> Parameters: Andy(String)
2026-05-12 09:33:04.448 [http-nio-8080-exec-9] DEBUG c.z.f.t.m.UserMapper.findByUsername      : <==      Total: 1
2026-05-12 09:33:04.449 [http-nio-8080-exec-9] DEBUG c.z.f.t.m.RecurringMapper.findUpcoming   : ==>  Preparing: SELECT r.*, c.name as categoryName FROM recurring_transactions r LEFT JOIN categories c ON r.category_id = c.id WHERE r.user_id = ? AND r.is_active = TRUE AND r.next_due_date <= DATE_ADD(CURDATE(), INTERVAL ? DAY) ORDER BY r.next_due_date ASC
2026-05-12 09:33:04.449 [http-nio-8080-exec-9] DEBUG c.z.f.t.m.RecurringMapper.findUpcoming   : ==> Parameters: 1(Long), 7(Integer)
2026-05-12 09:33:04.450 [http-nio-8080-exec-9] DEBUG c.z.f.t.m.RecurringMapper.findUpcoming   : <==      Total: 0
2026-05-12 09:33:06.391 [http-nio-8080-exec-8] DEBUG c.z.f.t.filter.JwtAuthenticationFilter   : Authenticated [user=Andy, uri=/api/categories]
2026-05-12 09:33:06.391 [http-nio-8080-exec-10] DEBUG c.z.f.t.filter.JwtAuthenticationFilter   : Authenticated [user=Andy, uri=/api/transactions/history]
2026-05-12 09:33:06.392 [http-nio-8080-exec-8] DEBUG c.z.f.t.m.UserMapper.findByUsername      : ==>  Preparing: SELECT * FROM users WHERE username = ?
2026-05-12 09:33:06.392 [http-nio-8080-exec-10] DEBUG c.z.f.t.m.UserMapper.findByUsername      : ==>  Preparing: SELECT * FROM users WHERE username = ?
2026-05-12 09:33:06.392 [http-nio-8080-exec-8] DEBUG c.z.f.t.m.UserMapper.findByUsername      : ==> Parameters: Andy(String)
2026-05-12 09:33:06.392 [http-nio-8080-exec-10] DEBUG c.z.f.t.m.UserMapper.findByUsername      : ==> Parameters: Andy(String)
2026-05-12 09:33:06.393 [http-nio-8080-exec-8] DEBUG c.z.f.t.m.UserMapper.findByUsername      : <==      Total: 1
2026-05-12 09:33:06.393 [http-nio-8080-exec-10] DEBUG c.z.f.t.m.UserMapper.findByUsername      : <==      Total: 1
2026-05-12 09:33:06.394 [http-nio-8080-exec-10] DEBUG c.z.f.t.m.T.findAllFiltered              : ==>  Preparing: SELECT t.*, c.name as categoryName FROM transactions t LEFT JOIN categories c ON t.category_id = c.id WHERE t.user_id = ? ORDER BY t.date DESC, t.id DESC LIMIT ? OFFSET ?
2026-05-12 09:33:06.394 [http-nio-8080-exec-10] DEBUG c.z.f.t.m.T.findAllFiltered              : ==> Parameters: 1(Long), 15(Integer), 0(Integer)
2026-05-12 09:33:06.395 [http-nio-8080-exec-10] DEBUG c.z.f.t.m.T.findAllFiltered              : <==      Total: 15
2026-05-12 09:33:06.396 [http-nio-8080-exec-10] DEBUG c.z.f.t.m.T.countFiltered                : ==>  Preparing: SELECT COUNT(*) FROM transactions t WHERE user_id = ?
2026-05-12 09:33:06.396 [http-nio-8080-exec-10] DEBUG c.z.f.t.m.T.countFiltered                : ==> Parameters: 1(Long)
2026-05-12 09:33:06.397 [http-nio-8080-exec-10] DEBUG c.z.f.t.m.T.countFiltered                : <==      Total: 1
2026-05-12 09:33:06.398 [http-nio-8080-exec-10] DEBUG c.z.f.t.c.TransactionController          : History query [userId=1, page=0, size=15, total=32]
2026-05-12 09:33:07.147 [http-nio-8080-exec-4] DEBUG c.z.f.t.filter.JwtAuthenticationFilter   : Authenticated [user=Andy, uri=/api/categories]
2026-05-12 09:33:07.148 [http-nio-8080-exec-4] DEBUG c.z.f.t.m.UserMapper.findByUsername      : ==>  Preparing: SELECT * FROM users WHERE username = ?
2026-05-12 09:33:07.149 [http-nio-8080-exec-4] DEBUG c.z.f.t.m.UserMapper.findByUsername      : ==> Parameters: Andy(String)
2026-05-12 09:33:07.149 [http-nio-8080-exec-4] DEBUG c.z.f.t.m.UserMapper.findByUsername      : <==      Total: 1
2026-05-12 09:33:07.299 [http-nio-8080-exec-5] DEBUG c.z.f.t.filter.JwtAuthenticationFilter   : Authenticated [user=Andy, uri=/api/transactions/34/image]
2026-05-12 09:33:07.300 [http-nio-8080-exec-5] DEBUG c.z.f.t.m.UserMapper.findByUsername      : ==>  Preparing: SELECT * FROM users WHERE username = ?
2026-05-12 09:33:07.301 [http-nio-8080-exec-5] DEBUG c.z.f.t.m.UserMapper.findByUsername      : ==> Parameters: Andy(String)
2026-05-12 09:33:07.302 [http-nio-8080-exec-3] DEBUG c.z.f.t.filter.JwtAuthenticationFilter   : Authenticated [user=Andy, uri=/api/transactions/32/image]
2026-05-12 09:33:07.302 [http-nio-8080-exec-5] DEBUG c.z.f.t.m.UserMapper.findByUsername      : <==      Total: 1
2026-05-12 09:33:07.302 [http-nio-8080-exec-9] DEBUG c.z.f.t.filter.JwtAuthenticationFilter   : Authenticated [user=Andy, uri=/api/transactions/31/image]
2026-05-12 09:33:07.302 [http-nio-8080-exec-3] DEBUG c.z.f.t.m.UserMapper.findByUsername      : ==>  Preparing: SELECT * FROM users WHERE username = ?
2026-05-12 09:33:07.302 [http-nio-8080-exec-5] DEBUG c.z.f.t.m.TransactionMapper.findById     : ==>  Preparing: SELECT t.*, c.name as categoryName FROM transactions t LEFT JOIN categories c ON t.category_id = c.id WHERE t.id = ? AND t.user_id = ?
2026-05-12 09:33:07.302 [http-nio-8080-exec-3] DEBUG c.z.f.t.m.UserMapper.findByUsername      : ==> Parameters: Andy(String)
2026-05-12 09:33:07.303 [http-nio-8080-exec-5] DEBUG c.z.f.t.m.TransactionMapper.findById     : ==> Parameters: 34(Long), 1(Long)
2026-05-12 09:33:07.303 [http-nio-8080-exec-1] DEBUG c.z.f.t.filter.JwtAuthenticationFilter   : Authenticated [user=Andy, uri=/api/transactions/33/image]
2026-05-12 09:33:07.303 [http-nio-8080-exec-9] DEBUG c.z.f.t.m.UserMapper.findByUsername      : ==>  Preparing: SELECT * FROM users WHERE username = ?
2026-05-12 09:33:07.303 [http-nio-8080-exec-8] DEBUG c.z.f.t.filter.JwtAuthenticationFilter   : Authenticated [user=Andy, uri=/api/transactions/30/image]
2026-05-12 09:33:07.303 [http-nio-8080-exec-9] DEBUG c.z.f.t.m.UserMapper.findByUsername      : ==> Parameters: Andy(String)
2026-05-12 09:33:07.304 [http-nio-8080-exec-1] DEBUG c.z.f.t.m.UserMapper.findByUsername      : ==>  Preparing: SELECT * FROM users WHERE username = ?
2026-05-12 09:33:07.304 [http-nio-8080-exec-3] DEBUG c.z.f.t.m.UserMapper.findByUsername      : <==      Total: 1
2026-05-12 09:33:07.304 [http-nio-8080-exec-1] DEBUG c.z.f.t.m.UserMapper.findByUsername      : ==> Parameters: Andy(String)
2026-05-12 09:33:07.304 [http-nio-8080-exec-5] DEBUG c.z.f.t.m.TransactionMapper.findById     : <==      Total: 1
2026-05-12 09:33:07.304 [http-nio-8080-exec-3] DEBUG c.z.f.t.m.TransactionMapper.findById     : ==>  Preparing: SELECT t.*, c.name as categoryName FROM transactions t LEFT JOIN categories c ON t.category_id = c.id WHERE t.id = ? AND t.user_id = ?
2026-05-12 09:33:07.304 [http-nio-8080-exec-5] DEBUG c.z.f.t.service.MinioStorageService      : Fetching from MinIO [object=transactions/tx_34_5a52ade7-c821-45c6-ab22-3102d0e4851c.jpg]
2026-05-12 09:33:07.304 [http-nio-8080-exec-8] DEBUG c.z.f.t.m.UserMapper.findByUsername      : ==>  Preparing: SELECT * FROM users WHERE username = ?
2026-05-12 09:33:07.304 [http-nio-8080-exec-9] DEBUG c.z.f.t.m.UserMapper.findByUsername      : <==      Total: 1
2026-05-12 09:33:07.305 [http-nio-8080-exec-3] DEBUG c.z.f.t.m.TransactionMapper.findById     : ==> Parameters: 32(Long), 1(Long)
2026-05-12 09:33:07.305 [http-nio-8080-exec-8] DEBUG c.z.f.t.m.UserMapper.findByUsername      : ==> Parameters: Andy(String)
2026-05-12 09:33:07.305 [http-nio-8080-exec-9] DEBUG c.z.f.t.m.TransactionMapper.findById     : ==>  Preparing: SELECT t.*, c.name as categoryName FROM transactions t LEFT JOIN categories c ON t.category_id = c.id WHERE t.id = ? AND t.user_id = ?
2026-05-12 09:33:07.305 [http-nio-8080-exec-9] DEBUG c.z.f.t.m.TransactionMapper.findById     : ==> Parameters: 31(Long), 1(Long)
2026-05-12 09:33:07.305 [http-nio-8080-exec-1] DEBUG c.z.f.t.m.UserMapper.findByUsername      : <==      Total: 1
2026-05-12 09:33:07.306 [http-nio-8080-exec-1] DEBUG c.z.f.t.m.TransactionMapper.findById     : ==>  Preparing: SELECT t.*, c.name as categoryName FROM transactions t LEFT JOIN categories c ON t.category_id = c.id WHERE t.id = ? AND t.user_id = ?
2026-05-12 09:33:07.306 [http-nio-8080-exec-1] DEBUG c.z.f.t.m.TransactionMapper.findById     : ==> Parameters: 33(Long), 1(Long)
2026-05-12 09:33:07.306 [http-nio-8080-exec-8] DEBUG c.z.f.t.m.UserMapper.findByUsername      : <==      Total: 1
2026-05-12 09:33:07.306 [http-nio-8080-exec-3] DEBUG c.z.f.t.m.TransactionMapper.findById     : <==      Total: 1
2026-05-12 09:33:07.306 [http-nio-8080-exec-3] DEBUG c.z.f.t.service.MinioStorageService      : Fetching from MinIO [object=transactions/tx_32_b4e7d9a8-0334-4d7c-866e-c52d5fd86c97.jpg]
2026-05-12 09:33:07.306 [http-nio-8080-exec-9] DEBUG c.z.f.t.m.TransactionMapper.findById     : <==      Total: 1
2026-05-12 09:33:07.306 [http-nio-8080-exec-8] DEBUG c.z.f.t.m.TransactionMapper.findById     : ==>  Preparing: SELECT t.*, c.name as categoryName FROM transactions t LEFT JOIN categories c ON t.category_id = c.id WHERE t.id = ? AND t.user_id = ?
2026-05-12 09:33:07.306 [http-nio-8080-exec-9] DEBUG c.z.f.t.service.MinioStorageService      : Fetching from MinIO [object=transactions/tx_31_9133791b-dffe-4d7b-84bf-05ddc9ad6ee9.jpg]
2026-05-12 09:33:07.307 [http-nio-8080-exec-8] DEBUG c.z.f.t.m.TransactionMapper.findById     : ==> Parameters: 30(Long), 1(Long)
2026-05-12 09:33:07.307 [http-nio-8080-exec-1] DEBUG c.z.f.t.m.TransactionMapper.findById     : <==      Total: 1
2026-05-12 09:33:07.307 [http-nio-8080-exec-1] DEBUG c.z.f.t.service.MinioStorageService      : Fetching from MinIO [object=transactions/tx_33_d538c701-cf2d-4e52-9974-7010187a4d7b.jpg]
2026-05-12 09:33:07.309 [http-nio-8080-exec-8] DEBUG c.z.f.t.m.TransactionMapper.findById     : <==      Total: 1
2026-05-12 09:33:07.309 [http-nio-8080-exec-8] DEBUG c.z.f.t.service.MinioStorageService      : Fetching from MinIO [object=transactions/tx_30_6ec29c0d-e9f8-419c-a92f-cf622a2f63f2.jpg]
2026-05-12 09:33:07.314 [http-nio-8080-exec-5] DEBUG c.z.f.t.service.MinioStorageService      : Fetched 894934 bytes from MinIO [object=transactions/tx_34_5a52ade7-c821-45c6-ab22-3102d0e4851c.jpg]
2026-05-12 09:33:07.317 [http-nio-8080-exec-8] DEBUG c.z.f.t.service.MinioStorageService      : Fetched 30972 bytes from MinIO [object=transactions/tx_30_6ec29c0d-e9f8-419c-a92f-cf622a2f63f2.jpg]
2026-05-12 09:33:07.328 [http-nio-8080-exec-1] DEBUG c.z.f.t.service.MinioStorageService      : Fetched 894934 bytes from MinIO [object=transactions/tx_33_d538c701-cf2d-4e52-9974-7010187a4d7b.jpg]
2026-05-12 09:33:07.328 [http-nio-8080-exec-3] DEBUG c.z.f.t.service.MinioStorageService      : Fetched 894934 bytes from MinIO [object=transactions/tx_32_b4e7d9a8-0334-4d7c-866e-c52d5fd86c97.jpg]
2026-05-12 09:33:07.329 [http-nio-8080-exec-9] DEBUG c.z.f.t.service.MinioStorageService      : Fetched 899766 bytes from MinIO [object=transactions/tx_31_9133791b-dffe-4d7b-84bf-05ddc9ad6ee9.jpg]
2026-05-12 09:33:07.520 [http-nio-8080-exec-5] DEBUG c.z.f.t.filter.JwtAuthenticationFilter   : Authenticated [user=Andy, uri=/api/transactions/29/image]
2026-05-12 09:33:07.521 [http-nio-8080-exec-5] DEBUG c.z.f.t.m.UserMapper.findByUsername      : ==>  Preparing: SELECT * FROM users WHERE username = ?
2026-05-12 09:33:07.521 [http-nio-8080-exec-5] DEBUG c.z.f.t.m.UserMapper.findByUsername      : ==> Parameters: Andy(String)
2026-05-12 09:33:07.524 [http-nio-8080-exec-5] DEBUG c.z.f.t.m.UserMapper.findByUsername      : <==      Total: 1
2026-05-12 09:33:07.524 [http-nio-8080-exec-5] DEBUG c.z.f.t.m.TransactionMapper.findById     : ==>  Preparing: SELECT t.*, c.name as categoryName FROM transactions t LEFT JOIN categories c ON t.category_id = c.id WHERE t.id = ? AND t.user_id = ?
2026-05-12 09:33:07.525 [http-nio-8080-exec-5] DEBUG c.z.f.t.m.TransactionMapper.findById     : ==> Parameters: 29(Long), 1(Long)
2026-05-12 09:33:07.526 [http-nio-8080-exec-5] DEBUG c.z.f.t.m.TransactionMapper.findById     : <==      Total: 1
2026-05-12 09:33:07.526 [http-nio-8080-exec-5] DEBUG c.z.f.t.service.MinioStorageService      : Fetching from MinIO [object=transactions/tx_29_b889f510-b781-4ea9-b387-5002b32483d9.jpg]
2026-05-12 09:33:07.530 [http-nio-8080-exec-5] DEBUG c.z.f.t.service.MinioStorageService      : Fetched 30972 bytes from MinIO [object=transactions/tx_29_b889f510-b781-4ea9-b387-5002b32483d9.jpg]
2026-05-12 09:33:10.279 [http-nio-8080-exec-6] DEBUG c.z.f.t.filter.JwtAuthenticationFilter   : Authenticated [user=Andy, uri=/api/transactions/28/image]
2026-05-12 09:33:10.281 [http-nio-8080-exec-6] DEBUG c.z.f.t.m.UserMapper.findByUsername      : ==>  Preparing: SELECT * FROM users WHERE username = ?
2026-05-12 09:33:10.281 [http-nio-8080-exec-6] DEBUG c.z.f.t.m.UserMapper.findByUsername      : ==> Parameters: Andy(String)
2026-05-12 09:33:10.282 [http-nio-8080-exec-6] DEBUG c.z.f.t.m.UserMapper.findByUsername      : <==      Total: 1
2026-05-12 09:33:10.282 [http-nio-8080-exec-6] DEBUG c.z.f.t.m.TransactionMapper.findById     : ==>  Preparing: SELECT t.*, c.name as categoryName FROM transactions t LEFT JOIN categories c ON t.category_id = c.id WHERE t.id = ? AND t.user_id = ?
2026-05-12 09:33:10.282 [http-nio-8080-exec-6] DEBUG c.z.f.t.m.TransactionMapper.findById     : ==> Parameters: 28(Long), 1(Long)
2026-05-12 09:33:10.283 [http-nio-8080-exec-6] DEBUG c.z.f.t.m.TransactionMapper.findById     : <==      Total: 1
2026-05-12 09:33:10.284 [http-nio-8080-exec-6] DEBUG c.z.f.t.service.MinioStorageService      : Fetching from MinIO [object=transactions/tx_28_c602e60e-2fb0-4bac-a365-cee60c0093d0.jpg]
2026-05-12 09:33:10.289 [http-nio-8080-exec-6] DEBUG c.z.f.t.service.MinioStorageService      : Fetched 899766 bytes from MinIO [object=transactions/tx_28_c602e60e-2fb0-4bac-a365-cee60c0093d0.jpg]
2026-05-12 09:33:10.449 [http-nio-8080-exec-9] DEBUG c.z.f.t.filter.JwtAuthenticationFilter   : Authenticated [user=Andy, uri=/api/transactions/24/image]
2026-05-12 09:33:10.450 [http-nio-8080-exec-9] DEBUG c.z.f.t.m.UserMapper.findByUsername      : ==>  Preparing: SELECT * FROM users WHERE username = ?
2026-05-12 09:33:10.450 [http-nio-8080-exec-9] DEBUG c.z.f.t.m.UserMapper.findByUsername      : ==> Parameters: Andy(String)
2026-05-12 09:33:10.451 [http-nio-8080-exec-9] DEBUG c.z.f.t.m.UserMapper.findByUsername      : <==      Total: 1
2026-05-12 09:33:10.451 [http-nio-8080-exec-9] DEBUG c.z.f.t.m.TransactionMapper.findById     : ==>  Preparing: SELECT t.*, c.name as categoryName FROM transactions t LEFT JOIN categories c ON t.category_id = c.id WHERE t.id = ? AND t.user_id = ?
2026-05-12 09:33:10.452 [http-nio-8080-exec-9] DEBUG c.z.f.t.m.TransactionMapper.findById     : ==> Parameters: 24(Long), 1(Long)
2026-05-12 09:33:10.453 [http-nio-8080-exec-9] DEBUG c.z.f.t.m.TransactionMapper.findById     : <==      Total: 1
2026-05-12 09:33:10.453 [http-nio-8080-exec-9] DEBUG c.z.f.t.service.MinioStorageService      : Fetching from MinIO [object=transactions/tx_24_764aca22-00c8-46b3-aeae-ac1451af4fa5.jpg]
2026-05-12 09:33:10.460 [http-nio-8080-exec-9] DEBUG c.z.f.t.service.MinioStorageService      : Fetched 1353592 bytes from MinIO [object=transactions/tx_24_764aca22-00c8-46b3-aeae-ac1451af4fa5.jpg]
2026-05-12 09:33:13.156 [http-nio-8080-exec-1] DEBUG c.z.f.t.filter.JwtAuthenticationFilter   : Authenticated [user=Andy, uri=/api/transactions/23/image]
2026-05-12 09:33:13.157 [http-nio-8080-exec-1] DEBUG c.z.f.t.m.UserMapper.findByUsername      : ==>  Preparing: SELECT * FROM users WHERE username = ?
2026-05-12 09:33:13.157 [http-nio-8080-exec-1] DEBUG c.z.f.t.m.UserMapper.findByUsername      : ==> Parameters: Andy(String)
2026-05-12 09:33:13.158 [http-nio-8080-exec-1] DEBUG c.z.f.t.m.UserMapper.findByUsername      : <==      Total: 1
2026-05-12 09:33:13.158 [http-nio-8080-exec-1] DEBUG c.z.f.t.m.TransactionMapper.findById     : ==>  Preparing: SELECT t.*, c.name as categoryName FROM transactions t LEFT JOIN categories c ON t.category_id = c.id WHERE t.id = ? AND t.user_id = ?
2026-05-12 09:33:13.158 [http-nio-8080-exec-1] DEBUG c.z.f.t.m.TransactionMapper.findById     : ==> Parameters: 23(Long), 1(Long)
2026-05-12 09:33:13.159 [http-nio-8080-exec-1] DEBUG c.z.f.t.m.TransactionMapper.findById     : <==      Total: 1
2026-05-12 09:33:13.159 [http-nio-8080-exec-1] DEBUG c.z.f.t.service.MinioStorageService      : Fetching from MinIO [object=transactions/tx_23_986c4de8-9af1-4032-9e43-f499a6d375a3.jpg]
2026-05-12 09:33:13.165 [http-nio-8080-exec-1] DEBUG c.z.f.t.service.MinioStorageService      : Fetched 866644 bytes from MinIO [object=transactions/tx_23_986c4de8-9af1-4032-9e43-f499a6d375a3.jpg]
2026-05-12 09:34:04.433 [http-nio-8080-exec-4] DEBUG c.z.f.t.filter.JwtAuthenticationFilter   : Authenticated [user=Andy, uri=/api/profile]
2026-05-12 09:34:04.435 [http-nio-8080-exec-4] DEBUG c.z.f.t.m.UserMapper.findByUsername      : ==>  Preparing: SELECT * FROM users WHERE username = ?
2026-05-12 09:34:04.435 [http-nio-8080-exec-4] DEBUG c.z.f.t.m.UserMapper.findByUsername      : ==> Parameters: Andy(String)
2026-05-12 09:34:04.436 [http-nio-8080-exec-4] DEBUG c.z.f.t.m.UserMapper.findByUsername      : <==      Total: 1
2026-05-12 09:34:04.694 [http-nio-8080-exec-5] DEBUG c.z.f.t.filter.JwtAuthenticationFilter   : Authenticated [user=Andy, uri=/api/profile/avatar]
2026-05-12 09:34:04.695 [http-nio-8080-exec-5] DEBUG c.z.f.t.m.UserMapper.findByUsername      : ==>  Preparing: SELECT * FROM users WHERE username = ?
2026-05-12 09:34:04.696 [http-nio-8080-exec-5] DEBUG c.z.f.t.m.UserMapper.findByUsername      : ==> Parameters: Andy(String)
2026-05-12 09:34:04.697 [http-nio-8080-exec-5] DEBUG c.z.f.t.m.UserMapper.findByUsername      : <==      Total: 1
2026-05-12 09:34:04.697 [http-nio-8080-exec-5] DEBUG c.z.f.t.service.MinioStorageService      : Fetching from MinIO [object=avatars/avatar_1_757382f5-a0cf-4680-98f3-3c97415fc2c7.jpg]
2026-05-12 09:34:04.709 [http-nio-8080-exec-5] DEBUG c.z.f.t.service.MinioStorageService      : Fetched 1353592 bytes from MinIO [object=avatars/avatar_1_757382f5-a0cf-4680-98f3-3c97415fc2c7.jpg]
2026-05-12 09:58:33.333 [SpringApplicationShutdownHook] INFO  o.s.b.w.e.tomcat.GracefulShutdown        : Commencing graceful shutdown. Waiting for active requests to complete
2026-05-12 09:58:35.353 [tomcat-shutdown] INFO  o.s.b.w.e.tomcat.GracefulShutdown        : Graceful shutdown complete
2026-05-12 09:58:41.684 [main] INFO  c.z.f.tracker.FinanceTrackerApplication  : The following 1 profile is active: "dev"
2026-05-12 09:58:42.475 [main] INFO  .s.d.r.c.RepositoryConfigurationDelegate : Multiple Spring Data modules found, entering strict repository configuration mode
2026-05-12 09:58:42.478 [main] INFO  .s.d.r.c.RepositoryConfigurationDelegate : Bootstrapping Spring Data Redis repositories in DEFAULT mode.
2026-05-12 09:58:42.515 [main] INFO  .s.d.r.c.RepositoryConfigurationDelegate : Finished Spring Data repository scanning in 12 ms. Found 0 Redis repository interfaces.
2026-05-12 09:58:43.416 [main] INFO  o.s.b.w.embedded.tomcat.TomcatWebServer  : Tomcat initialized with port 8080 (http)
2026-05-12 09:58:43.435 [main] INFO  o.a.coyote.http11.Http11NioProtocol      : Initializing ProtocolHandler ["http-nio-8080"]
2026-05-12 09:58:43.438 [main] INFO  o.apache.catalina.core.StandardService   : Starting service [Tomcat]
2026-05-12 09:58:43.438 [main] INFO  o.apache.catalina.core.StandardEngine    : Starting Servlet engine: [Apache Tomcat/10.1.49]
2026-05-12 09:58:43.507 [main] INFO  o.a.c.c.C.[Tomcat].[localhost].[/]       : Initializing Spring embedded WebApplicationContext
2026-05-12 09:58:43.508 [main] INFO  w.s.c.ServletWebServerApplicationContext : Root WebApplicationContext: initialization completed in 1803 ms
2026-05-12 09:58:43.586 [main] DEBUG c.z.f.t.filter.JwtAuthenticationFilter   : Filter 'jwtAuthenticationFilter' configured for use
2026-05-12 09:58:45.781 [main] INFO  o.a.coyote.http11.Http11NioProtocol      : Starting ProtocolHandler ["http-nio-8080"]
2026-05-12 09:58:45.816 [main] INFO  o.s.b.w.embedded.tomcat.TomcatWebServer  : Tomcat started on port 8080 (http) with context path '/'
2026-05-12 09:58:45.834 [main] INFO  c.z.f.tracker.FinanceTrackerApplication  : Started FinanceTrackerApplication in 5.926 seconds (process running for 7.304)
2026-05-12 10:04:18.990 [http-nio-8080-exec-2] INFO  o.a.c.c.C.[Tomcat].[localhost].[/]       : Initializing Spring DispatcherServlet 'dispatcherServlet'
2026-05-12 10:04:19.198 [http-nio-8080-exec-2] DEBUG c.z.f.tracker.controller.AuthController  : Login attempt: [username=Andy]
2026-05-12 10:04:19.514 [http-nio-8080-exec-2] DEBUG c.z.f.t.m.UserMapper.findByUsername      : ==>  Preparing: SELECT * FROM users WHERE username = ?
2026-05-12 10:04:19.555 [http-nio-8080-exec-2] DEBUG c.z.f.t.m.UserMapper.findByUsername      : ==> Parameters: Andy(String)
2026-05-12 10:04:19.597 [http-nio-8080-exec-2] DEBUG c.z.f.t.m.UserMapper.findByUsername      : <==      Total: 1
2026-05-12 10:04:19.836 [http-nio-8080-exec-2] INFO  c.z.f.tracker.controller.AuthController  : Login success: [username=Andy]
2026-05-12 10:04:41.142 [http-nio-8080-exec-3] DEBUG c.z.f.t.filter.JwtAuthenticationFilter   : Authenticated [user=Andy, uri=/api/transactions/30/image-url]
2026-05-12 10:04:41.158 [http-nio-8080-exec-3] DEBUG c.z.f.t.m.UserMapper.findByUsername      : ==>  Preparing: SELECT * FROM users WHERE username = ?
2026-05-12 10:04:41.159 [http-nio-8080-exec-3] DEBUG c.z.f.t.m.UserMapper.findByUsername      : ==> Parameters: Andy(String)
2026-05-12 10:04:41.163 [http-nio-8080-exec-3] DEBUG c.z.f.t.m.UserMapper.findByUsername      : <==      Total: 1
2026-05-12 10:04:41.166 [http-nio-8080-exec-3] DEBUG c.z.f.t.m.TransactionMapper.findById     : ==>  Preparing: SELECT t.*, c.name as categoryName FROM transactions t LEFT JOIN categories c ON t.category_id = c.id WHERE t.id = ? AND t.user_id = ?
2026-05-12 10:04:41.174 [http-nio-8080-exec-3] DEBUG c.z.f.t.m.TransactionMapper.findById     : ==> Parameters: 30(Long), 1(Long)
2026-05-12 10:04:41.189 [http-nio-8080-exec-3] DEBUG c.z.f.t.m.TransactionMapper.findById     : <==      Total: 1
2026-05-12 10:17:46.103 [SpringApplicationShutdownHook] INFO  o.s.b.w.e.tomcat.GracefulShutdown        : Commencing graceful shutdown. Waiting for active requests to complete
2026-05-12 10:17:48.114 [tomcat-shutdown] INFO  o.s.b.w.e.tomcat.GracefulShutdown        : Graceful shutdown complete
2026-05-12 10:17:54.337 [main] INFO  c.z.f.tracker.FinanceTrackerApplication  : The following 1 profile is active: "dev"
2026-05-12 10:17:55.169 [main] INFO  .s.d.r.c.RepositoryConfigurationDelegate : Multiple Spring Data modules found, entering strict repository configuration mode
2026-05-12 10:17:55.172 [main] INFO  .s.d.r.c.RepositoryConfigurationDelegate : Bootstrapping Spring Data Redis repositories in DEFAULT mode.
2026-05-12 10:17:55.208 [main] INFO  .s.d.r.c.RepositoryConfigurationDelegate : Finished Spring Data repository scanning in 12 ms. Found 0 Redis repository interfaces.
2026-05-12 10:17:56.053 [main] INFO  o.s.b.w.embedded.tomcat.TomcatWebServer  : Tomcat initialized with port 8080 (http)
2026-05-12 10:17:56.073 [main] INFO  o.a.coyote.http11.Http11NioProtocol      : Initializing ProtocolHandler ["http-nio-8080"]
2026-05-12 10:17:56.075 [main] INFO  o.apache.catalina.core.StandardService   : Starting service [Tomcat]
2026-05-12 10:17:56.076 [main] INFO  o.apache.catalina.core.StandardEngine    : Starting Servlet engine: [Apache Tomcat/10.1.49]
2026-05-12 10:17:56.140 [main] INFO  o.a.c.c.C.[Tomcat].[localhost].[/]       : Initializing Spring embedded WebApplicationContext
2026-05-12 10:17:56.140 [main] INFO  w.s.c.ServletWebServerApplicationContext : Root WebApplicationContext: initialization completed in 1779 ms
2026-05-12 10:17:56.211 [main] DEBUG c.z.f.t.filter.JwtAuthenticationFilter   : Filter 'jwtAuthenticationFilter' configured for use
2026-05-12 10:17:58.080 [main] INFO  o.a.coyote.http11.Http11NioProtocol      : Starting ProtocolHandler ["http-nio-8080"]
2026-05-12 10:17:58.112 [main] INFO  o.s.b.w.embedded.tomcat.TomcatWebServer  : Tomcat started on port 8080 (http) with context path '/'
2026-05-12 10:17:58.128 [main] INFO  c.z.f.tracker.FinanceTrackerApplication  : Started FinanceTrackerApplication in 5.343 seconds (process running for 6.205)
2026-05-12 10:19:30.746 [SpringApplicationShutdownHook] INFO  o.s.b.w.e.tomcat.GracefulShutdown        : Commencing graceful shutdown. Waiting for active requests to complete
2026-05-12 10:19:32.771 [tomcat-shutdown] INFO  o.s.b.w.e.tomcat.GracefulShutdown        : Graceful shutdown complete
2026-05-12 10:19:36.602 [main] INFO  c.z.f.tracker.FinanceTrackerApplication  : The following 1 profile is active: "dev"
2026-05-12 10:19:37.539 [main] INFO  .s.d.r.c.RepositoryConfigurationDelegate : Multiple Spring Data modules found, entering strict repository configuration mode
2026-05-12 10:19:37.545 [main] INFO  .s.d.r.c.RepositoryConfigurationDelegate : Bootstrapping Spring Data Redis repositories in DEFAULT mode.
2026-05-12 10:19:37.628 [main] INFO  .s.d.r.c.RepositoryConfigurationDelegate : Finished Spring Data repository scanning in 26 ms. Found 0 Redis repository interfaces.
2026-05-12 10:19:38.747 [main] INFO  o.s.b.w.embedded.tomcat.TomcatWebServer  : Tomcat initialized with port 8080 (http)
2026-05-12 10:19:38.764 [main] INFO  o.a.coyote.http11.Http11NioProtocol      : Initializing ProtocolHandler ["http-nio-8080"]
2026-05-12 10:19:38.766 [main] INFO  o.apache.catalina.core.StandardService   : Starting service [Tomcat]
2026-05-12 10:19:38.766 [main] INFO  o.apache.catalina.core.StandardEngine    : Starting Servlet engine: [Apache Tomcat/10.1.49]
2026-05-12 10:19:38.845 [main] INFO  o.a.c.c.C.[Tomcat].[localhost].[/]       : Initializing Spring embedded WebApplicationContext
2026-05-12 10:19:38.846 [main] INFO  w.s.c.ServletWebServerApplicationContext : Root WebApplicationContext: initialization completed in 2214 ms
2026-05-12 10:19:38.933 [main] DEBUG c.z.f.t.filter.JwtAuthenticationFilter   : Filter 'jwtAuthenticationFilter' configured for use
2026-05-12 10:19:40.885 [main] INFO  o.a.coyote.http11.Http11NioProtocol      : Starting ProtocolHandler ["http-nio-8080"]
2026-05-12 10:19:40.921 [main] INFO  o.s.b.w.embedded.tomcat.TomcatWebServer  : Tomcat started on port 8080 (http) with context path '/'
2026-05-12 10:19:40.951 [main] INFO  c.z.f.tracker.FinanceTrackerApplication  : Started FinanceTrackerApplication in 6.063 seconds (process running for 7.485)
2026-05-12 10:19:41.003 [http-nio-8080-exec-1] INFO  o.a.c.c.C.[Tomcat].[localhost].[/]       : Initializing Spring DispatcherServlet 'dispatcherServlet'
2026-05-12 10:19:41.144 [http-nio-8080-exec-1] DEBUG c.z.f.t.filter.JwtAuthenticationFilter   : Authenticated [user=Andy, uri=/api/transactions/daily-trends]
2026-05-12 10:19:41.384 [http-nio-8080-exec-1] DEBUG c.z.f.t.m.UserMapper.findByUsername      : ==>  Preparing: SELECT * FROM users WHERE username = ?
2026-05-12 10:19:41.432 [http-nio-8080-exec-1] DEBUG c.z.f.t.m.UserMapper.findByUsername      : ==> Parameters: Andy(String)
2026-05-12 10:19:41.483 [http-nio-8080-exec-1] DEBUG c.z.f.t.m.UserMapper.findByUsername      : <==      Total: 1
2026-05-12 10:19:42.104 [http-nio-8080-exec-1] DEBUG c.z.f.t.m.T.getDailyTrends               : ==>  Preparing: SELECT DATE(t.date) as date, SUM(CASE WHEN t.type = 'INCOME' THEN t.amount ELSE 0 END) as income, SUM(CASE WHEN t.type = 'EXPENSE' THEN t.amount ELSE 0 END) as expense FROM transactions t WHERE t.user_id = ? AND t.date >= DATE_SUB(CURDATE(), INTERVAL ? DAY) GROUP BY DATE(t.date) ORDER BY date ASC
2026-05-12 10:19:42.109 [http-nio-8080-exec-1] DEBUG c.z.f.t.m.T.getDailyTrends               : ==> Parameters: 1(Long), 30(Integer)
2026-05-12 10:19:42.117 [http-nio-8080-exec-1] DEBUG c.z.f.t.m.T.getDailyTrends               : <==      Total: 11
2026-05-12 10:19:42.895 [http-nio-8080-exec-3] DEBUG c.z.f.t.filter.JwtAuthenticationFilter   : Authenticated [user=Andy, uri=/api/transactions/history]
2026-05-12 10:19:42.902 [http-nio-8080-exec-3] DEBUG c.z.f.t.m.UserMapper.findByUsername      : ==>  Preparing: SELECT * FROM users WHERE username = ?
2026-05-12 10:19:42.903 [http-nio-8080-exec-3] DEBUG c.z.f.t.m.UserMapper.findByUsername      : ==> Parameters: Andy(String)
2026-05-12 10:19:42.904 [http-nio-8080-exec-3] DEBUG c.z.f.t.m.UserMapper.findByUsername      : <==      Total: 1
2026-05-12 10:19:42.932 [http-nio-8080-exec-3] DEBUG c.z.f.t.m.T.findAllFiltered              : ==>  Preparing: SELECT t.*, c.name as categoryName FROM transactions t LEFT JOIN categories c ON t.category_id = c.id WHERE t.user_id = ? ORDER BY t.date DESC, t.id DESC LIMIT ? OFFSET ?
2026-05-12 10:19:42.933 [http-nio-8080-exec-3] DEBUG c.z.f.t.m.T.findAllFiltered              : ==> Parameters: 1(Long), 5(Integer), 0(Integer)
2026-05-12 10:19:42.938 [http-nio-8080-exec-3] DEBUG c.z.f.t.m.T.findAllFiltered              : <==      Total: 5
2026-05-12 10:19:42.939 [http-nio-8080-exec-3] DEBUG c.z.f.t.m.T.countFiltered                : ==>  Preparing: SELECT COUNT(*) FROM transactions t WHERE user_id = ?
2026-05-12 10:19:42.939 [http-nio-8080-exec-3] DEBUG c.z.f.t.m.T.countFiltered                : ==> Parameters: 1(Long)
2026-05-12 10:19:42.943 [http-nio-8080-exec-3] DEBUG c.z.f.t.m.T.countFiltered                : <==      Total: 1
2026-05-12 10:19:42.943 [http-nio-8080-exec-3] DEBUG c.z.f.t.c.TransactionController          : History query [userId=1, page=0, size=5, total=32]
2026-05-12 10:19:43.919 [http-nio-8080-exec-5] DEBUG c.z.f.t.filter.JwtAuthenticationFilter   : Authenticated [user=Andy, uri=/api/recurring/upcoming]
2026-05-12 10:19:43.921 [http-nio-8080-exec-5] DEBUG c.z.f.t.m.UserMapper.findByUsername      : ==>  Preparing: SELECT * FROM users WHERE username = ?
2026-05-12 10:19:43.922 [http-nio-8080-exec-5] DEBUG c.z.f.t.m.UserMapper.findByUsername      : ==> Parameters: Andy(String)
2026-05-12 10:19:43.923 [http-nio-8080-exec-5] DEBUG c.z.f.t.m.UserMapper.findByUsername      : <==      Total: 1
2026-05-12 10:19:43.924 [http-nio-8080-exec-5] DEBUG c.z.f.t.m.RecurringMapper.findUpcoming   : ==>  Preparing: SELECT r.*, c.name as categoryName FROM recurring_transactions r LEFT JOIN categories c ON r.category_id = c.id WHERE r.user_id = ? AND r.is_active = TRUE AND r.next_due_date <= DATE_ADD(CURDATE(), INTERVAL ? DAY) ORDER BY r.next_due_date ASC
2026-05-12 10:19:43.924 [http-nio-8080-exec-5] DEBUG c.z.f.t.m.RecurringMapper.findUpcoming   : ==> Parameters: 1(Long), 7(Integer)
2026-05-12 10:19:43.926 [http-nio-8080-exec-5] DEBUG c.z.f.t.m.RecurringMapper.findUpcoming   : <==      Total: 0
2026-05-12 10:19:55.591 [http-nio-8080-exec-7] DEBUG c.z.f.t.filter.JwtAuthenticationFilter   : Authenticated [user=Andy, uri=/api/profile]
2026-05-12 10:19:55.593 [http-nio-8080-exec-7] DEBUG c.z.f.t.m.UserMapper.findByUsername      : ==>  Preparing: SELECT * FROM users WHERE username = ?
2026-05-12 10:19:55.593 [http-nio-8080-exec-7] DEBUG c.z.f.t.m.UserMapper.findByUsername      : ==> Parameters: Andy(String)
2026-05-12 10:19:55.595 [http-nio-8080-exec-7] DEBUG c.z.f.t.m.UserMapper.findByUsername      : <==      Total: 1
2026-05-12 10:19:56.436 [http-nio-8080-exec-9] DEBUG c.z.f.t.filter.JwtAuthenticationFilter   : Authenticated [user=Andy, uri=/api/profile/avatar-url]
2026-05-12 10:19:56.445 [http-nio-8080-exec-9] WARN  .w.s.m.s.DefaultHandlerExceptionResolver : Resolved [org.springframework.web.bind.MissingPathVariableException: Required URI template variable 'id' for method parameter type Long is not present]
2026-05-12 10:20:46.609 [http-nio-8080-exec-1] DEBUG c.z.f.tracker.controller.AuthController  : Login attempt: [username=Andy]
2026-05-12 10:20:46.610 [http-nio-8080-exec-1] DEBUG c.z.f.t.m.UserMapper.findByUsername      : ==>  Preparing: SELECT * FROM users WHERE username = ?
2026-05-12 10:20:46.611 [http-nio-8080-exec-1] DEBUG c.z.f.t.m.UserMapper.findByUsername      : ==> Parameters: Andy(String)
2026-05-12 10:20:46.612 [http-nio-8080-exec-1] DEBUG c.z.f.t.m.UserMapper.findByUsername      : <==      Total: 1
2026-05-12 10:20:46.706 [http-nio-8080-exec-1] INFO  c.z.f.tracker.controller.AuthController  : Login success: [username=Andy]
2026-05-12 10:20:47.592 [http-nio-8080-exec-3] DEBUG c.z.f.t.filter.JwtAuthenticationFilter   : Authenticated [user=Andy, uri=/api/transactions/summary]
2026-05-12 10:20:47.600 [http-nio-8080-exec-3] DEBUG c.z.f.t.m.UserMapper.findByUsername      : ==>  Preparing: SELECT * FROM users WHERE username = ?
2026-05-12 10:20:47.600 [http-nio-8080-exec-3] DEBUG c.z.f.t.m.UserMapper.findByUsername      : ==> Parameters: Andy(String)
2026-05-12 10:20:47.602 [http-nio-8080-exec-3] DEBUG c.z.f.t.m.UserMapper.findByUsername      : <==      Total: 1
2026-05-12 10:20:47.604 [http-nio-8080-exec-3] DEBUG c.z.f.t.m.T.getTotalBalance              : ==>  Preparing: SELECT COALESCE( SUM(CASE WHEN type = 'INCOME' THEN amount ELSE ABS(amount) * -1 END), 0 ) FROM transactions WHERE user_id = ?
2026-05-12 10:20:47.604 [http-nio-8080-exec-3] DEBUG c.z.f.t.m.T.getTotalBalance              : ==> Parameters: 1(Long)
2026-05-12 10:20:47.606 [http-nio-8080-exec-3] DEBUG c.z.f.t.m.T.getTotalBalance              : <==      Total: 1
2026-05-12 10:20:47.607 [http-nio-8080-exec-3] DEBUG c.z.f.t.m.T.getMonthlyBalance            : ==>  Preparing: SELECT SUM(CASE WHEN type = 'INCOME' THEN amount ELSE 0 END) as income, SUM(CASE WHEN type = 'EXPENSE' THEN ABS(amount) ELSE 0 END) as expense, SUM(CASE WHEN type = 'INCOME' THEN amount ELSE ABS(amount) * -1 END) as net FROM transactions WHERE user_id = ? AND DATE_FORMAT(date, '%Y-%m') = ?
2026-05-12 10:20:47.608 [http-nio-8080-exec-3] DEBUG c.z.f.t.m.T.getMonthlyBalance            : ==> Parameters: 1(Long), 2026-05(String)
2026-05-12 10:20:47.609 [http-nio-8080-exec-3] DEBUG c.z.f.t.m.T.getMonthlyBalance            : <==      Total: 1
2026-05-12 10:20:47.610 [http-nio-8080-exec-3] DEBUG c.z.f.t.m.T.getIncomeVsExpense           : ==>  Preparing: SELECT SUM(CASE WHEN type = 'INCOME' THEN amount ELSE 0 END) as totalIncome, SUM(CASE WHEN type = 'EXPENSE' THEN ABS(amount) ELSE 0 END) as totalExpense FROM transactions WHERE user_id = ?
2026-05-12 10:20:47.610 [http-nio-8080-exec-3] DEBUG c.z.f.t.m.T.getIncomeVsExpense           : ==> Parameters: 1(Long)
2026-05-12 10:20:47.611 [http-nio-8080-exec-3] DEBUG c.z.f.t.m.T.getIncomeVsExpense           : <==      Total: 1
2026-05-12 10:20:47.612 [http-nio-8080-exec-3] DEBUG c.z.f.t.m.T.getCategorySummary           : ==>  Preparing: SELECT c.name as name, SUM(ABS(t.amount)) as value FROM transactions t INNER JOIN categories c ON t.category_id = c.id WHERE t.user_id = ? AND t.type = ? GROUP BY c.name
2026-05-12 10:20:47.612 [http-nio-8080-exec-3] DEBUG c.z.f.t.m.T.getCategorySummary           : ==> Parameters: 1(Long), INCOME(String)
2026-05-12 10:20:47.614 [http-nio-8080-exec-3] DEBUG c.z.f.t.m.T.getCategorySummary           : <==      Total: 4
2026-05-12 10:20:47.615 [http-nio-8080-exec-3] DEBUG c.z.f.t.m.T.getCategorySummary           : ==>  Preparing: SELECT c.name as name, SUM(ABS(t.amount)) as value FROM transactions t INNER JOIN categories c ON t.category_id = c.id WHERE t.user_id = ? AND t.type = ? GROUP BY c.name
2026-05-12 10:20:47.615 [http-nio-8080-exec-3] DEBUG c.z.f.t.m.T.getCategorySummary           : ==> Parameters: 1(Long), EXPENSE(String)
2026-05-12 10:20:47.617 [http-nio-8080-exec-3] DEBUG c.z.f.t.m.T.getCategorySummary           : <==      Total: 7
2026-05-12 10:20:48.321 [http-nio-8080-exec-5] DEBUG c.z.f.t.filter.JwtAuthenticationFilter   : Authenticated [user=Andy, uri=/api/transactions/daily-trends]
2026-05-12 10:20:48.323 [http-nio-8080-exec-5] DEBUG c.z.f.t.m.UserMapper.findByUsername      : ==>  Preparing: SELECT * FROM users WHERE username = ?
2026-05-12 10:20:48.324 [http-nio-8080-exec-5] DEBUG c.z.f.t.m.UserMapper.findByUsername      : ==> Parameters: Andy(String)
2026-05-12 10:20:48.326 [http-nio-8080-exec-5] DEBUG c.z.f.t.m.UserMapper.findByUsername      : <==      Total: 1
2026-05-12 10:20:49.247 [http-nio-8080-exec-7] DEBUG c.z.f.t.filter.JwtAuthenticationFilter   : Authenticated [user=Andy, uri=/api/transactions/history]
2026-05-12 10:20:49.249 [http-nio-8080-exec-7] DEBUG c.z.f.t.m.UserMapper.findByUsername      : ==>  Preparing: SELECT * FROM users WHERE username = ?
2026-05-12 10:20:49.249 [http-nio-8080-exec-7] DEBUG c.z.f.t.m.UserMapper.findByUsername      : ==> Parameters: Andy(String)
2026-05-12 10:20:49.251 [http-nio-8080-exec-7] DEBUG c.z.f.t.m.UserMapper.findByUsername      : <==      Total: 1
2026-05-12 10:20:49.251 [http-nio-8080-exec-7] DEBUG c.z.f.t.m.T.findAllFiltered              : ==>  Preparing: SELECT t.*, c.name as categoryName FROM transactions t LEFT JOIN categories c ON t.category_id = c.id WHERE t.user_id = ? ORDER BY t.date DESC, t.id DESC LIMIT ? OFFSET ?
2026-05-12 10:20:49.252 [http-nio-8080-exec-7] DEBUG c.z.f.t.m.T.findAllFiltered              : ==> Parameters: 1(Long), 5(Integer), 0(Integer)
2026-05-12 10:20:49.255 [http-nio-8080-exec-7] DEBUG c.z.f.t.m.T.findAllFiltered              : <==      Total: 5
2026-05-12 10:20:49.255 [http-nio-8080-exec-7] DEBUG c.z.f.t.m.T.countFiltered                : ==>  Preparing: SELECT COUNT(*) FROM transactions t WHERE user_id = ?
2026-05-12 10:20:49.256 [http-nio-8080-exec-7] DEBUG c.z.f.t.m.T.countFiltered                : ==> Parameters: 1(Long)
2026-05-12 10:20:49.257 [http-nio-8080-exec-7] DEBUG c.z.f.t.m.T.countFiltered                : <==      Total: 1
2026-05-12 10:20:49.257 [http-nio-8080-exec-7] DEBUG c.z.f.t.c.TransactionController          : History query [userId=1, page=0, size=5, total=32]
2026-05-12 10:20:50.240 [http-nio-8080-exec-9] DEBUG c.z.f.t.filter.JwtAuthenticationFilter   : Authenticated [user=Andy, uri=/api/recurring/upcoming]
2026-05-12 10:20:50.241 [http-nio-8080-exec-9] DEBUG c.z.f.t.m.UserMapper.findByUsername      : ==>  Preparing: SELECT * FROM users WHERE username = ?
2026-05-12 10:20:50.242 [http-nio-8080-exec-9] DEBUG c.z.f.t.m.UserMapper.findByUsername      : ==> Parameters: Andy(String)
2026-05-12 10:20:50.243 [http-nio-8080-exec-9] DEBUG c.z.f.t.m.UserMapper.findByUsername      : <==      Total: 1
2026-05-12 10:20:50.243 [http-nio-8080-exec-9] DEBUG c.z.f.t.m.RecurringMapper.findUpcoming   : ==>  Preparing: SELECT r.*, c.name as categoryName FROM recurring_transactions r LEFT JOIN categories c ON r.category_id = c.id WHERE r.user_id = ? AND r.is_active = TRUE AND r.next_due_date <= DATE_ADD(CURDATE(), INTERVAL ? DAY) ORDER BY r.next_due_date ASC
2026-05-12 10:20:50.244 [http-nio-8080-exec-9] DEBUG c.z.f.t.m.RecurringMapper.findUpcoming   : ==> Parameters: 1(Long), 7(Integer)
2026-05-12 10:20:50.245 [http-nio-8080-exec-9] DEBUG c.z.f.t.m.RecurringMapper.findUpcoming   : <==      Total: 0
2026-05-12 10:20:53.263 [http-nio-8080-exec-1] DEBUG c.z.f.t.filter.JwtAuthenticationFilter   : Authenticated [user=Andy, uri=/api/categories]
2026-05-12 10:20:53.266 [http-nio-8080-exec-1] DEBUG c.z.f.t.m.UserMapper.findByUsername      : ==>  Preparing: SELECT * FROM users WHERE username = ?
2026-05-12 10:20:53.266 [http-nio-8080-exec-1] DEBUG c.z.f.t.m.UserMapper.findByUsername      : ==> Parameters: Andy(String)
2026-05-12 10:20:53.267 [http-nio-8080-exec-1] DEBUG c.z.f.t.m.UserMapper.findByUsername      : <==      Total: 1
2026-05-12 10:20:53.270 [http-nio-8080-exec-1] DEBUG c.z.f.t.m.C.findByUserIdAndType          : ==>  Preparing: SELECT * FROM categories WHERE user_id = ? AND type = ? ORDER BY name ASC
2026-05-12 10:20:53.271 [http-nio-8080-exec-1] DEBUG c.z.f.t.m.C.findByUserIdAndType          : ==> Parameters: 1(Long), EXPENSE(String)
2026-05-12 10:20:53.274 [http-nio-8080-exec-1] DEBUG c.z.f.t.m.C.findByUserIdAndType          : <==      Total: 10
2026-05-12 10:20:53.335 [http-nio-8080-exec-3] DEBUG c.z.f.t.filter.JwtAuthenticationFilter   : Authenticated [user=Andy, uri=/api/transactions/history]
2026-05-12 10:20:53.336 [http-nio-8080-exec-3] DEBUG c.z.f.t.m.UserMapper.findByUsername      : ==>  Preparing: SELECT * FROM users WHERE username = ?
2026-05-12 10:20:53.336 [http-nio-8080-exec-3] DEBUG c.z.f.t.m.UserMapper.findByUsername      : ==> Parameters: Andy(String)
2026-05-12 10:20:53.338 [http-nio-8080-exec-3] DEBUG c.z.f.t.m.UserMapper.findByUsername      : <==      Total: 1
2026-05-12 10:20:53.339 [http-nio-8080-exec-3] DEBUG c.z.f.t.m.T.findAllFiltered              : ==>  Preparing: SELECT t.*, c.name as categoryName FROM transactions t LEFT JOIN categories c ON t.category_id = c.id WHERE t.user_id = ? ORDER BY t.date DESC, t.id DESC LIMIT ? OFFSET ?
2026-05-12 10:20:53.340 [http-nio-8080-exec-3] DEBUG c.z.f.t.m.T.findAllFiltered              : ==> Parameters: 1(Long), 15(Integer), 0(Integer)
2026-05-12 10:20:53.346 [http-nio-8080-exec-3] DEBUG c.z.f.t.m.T.findAllFiltered              : <==      Total: 15
2026-05-12 10:20:53.347 [http-nio-8080-exec-3] DEBUG c.z.f.t.m.T.countFiltered                : ==>  Preparing: SELECT COUNT(*) FROM transactions t WHERE user_id = ?
2026-05-12 10:20:53.347 [http-nio-8080-exec-3] DEBUG c.z.f.t.m.T.countFiltered                : ==> Parameters: 1(Long)
2026-05-12 10:20:53.349 [http-nio-8080-exec-3] DEBUG c.z.f.t.m.T.countFiltered                : <==      Total: 1
2026-05-12 10:20:53.349 [http-nio-8080-exec-3] DEBUG c.z.f.t.c.TransactionController          : History query [userId=1, page=0, size=15, total=32]
2026-05-12 10:20:53.648 [http-nio-8080-exec-5] DEBUG c.z.f.t.filter.JwtAuthenticationFilter   : Authenticated [user=Andy, uri=/api/transactions/34/image-url]
2026-05-12 10:20:53.649 [http-nio-8080-exec-5] DEBUG c.z.f.t.m.UserMapper.findByUsername      : ==>  Preparing: SELECT * FROM users WHERE username = ?
2026-05-12 10:20:53.649 [http-nio-8080-exec-5] DEBUG c.z.f.t.m.UserMapper.findByUsername      : ==> Parameters: Andy(String)
2026-05-12 10:20:53.651 [http-nio-8080-exec-5] DEBUG c.z.f.t.m.UserMapper.findByUsername      : <==      Total: 1
2026-05-12 10:20:53.652 [http-nio-8080-exec-5] DEBUG c.z.f.t.m.TransactionMapper.findById     : ==>  Preparing: SELECT t.*, c.name as categoryName FROM transactions t LEFT JOIN categories c ON t.category_id = c.id WHERE t.id = ? AND t.user_id = ?
2026-05-12 10:20:53.652 [http-nio-8080-exec-5] DEBUG c.z.f.t.m.TransactionMapper.findById     : ==> Parameters: 34(Long), 1(Long)
2026-05-12 10:20:53.653 [http-nio-8080-exec-5] DEBUG c.z.f.t.m.TransactionMapper.findById     : <==      Total: 1
2026-05-12 10:20:53.744 [http-nio-8080-exec-6] DEBUG c.z.f.t.filter.JwtAuthenticationFilter   : Authenticated [user=Andy, uri=/api/transactions/33/image-url]
2026-05-12 10:20:53.746 [http-nio-8080-exec-6] DEBUG c.z.f.t.m.UserMapper.findByUsername      : ==>  Preparing: SELECT * FROM users WHERE username = ?
2026-05-12 10:20:53.747 [http-nio-8080-exec-6] DEBUG c.z.f.t.m.UserMapper.findByUsername      : ==> Parameters: Andy(String)
2026-05-12 10:20:53.747 [http-nio-8080-exec-8] DEBUG c.z.f.t.filter.JwtAuthenticationFilter   : Authenticated [user=Andy, uri=/api/transactions/32/image-url]
2026-05-12 10:20:53.748 [http-nio-8080-exec-7] DEBUG c.z.f.t.filter.JwtAuthenticationFilter   : Authenticated [user=Andy, uri=/api/transactions/31/image-url]
2026-05-12 10:20:53.752 [http-nio-8080-exec-6] DEBUG c.z.f.t.m.UserMapper.findByUsername      : <==      Total: 1
2026-05-12 10:20:53.752 [http-nio-8080-exec-6] DEBUG c.z.f.t.m.TransactionMapper.findById     : ==>  Preparing: SELECT t.*, c.name as categoryName FROM transactions t LEFT JOIN categories c ON t.category_id = c.id WHERE t.id = ? AND t.user_id = ?
2026-05-12 10:20:53.753 [http-nio-8080-exec-6] DEBUG c.z.f.t.m.TransactionMapper.findById     : ==> Parameters: 33(Long), 1(Long)
2026-05-12 10:20:53.753 [http-nio-8080-exec-8] DEBUG c.z.f.t.m.UserMapper.findByUsername      : ==>  Preparing: SELECT * FROM users WHERE username = ?
2026-05-12 10:20:53.754 [http-nio-8080-exec-8] DEBUG c.z.f.t.m.UserMapper.findByUsername      : ==> Parameters: Andy(String)
2026-05-12 10:20:53.755 [http-nio-8080-exec-7] DEBUG c.z.f.t.m.UserMapper.findByUsername      : ==>  Preparing: SELECT * FROM users WHERE username = ?
2026-05-12 10:20:53.756 [http-nio-8080-exec-7] DEBUG c.z.f.t.m.UserMapper.findByUsername      : ==> Parameters: Andy(String)
2026-05-12 10:20:53.760 [http-nio-8080-exec-8] DEBUG c.z.f.t.m.UserMapper.findByUsername      : <==      Total: 1
2026-05-12 10:20:53.760 [http-nio-8080-exec-6] DEBUG c.z.f.t.m.TransactionMapper.findById     : <==      Total: 1
2026-05-12 10:20:53.761 [http-nio-8080-exec-8] DEBUG c.z.f.t.m.TransactionMapper.findById     : ==>  Preparing: SELECT t.*, c.name as categoryName FROM transactions t LEFT JOIN categories c ON t.category_id = c.id WHERE t.id = ? AND t.user_id = ?
2026-05-12 10:20:53.761 [http-nio-8080-exec-9] DEBUG c.z.f.t.filter.JwtAuthenticationFilter   : Authenticated [user=Andy, uri=/api/transactions/30/image-url]
2026-05-12 10:20:53.762 [http-nio-8080-exec-8] DEBUG c.z.f.t.m.TransactionMapper.findById     : ==> Parameters: 32(Long), 1(Long)
2026-05-12 10:20:53.763 [http-nio-8080-exec-9] DEBUG c.z.f.t.m.UserMapper.findByUsername      : ==>  Preparing: SELECT * FROM users WHERE username = ?
2026-05-12 10:20:53.763 [http-nio-8080-exec-9] DEBUG c.z.f.t.m.UserMapper.findByUsername      : ==> Parameters: Andy(String)
2026-05-12 10:20:53.765 [http-nio-8080-exec-7] DEBUG c.z.f.t.m.UserMapper.findByUsername      : <==      Total: 1
2026-05-12 10:20:53.766 [http-nio-8080-exec-7] DEBUG c.z.f.t.m.TransactionMapper.findById     : ==>  Preparing: SELECT t.*, c.name as categoryName FROM transactions t LEFT JOIN categories c ON t.category_id = c.id WHERE t.id = ? AND t.user_id = ?
2026-05-12 10:20:53.767 [http-nio-8080-exec-7] DEBUG c.z.f.t.m.TransactionMapper.findById     : ==> Parameters: 31(Long), 1(Long)
2026-05-12 10:20:53.770 [http-nio-8080-exec-8] DEBUG c.z.f.t.m.TransactionMapper.findById     : <==      Total: 1
2026-05-12 10:20:53.772 [http-nio-8080-exec-7] DEBUG c.z.f.t.m.TransactionMapper.findById     : <==      Total: 1
2026-05-12 10:20:53.772 [http-nio-8080-exec-9] DEBUG c.z.f.t.m.UserMapper.findByUsername      : <==      Total: 1
2026-05-12 10:20:53.774 [http-nio-8080-exec-9] DEBUG c.z.f.t.m.TransactionMapper.findById     : ==>  Preparing: SELECT t.*, c.name as categoryName FROM transactions t LEFT JOIN categories c ON t.category_id = c.id WHERE t.id = ? AND t.user_id = ?
2026-05-12 10:20:53.775 [http-nio-8080-exec-9] DEBUG c.z.f.t.m.TransactionMapper.findById     : ==> Parameters: 30(Long), 1(Long)
2026-05-12 10:20:53.783 [http-nio-8080-exec-9] DEBUG c.z.f.t.m.TransactionMapper.findById     : <==      Total: 1
2026-05-12 10:20:53.964 [http-nio-8080-exec-6] DEBUG c.z.f.t.filter.JwtAuthenticationFilter   : Authenticated [user=Andy, uri=/api/categories]
2026-05-12 10:20:53.965 [http-nio-8080-exec-6] DEBUG c.z.f.t.m.UserMapper.findByUsername      : ==>  Preparing: SELECT * FROM users WHERE username = ?
2026-05-12 10:20:53.965 [http-nio-8080-exec-6] DEBUG c.z.f.t.m.UserMapper.findByUsername      : ==> Parameters: Andy(String)
2026-05-12 10:20:53.967 [http-nio-8080-exec-6] DEBUG c.z.f.t.m.UserMapper.findByUsername      : <==      Total: 1
2026-05-12 10:20:53.968 [http-nio-8080-exec-6] DEBUG c.z.f.t.m.C.findByUserIdAndType          : ==>  Preparing: SELECT * FROM categories WHERE user_id = ? AND type = ? ORDER BY name ASC
2026-05-12 10:20:53.969 [http-nio-8080-exec-6] DEBUG c.z.f.t.m.C.findByUserIdAndType          : ==> Parameters: 1(Long), INCOME(String)
2026-05-12 10:20:53.971 [http-nio-8080-exec-6] DEBUG c.z.f.t.m.C.findByUserIdAndType          : <==      Total: 5
2026-05-12 10:20:54.096 [http-nio-8080-exec-5] DEBUG c.z.f.t.filter.JwtAuthenticationFilter   : Authenticated [user=Andy, uri=/api/transactions/29/image-url]
2026-05-12 10:20:54.097 [http-nio-8080-exec-5] DEBUG c.z.f.t.m.UserMapper.findByUsername      : ==>  Preparing: SELECT * FROM users WHERE username = ?
2026-05-12 10:20:54.097 [http-nio-8080-exec-5] DEBUG c.z.f.t.m.UserMapper.findByUsername      : ==> Parameters: Andy(String)
2026-05-12 10:20:54.099 [http-nio-8080-exec-5] DEBUG c.z.f.t.m.UserMapper.findByUsername      : <==      Total: 1
2026-05-12 10:20:54.100 [http-nio-8080-exec-5] DEBUG c.z.f.t.m.TransactionMapper.findById     : ==>  Preparing: SELECT t.*, c.name as categoryName FROM transactions t LEFT JOIN categories c ON t.category_id = c.id WHERE t.id = ? AND t.user_id = ?
2026-05-12 10:20:54.100 [http-nio-8080-exec-5] DEBUG c.z.f.t.m.TransactionMapper.findById     : ==> Parameters: 29(Long), 1(Long)
2026-05-12 10:20:54.102 [http-nio-8080-exec-5] DEBUG c.z.f.t.m.TransactionMapper.findById     : <==      Total: 1
2026-05-12 10:21:00.046 [http-nio-8080-exec-8] DEBUG c.z.f.t.filter.JwtAuthenticationFilter   : Authenticated [user=Andy, uri=/api/transactions/28/image-url]
2026-05-12 10:21:00.048 [http-nio-8080-exec-8] DEBUG c.z.f.t.m.UserMapper.findByUsername      : ==>  Preparing: SELECT * FROM users WHERE username = ?
2026-05-12 10:21:00.048 [http-nio-8080-exec-8] DEBUG c.z.f.t.m.UserMapper.findByUsername      : ==> Parameters: Andy(String)
2026-05-12 10:21:00.050 [http-nio-8080-exec-8] DEBUG c.z.f.t.m.UserMapper.findByUsername      : <==      Total: 1
2026-05-12 10:21:00.050 [http-nio-8080-exec-8] DEBUG c.z.f.t.m.TransactionMapper.findById     : ==>  Preparing: SELECT t.*, c.name as categoryName FROM transactions t LEFT JOIN categories c ON t.category_id = c.id WHERE t.id = ? AND t.user_id = ?
2026-05-12 10:21:00.051 [http-nio-8080-exec-8] DEBUG c.z.f.t.m.TransactionMapper.findById     : ==> Parameters: 28(Long), 1(Long)
2026-05-12 10:21:00.053 [http-nio-8080-exec-8] DEBUG c.z.f.t.m.TransactionMapper.findById     : <==      Total: 1
2026-05-12 10:21:00.121 [http-nio-8080-exec-1] DEBUG c.z.f.t.filter.JwtAuthenticationFilter   : Authenticated [user=Andy, uri=/api/transactions/24/image-url]
2026-05-12 10:21:00.123 [http-nio-8080-exec-1] DEBUG c.z.f.t.m.UserMapper.findByUsername      : ==>  Preparing: SELECT * FROM users WHERE username = ?
2026-05-12 10:21:00.123 [http-nio-8080-exec-1] DEBUG c.z.f.t.m.UserMapper.findByUsername      : ==> Parameters: Andy(String)
2026-05-12 10:21:00.125 [http-nio-8080-exec-1] DEBUG c.z.f.t.m.UserMapper.findByUsername      : <==      Total: 1
2026-05-12 10:21:00.125 [http-nio-8080-exec-1] DEBUG c.z.f.t.m.TransactionMapper.findById     : ==>  Preparing: SELECT t.*, c.name as categoryName FROM transactions t LEFT JOIN categories c ON t.category_id = c.id WHERE t.id = ? AND t.user_id = ?
2026-05-12 10:21:00.125 [http-nio-8080-exec-1] DEBUG c.z.f.t.m.TransactionMapper.findById     : ==> Parameters: 24(Long), 1(Long)
2026-05-12 10:21:00.127 [http-nio-8080-exec-1] DEBUG c.z.f.t.m.TransactionMapper.findById     : <==      Total: 1
2026-05-12 10:21:00.794 [http-nio-8080-exec-3] DEBUG c.z.f.t.filter.JwtAuthenticationFilter   : Authenticated [user=Andy, uri=/api/transactions/24/image-url]
2026-05-12 10:21:00.796 [http-nio-8080-exec-3] DEBUG c.z.f.t.m.UserMapper.findByUsername      : ==>  Preparing: SELECT * FROM users WHERE username = ?
2026-05-12 10:21:00.796 [http-nio-8080-exec-3] DEBUG c.z.f.t.m.UserMapper.findByUsername      : ==> Parameters: Andy(String)
2026-05-12 10:21:00.798 [http-nio-8080-exec-3] DEBUG c.z.f.t.m.UserMapper.findByUsername      : <==      Total: 1
2026-05-12 10:21:00.798 [http-nio-8080-exec-3] DEBUG c.z.f.t.m.TransactionMapper.findById     : ==>  Preparing: SELECT t.*, c.name as categoryName FROM transactions t LEFT JOIN categories c ON t.category_id = c.id WHERE t.id = ? AND t.user_id = ?
2026-05-12 10:21:00.799 [http-nio-8080-exec-3] DEBUG c.z.f.t.m.TransactionMapper.findById     : ==> Parameters: 24(Long), 1(Long)
2026-05-12 10:21:00.801 [http-nio-8080-exec-3] DEBUG c.z.f.t.m.TransactionMapper.findById     : <==      Total: 1
2026-05-12 10:21:00.881 [http-nio-8080-exec-6] DEBUG c.z.f.t.filter.JwtAuthenticationFilter   : Authenticated [user=Andy, uri=/api/transactions/23/image-url]
2026-05-12 10:21:00.882 [http-nio-8080-exec-6] DEBUG c.z.f.t.m.UserMapper.findByUsername      : ==>  Preparing: SELECT * FROM users WHERE username = ?
2026-05-12 10:21:00.882 [http-nio-8080-exec-6] DEBUG c.z.f.t.m.UserMapper.findByUsername      : ==> Parameters: Andy(String)
2026-05-12 10:21:00.884 [http-nio-8080-exec-6] DEBUG c.z.f.t.m.UserMapper.findByUsername      : <==      Total: 1
2026-05-12 10:21:00.884 [http-nio-8080-exec-6] DEBUG c.z.f.t.m.TransactionMapper.findById     : ==>  Preparing: SELECT t.*, c.name as categoryName FROM transactions t LEFT JOIN categories c ON t.category_id = c.id WHERE t.id = ? AND t.user_id = ?
2026-05-12 10:21:00.884 [http-nio-8080-exec-6] DEBUG c.z.f.t.m.TransactionMapper.findById     : ==> Parameters: 23(Long), 1(Long)
2026-05-12 10:21:00.886 [http-nio-8080-exec-6] DEBUG c.z.f.t.m.TransactionMapper.findById     : <==      Total: 1
2026-05-12 10:21:02.213 [http-nio-8080-exec-5] DEBUG c.z.f.t.filter.JwtAuthenticationFilter   : Authenticated [user=Andy, uri=/api/transactions/32/image-url]
2026-05-12 10:21:02.214 [http-nio-8080-exec-5] DEBUG c.z.f.t.m.UserMapper.findByUsername      : ==>  Preparing: SELECT * FROM users WHERE username = ?
2026-05-12 10:21:02.215 [http-nio-8080-exec-5] DEBUG c.z.f.t.m.UserMapper.findByUsername      : ==> Parameters: Andy(String)
2026-05-12 10:21:02.216 [http-nio-8080-exec-5] DEBUG c.z.f.t.m.UserMapper.findByUsername      : <==      Total: 1
2026-05-12 10:21:02.216 [http-nio-8080-exec-5] DEBUG c.z.f.t.m.TransactionMapper.findById     : ==>  Preparing: SELECT t.*, c.name as categoryName FROM transactions t LEFT JOIN categories c ON t.category_id = c.id WHERE t.id = ? AND t.user_id = ?
2026-05-12 10:21:02.217 [http-nio-8080-exec-5] DEBUG c.z.f.t.m.TransactionMapper.findById     : ==> Parameters: 32(Long), 1(Long)
2026-05-12 10:21:02.218 [http-nio-8080-exec-5] DEBUG c.z.f.t.m.TransactionMapper.findById     : <==      Total: 1
2026-05-12 10:21:02.286 [http-nio-8080-exec-8] DEBUG c.z.f.t.filter.JwtAuthenticationFilter   : Authenticated [user=Andy, uri=/api/transactions/33/image-url]
2026-05-12 10:21:02.287 [http-nio-8080-exec-8] DEBUG c.z.f.t.m.UserMapper.findByUsername      : ==>  Preparing: SELECT * FROM users WHERE username = ?
2026-05-12 10:21:02.288 [http-nio-8080-exec-8] DEBUG c.z.f.t.m.UserMapper.findByUsername      : ==> Parameters: Andy(String)
2026-05-12 10:21:02.289 [http-nio-8080-exec-8] DEBUG c.z.f.t.m.UserMapper.findByUsername      : <==      Total: 1
2026-05-12 10:21:02.289 [http-nio-8080-exec-8] DEBUG c.z.f.t.m.TransactionMapper.findById     : ==>  Preparing: SELECT t.*, c.name as categoryName FROM transactions t LEFT JOIN categories c ON t.category_id = c.id WHERE t.id = ? AND t.user_id = ?
2026-05-12 10:21:02.290 [http-nio-8080-exec-8] DEBUG c.z.f.t.m.TransactionMapper.findById     : ==> Parameters: 33(Long), 1(Long)
2026-05-12 10:21:02.291 [http-nio-8080-exec-8] DEBUG c.z.f.t.m.TransactionMapper.findById     : <==      Total: 1
2026-05-12 10:21:02.342 [http-nio-8080-exec-1] DEBUG c.z.f.t.filter.JwtAuthenticationFilter   : Authenticated [user=Andy, uri=/api/transactions/34/image-url]
2026-05-12 10:21:02.343 [http-nio-8080-exec-1] DEBUG c.z.f.t.m.UserMapper.findByUsername      : ==>  Preparing: SELECT * FROM users WHERE username = ?
2026-05-12 10:21:02.343 [http-nio-8080-exec-1] DEBUG c.z.f.t.m.UserMapper.findByUsername      : ==> Parameters: Andy(String)
2026-05-12 10:21:02.345 [http-nio-8080-exec-1] DEBUG c.z.f.t.m.UserMapper.findByUsername      : <==      Total: 1
2026-05-12 10:21:02.345 [http-nio-8080-exec-1] DEBUG c.z.f.t.m.TransactionMapper.findById     : ==>  Preparing: SELECT t.*, c.name as categoryName FROM transactions t LEFT JOIN categories c ON t.category_id = c.id WHERE t.id = ? AND t.user_id = ?
2026-05-12 10:21:02.346 [http-nio-8080-exec-1] DEBUG c.z.f.t.m.TransactionMapper.findById     : ==> Parameters: 34(Long), 1(Long)
2026-05-12 10:21:02.347 [http-nio-8080-exec-1] DEBUG c.z.f.t.m.TransactionMapper.findById     : <==      Total: 1
2026-05-12 10:21:12.950 [http-nio-8080-exec-3] DEBUG c.z.f.t.filter.JwtAuthenticationFilter   : Authenticated [user=Andy, uri=/api/profile]
2026-05-12 10:21:12.953 [http-nio-8080-exec-3] DEBUG c.z.f.t.m.UserMapper.findByUsername      : ==>  Preparing: SELECT * FROM users WHERE username = ?
2026-05-12 10:21:12.953 [http-nio-8080-exec-3] DEBUG c.z.f.t.m.UserMapper.findByUsername      : ==> Parameters: Andy(String)
2026-05-12 10:21:12.956 [http-nio-8080-exec-3] DEBUG c.z.f.t.m.UserMapper.findByUsername      : <==      Total: 1
2026-05-12 10:21:13.226 [http-nio-8080-exec-6] DEBUG c.z.f.t.filter.JwtAuthenticationFilter   : Authenticated [user=Andy, uri=/api/profile/avatar-url]
2026-05-12 10:21:13.227 [http-nio-8080-exec-6] WARN  .w.s.m.s.DefaultHandlerExceptionResolver : Resolved [org.springframework.web.bind.MissingPathVariableException: Required URI template variable 'id' for method parameter type Long is not present]
2026-05-12 10:21:16.971 [http-nio-8080-exec-5] DEBUG c.z.f.t.filter.JwtAuthenticationFilter   : Authenticated [user=Andy, uri=/api/categories]
2026-05-12 10:21:16.973 [http-nio-8080-exec-5] DEBUG c.z.f.t.m.UserMapper.findByUsername      : ==>  Preparing: SELECT * FROM users WHERE username = ?
2026-05-12 10:21:16.973 [http-nio-8080-exec-5] DEBUG c.z.f.t.m.UserMapper.findByUsername      : ==> Parameters: Andy(String)
2026-05-12 10:21:16.974 [http-nio-8080-exec-5] DEBUG c.z.f.t.m.UserMapper.findByUsername      : <==      Total: 1
2026-05-12 10:21:17.043 [http-nio-8080-exec-8] DEBUG c.z.f.t.filter.JwtAuthenticationFilter   : Authenticated [user=Andy, uri=/api/transactions/history]
2026-05-12 10:21:17.044 [http-nio-8080-exec-8] DEBUG c.z.f.t.m.UserMapper.findByUsername      : ==>  Preparing: SELECT * FROM users WHERE username = ?
2026-05-12 10:21:17.045 [http-nio-8080-exec-8] DEBUG c.z.f.t.m.UserMapper.findByUsername      : ==> Parameters: Andy(String)
2026-05-12 10:21:17.046 [http-nio-8080-exec-8] DEBUG c.z.f.t.m.UserMapper.findByUsername      : <==      Total: 1
2026-05-12 10:21:17.047 [http-nio-8080-exec-8] DEBUG c.z.f.t.m.T.findAllFiltered              : ==>  Preparing: SELECT t.*, c.name as categoryName FROM transactions t LEFT JOIN categories c ON t.category_id = c.id WHERE t.user_id = ? ORDER BY t.date DESC, t.id DESC LIMIT ? OFFSET ?
2026-05-12 10:21:17.047 [http-nio-8080-exec-8] DEBUG c.z.f.t.m.T.findAllFiltered              : ==> Parameters: 1(Long), 15(Integer), 0(Integer)
2026-05-12 10:21:17.050 [http-nio-8080-exec-8] DEBUG c.z.f.t.m.T.findAllFiltered              : <==      Total: 15
2026-05-12 10:21:17.051 [http-nio-8080-exec-8] DEBUG c.z.f.t.m.T.countFiltered                : ==>  Preparing: SELECT COUNT(*) FROM transactions t WHERE user_id = ?
2026-05-12 10:21:17.051 [http-nio-8080-exec-8] DEBUG c.z.f.t.m.T.countFiltered                : ==> Parameters: 1(Long)
2026-05-12 10:21:17.052 [http-nio-8080-exec-8] DEBUG c.z.f.t.m.T.countFiltered                : <==      Total: 1
2026-05-12 10:21:17.053 [http-nio-8080-exec-8] DEBUG c.z.f.t.c.TransactionController          : History query [userId=1, page=0, size=15, total=32]
2026-05-12 10:21:17.375 [http-nio-8080-exec-10] DEBUG c.z.f.t.filter.JwtAuthenticationFilter   : Authenticated [user=Andy, uri=/api/transactions/34/image-url]
2026-05-12 10:21:17.375 [http-nio-8080-exec-1] DEBUG c.z.f.t.filter.JwtAuthenticationFilter   : Authenticated [user=Andy, uri=/api/transactions/33/image-url]
2026-05-12 10:21:17.375 [http-nio-8080-exec-1] DEBUG c.z.f.t.m.UserMapper.findByUsername      : ==>  Preparing: SELECT * FROM users WHERE username = ?
2026-05-12 10:21:17.375 [http-nio-8080-exec-10] DEBUG c.z.f.t.m.UserMapper.findByUsername      : ==>  Preparing: SELECT * FROM users WHERE username = ?
2026-05-12 10:21:17.376 [http-nio-8080-exec-1] DEBUG c.z.f.t.m.UserMapper.findByUsername      : ==> Parameters: Andy(String)
2026-05-12 10:21:17.376 [http-nio-8080-exec-10] DEBUG c.z.f.t.m.UserMapper.findByUsername      : ==> Parameters: Andy(String)
2026-05-12 10:21:17.377 [http-nio-8080-exec-10] DEBUG c.z.f.t.m.UserMapper.findByUsername      : <==      Total: 1
2026-05-12 10:21:17.377 [http-nio-8080-exec-1] DEBUG c.z.f.t.m.UserMapper.findByUsername      : <==      Total: 1
2026-05-12 10:21:17.378 [http-nio-8080-exec-10] DEBUG c.z.f.t.m.TransactionMapper.findById     : ==>  Preparing: SELECT t.*, c.name as categoryName FROM transactions t LEFT JOIN categories c ON t.category_id = c.id WHERE t.id = ? AND t.user_id = ?
2026-05-12 10:21:17.378 [http-nio-8080-exec-1] DEBUG c.z.f.t.m.TransactionMapper.findById     : ==>  Preparing: SELECT t.*, c.name as categoryName FROM transactions t LEFT JOIN categories c ON t.category_id = c.id WHERE t.id = ? AND t.user_id = ?
2026-05-12 10:21:17.378 [http-nio-8080-exec-10] DEBUG c.z.f.t.m.TransactionMapper.findById     : ==> Parameters: 34(Long), 1(Long)
2026-05-12 10:21:17.378 [http-nio-8080-exec-1] DEBUG c.z.f.t.m.TransactionMapper.findById     : ==> Parameters: 33(Long), 1(Long)
2026-05-12 10:21:17.380 [http-nio-8080-exec-10] DEBUG c.z.f.t.m.TransactionMapper.findById     : <==      Total: 1
2026-05-12 10:21:17.380 [http-nio-8080-exec-1] DEBUG c.z.f.t.m.TransactionMapper.findById     : <==      Total: 1
2026-05-12 10:21:17.484 [http-nio-8080-exec-6] DEBUG c.z.f.t.filter.JwtAuthenticationFilter   : Authenticated [user=Andy, uri=/api/transactions/32/image-url]
2026-05-12 10:21:17.485 [http-nio-8080-exec-6] DEBUG c.z.f.t.m.UserMapper.findByUsername      : ==>  Preparing: SELECT * FROM users WHERE username = ?
2026-05-12 10:21:17.485 [http-nio-8080-exec-6] DEBUG c.z.f.t.m.UserMapper.findByUsername      : ==> Parameters: Andy(String)
2026-05-12 10:21:17.486 [http-nio-8080-exec-5] DEBUG c.z.f.t.filter.JwtAuthenticationFilter   : Authenticated [user=Andy, uri=/api/transactions/31/image-url]
2026-05-12 10:21:17.486 [http-nio-8080-exec-9] DEBUG c.z.f.t.filter.JwtAuthenticationFilter   : Authenticated [user=Andy, uri=/api/transactions/30/image-url]
2026-05-12 10:21:17.487 [http-nio-8080-exec-6] DEBUG c.z.f.t.m.UserMapper.findByUsername      : <==      Total: 1
2026-05-12 10:21:17.487 [http-nio-8080-exec-5] DEBUG c.z.f.t.m.UserMapper.findByUsername      : ==>  Preparing: SELECT * FROM users WHERE username = ?
2026-05-12 10:21:17.487 [http-nio-8080-exec-5] DEBUG c.z.f.t.m.UserMapper.findByUsername      : ==> Parameters: Andy(String)
2026-05-12 10:21:17.487 [http-nio-8080-exec-6] DEBUG c.z.f.t.m.TransactionMapper.findById     : ==>  Preparing: SELECT t.*, c.name as categoryName FROM transactions t LEFT JOIN categories c ON t.category_id = c.id WHERE t.id = ? AND t.user_id = ?
2026-05-12 10:21:17.487 [http-nio-8080-exec-6] DEBUG c.z.f.t.m.TransactionMapper.findById     : ==> Parameters: 32(Long), 1(Long)
2026-05-12 10:21:17.488 [http-nio-8080-exec-9] DEBUG c.z.f.t.m.UserMapper.findByUsername      : ==>  Preparing: SELECT * FROM users WHERE username = ?
2026-05-12 10:21:17.488 [http-nio-8080-exec-9] DEBUG c.z.f.t.m.UserMapper.findByUsername      : ==> Parameters: Andy(String)
2026-05-12 10:21:17.488 [http-nio-8080-exec-5] DEBUG c.z.f.t.m.UserMapper.findByUsername      : <==      Total: 1
2026-05-12 10:21:17.488 [http-nio-8080-exec-5] DEBUG c.z.f.t.m.TransactionMapper.findById     : ==>  Preparing: SELECT t.*, c.name as categoryName FROM transactions t LEFT JOIN categories c ON t.category_id = c.id WHERE t.id = ? AND t.user_id = ?
2026-05-12 10:21:17.489 [http-nio-8080-exec-6] DEBUG c.z.f.t.m.TransactionMapper.findById     : <==      Total: 1
2026-05-12 10:21:17.489 [http-nio-8080-exec-5] DEBUG c.z.f.t.m.TransactionMapper.findById     : ==> Parameters: 31(Long), 1(Long)
2026-05-12 10:21:17.489 [http-nio-8080-exec-9] DEBUG c.z.f.t.m.UserMapper.findByUsername      : <==      Total: 1
2026-05-12 10:21:17.489 [http-nio-8080-exec-9] DEBUG c.z.f.t.m.TransactionMapper.findById     : ==>  Preparing: SELECT t.*, c.name as categoryName FROM transactions t LEFT JOIN categories c ON t.category_id = c.id WHERE t.id = ? AND t.user_id = ?
2026-05-12 10:21:17.489 [http-nio-8080-exec-9] DEBUG c.z.f.t.m.TransactionMapper.findById     : ==> Parameters: 30(Long), 1(Long)
2026-05-12 10:21:17.490 [http-nio-8080-exec-5] DEBUG c.z.f.t.m.TransactionMapper.findById     : <==      Total: 1
2026-05-12 10:21:17.491 [http-nio-8080-exec-9] DEBUG c.z.f.t.m.TransactionMapper.findById     : <==      Total: 1
2026-05-12 10:21:17.681 [http-nio-8080-exec-1] DEBUG c.z.f.t.filter.JwtAuthenticationFilter   : Authenticated [user=Andy, uri=/api/transactions/29/image-url]
2026-05-12 10:21:17.682 [http-nio-8080-exec-1] DEBUG c.z.f.t.m.UserMapper.findByUsername      : ==>  Preparing: SELECT * FROM users WHERE username = ?
2026-05-12 10:21:17.682 [http-nio-8080-exec-1] DEBUG c.z.f.t.m.UserMapper.findByUsername      : ==> Parameters: Andy(String)
2026-05-12 10:21:17.683 [http-nio-8080-exec-1] DEBUG c.z.f.t.m.UserMapper.findByUsername      : <==      Total: 1
2026-05-12 10:21:17.684 [http-nio-8080-exec-1] DEBUG c.z.f.t.m.TransactionMapper.findById     : ==>  Preparing: SELECT t.*, c.name as categoryName FROM transactions t LEFT JOIN categories c ON t.category_id = c.id WHERE t.id = ? AND t.user_id = ?
2026-05-12 10:21:17.684 [http-nio-8080-exec-1] DEBUG c.z.f.t.m.TransactionMapper.findById     : ==> Parameters: 29(Long), 1(Long)
2026-05-12 10:21:17.685 [http-nio-8080-exec-1] DEBUG c.z.f.t.m.TransactionMapper.findById     : <==      Total: 1
2026-05-12 10:21:17.718 [http-nio-8080-exec-3] DEBUG c.z.f.t.filter.JwtAuthenticationFilter   : Authenticated [user=Andy, uri=/api/categories]
2026-05-12 10:21:17.718 [http-nio-8080-exec-3] DEBUG c.z.f.t.m.UserMapper.findByUsername      : ==>  Preparing: SELECT * FROM users WHERE username = ?
2026-05-12 10:21:17.719 [http-nio-8080-exec-3] DEBUG c.z.f.t.m.UserMapper.findByUsername      : ==> Parameters: Andy(String)
2026-05-12 10:21:17.720 [http-nio-8080-exec-3] DEBUG c.z.f.t.m.UserMapper.findByUsername      : <==      Total: 1
2026-05-12 10:21:18.667 [http-nio-8080-exec-6] DEBUG c.z.f.t.filter.JwtAuthenticationFilter   : Authenticated [user=Andy, uri=/api/transactions/34/image-url]
2026-05-12 10:21:18.669 [http-nio-8080-exec-6] DEBUG c.z.f.t.m.UserMapper.findByUsername      : ==>  Preparing: SELECT * FROM users WHERE username = ?
2026-05-12 10:21:18.669 [http-nio-8080-exec-6] DEBUG c.z.f.t.m.UserMapper.findByUsername      : ==> Parameters: Andy(String)
2026-05-12 10:21:18.670 [http-nio-8080-exec-6] DEBUG c.z.f.t.m.UserMapper.findByUsername      : <==      Total: 1
2026-05-12 10:21:18.670 [http-nio-8080-exec-6] DEBUG c.z.f.t.m.TransactionMapper.findById     : ==>  Preparing: SELECT t.*, c.name as categoryName FROM transactions t LEFT JOIN categories c ON t.category_id = c.id WHERE t.id = ? AND t.user_id = ?
2026-05-12 10:21:18.671 [http-nio-8080-exec-6] DEBUG c.z.f.t.m.TransactionMapper.findById     : ==> Parameters: 34(Long), 1(Long)
2026-05-12 10:21:18.672 [http-nio-8080-exec-6] DEBUG c.z.f.t.m.TransactionMapper.findById     : <==      Total: 1
2026-05-12 10:28:56.302 [SpringApplicationShutdownHook] INFO  o.s.b.w.e.tomcat.GracefulShutdown        : Commencing graceful shutdown. Waiting for active requests to complete
2026-05-12 10:28:58.314 [tomcat-shutdown] INFO  o.s.b.w.e.tomcat.GracefulShutdown        : Graceful shutdown complete
2026-05-12 10:38:32.939 [main] INFO  c.z.f.tracker.FinanceTrackerApplication  : The following 1 profile is active: "dev"
2026-05-12 10:38:33.713 [main] INFO  .s.d.r.c.RepositoryConfigurationDelegate : Multiple Spring Data modules found, entering strict repository configuration mode
2026-05-12 10:38:33.718 [main] INFO  .s.d.r.c.RepositoryConfigurationDelegate : Bootstrapping Spring Data Redis repositories in DEFAULT mode.
2026-05-12 10:38:33.754 [main] INFO  .s.d.r.c.RepositoryConfigurationDelegate : Finished Spring Data repository scanning in 10 ms. Found 0 Redis repository interfaces.
2026-05-12 10:38:34.579 [main] INFO  o.s.b.w.embedded.tomcat.TomcatWebServer  : Tomcat initialized with port 8080 (http)
2026-05-12 10:38:34.597 [main] INFO  o.a.coyote.http11.Http11NioProtocol      : Initializing ProtocolHandler ["http-nio-8080"]
2026-05-12 10:38:34.599 [main] INFO  o.apache.catalina.core.StandardService   : Starting service [Tomcat]
2026-05-12 10:38:34.600 [main] INFO  o.apache.catalina.core.StandardEngine    : Starting Servlet engine: [Apache Tomcat/10.1.49]
2026-05-12 10:38:34.662 [main] INFO  o.a.c.c.C.[Tomcat].[localhost].[/]       : Initializing Spring embedded WebApplicationContext
2026-05-12 10:38:34.663 [main] INFO  w.s.c.ServletWebServerApplicationContext : Root WebApplicationContext: initialization completed in 1701 ms
2026-05-12 10:38:34.740 [main] DEBUG c.z.f.t.filter.JwtAuthenticationFilter   : Filter 'jwtAuthenticationFilter' configured for use
2026-05-12 10:38:36.952 [main] INFO  o.a.coyote.http11.Http11NioProtocol      : Starting ProtocolHandler ["http-nio-8080"]
2026-05-12 10:38:36.998 [main] INFO  o.s.b.w.embedded.tomcat.TomcatWebServer  : Tomcat started on port 8080 (http) with context path '/'
2026-05-12 10:38:37.021 [main] INFO  c.z.f.tracker.FinanceTrackerApplication  : Started FinanceTrackerApplication in 5.901 seconds (process running for 7.393)
2026-05-12 10:38:43.115 [http-nio-8080-exec-2] INFO  o.a.c.c.C.[Tomcat].[localhost].[/]       : Initializing Spring DispatcherServlet 'dispatcherServlet'
2026-05-12 10:38:43.299 [http-nio-8080-exec-2] DEBUG c.z.f.t.filter.JwtAuthenticationFilter   : Authenticated [user=Andy, uri=/api/transactions/30/image-url]
2026-05-12 10:38:43.627 [http-nio-8080-exec-2] DEBUG c.z.f.t.m.UserMapper.findByUsername      : ==>  Preparing: SELECT * FROM users WHERE username = ?
2026-05-12 10:38:43.662 [http-nio-8080-exec-2] DEBUG c.z.f.t.m.UserMapper.findByUsername      : ==> Parameters: Andy(String)
2026-05-12 10:38:43.702 [http-nio-8080-exec-2] DEBUG c.z.f.t.m.UserMapper.findByUsername      : <==      Total: 1
2026-05-12 10:38:43.710 [http-nio-8080-exec-2] DEBUG c.z.f.t.m.TransactionMapper.findById     : ==>  Preparing: SELECT t.*, c.name as categoryName FROM transactions t LEFT JOIN categories c ON t.category_id = c.id WHERE t.id = ? AND t.user_id = ?
2026-05-12 10:38:43.713 [http-nio-8080-exec-2] DEBUG c.z.f.t.m.TransactionMapper.findById     : ==> Parameters: 30(Long), 1(Long)
2026-05-12 10:38:43.720 [http-nio-8080-exec-2] DEBUG c.z.f.t.m.TransactionMapper.findById     : <==      Total: 1
2026-05-12 10:38:44.639 [http-nio-8080-exec-2] ERROR c.z.f.t.c.TransactionController          : Failed to generate url
io.minio.errors.InvalidResponseException: Non-XML response from server. Response code: 404, Content-Type: text/html, body: <html>
<head><title>404 Not Found</title></head>
<body>
<center><h1>404 Not Found</h1></center>
<hr><center>nginx/1.29.8</center>
</body>
</html>

	at io.minio.S3Base$1.onResponse(S3Base.java:652)
	at okhttp3.internal.connection.RealCall$AsyncCall.run(RealCall.kt:519)
	at java.base/java.util.concurrent.ThreadPoolExecutor.runWorker(ThreadPoolExecutor.java:1095)
	at java.base/java.util.concurrent.ThreadPoolExecutor$Worker.run(ThreadPoolExecutor.java:619)
	at java.base/java.lang.Thread.run(Thread.java:1447)
2026-05-12 10:42:29.848 [SpringApplicationShutdownHook] INFO  o.s.b.w.e.tomcat.GracefulShutdown        : Commencing graceful shutdown. Waiting for active requests to complete
2026-05-12 10:42:31.858 [tomcat-shutdown] INFO  o.s.b.w.e.tomcat.GracefulShutdown        : Graceful shutdown complete
2026-05-12 10:42:35.964 [main] INFO  c.z.f.tracker.FinanceTrackerApplication  : The following 1 profile is active: "dev"
2026-05-12 10:42:36.793 [main] INFO  .s.d.r.c.RepositoryConfigurationDelegate : Multiple Spring Data modules found, entering strict repository configuration mode
2026-05-12 10:42:36.797 [main] INFO  .s.d.r.c.RepositoryConfigurationDelegate : Bootstrapping Spring Data Redis repositories in DEFAULT mode.
2026-05-12 10:42:36.838 [main] INFO  .s.d.r.c.RepositoryConfigurationDelegate : Finished Spring Data repository scanning in 11 ms. Found 0 Redis repository interfaces.
2026-05-12 10:42:37.731 [main] INFO  o.s.b.w.embedded.tomcat.TomcatWebServer  : Tomcat initialized with port 8080 (http)
2026-05-12 10:42:37.748 [main] INFO  o.a.coyote.http11.Http11NioProtocol      : Initializing ProtocolHandler ["http-nio-8080"]
2026-05-12 10:42:37.751 [main] INFO  o.apache.catalina.core.StandardService   : Starting service [Tomcat]
2026-05-12 10:42:37.752 [main] INFO  o.apache.catalina.core.StandardEngine    : Starting Servlet engine: [Apache Tomcat/10.1.49]
2026-05-12 10:42:37.824 [main] INFO  o.a.c.c.C.[Tomcat].[localhost].[/]       : Initializing Spring embedded WebApplicationContext
2026-05-12 10:42:37.824 [main] INFO  w.s.c.ServletWebServerApplicationContext : Root WebApplicationContext: initialization completed in 1836 ms
2026-05-12 10:42:37.929 [main] DEBUG c.z.f.t.filter.JwtAuthenticationFilter   : Filter 'jwtAuthenticationFilter' configured for use
2026-05-12 10:42:38.827 [main] WARN  ConfigServletWebServerApplicationContext : Exception encountered during context initialization - cancelling refresh attempt: org.springframework.beans.factory.UnsatisfiedDependencyException: Error creating bean with name 'profileController': Unsatisfied dependency expressed through field 'minioStorage': Error creating bean with name 'minioStorageService': Unsatisfied dependency expressed through field 'minioClient': Error creating bean with name 'minioClient' defined in class path resource [com/z/finance/tracker/config/MinioConfig.class]: Failed to instantiate [io.minio.MinioClient]: Factory method 'minioClient' threw exception with message: no path allowed in endpoint https://nontoxically-unhumiliating-shoshana.ngrok-free.dev/minio
2026-05-12 10:42:38.841 [main] INFO  o.apache.catalina.core.StandardService   : Stopping service [Tomcat]
2026-05-12 10:42:38.856 [main] INFO  .s.b.a.l.ConditionEvaluationReportLogger : 

Error starting ApplicationContext. To display the condition evaluation report re-run your application with 'debug' enabled.
2026-05-12 10:42:38.879 [main] ERROR o.s.boot.SpringApplication               : Application run failed
org.springframework.beans.factory.UnsatisfiedDependencyException: Error creating bean with name 'profileController': Unsatisfied dependency expressed through field 'minioStorage': Error creating bean with name 'minioStorageService': Unsatisfied dependency expressed through field 'minioClient': Error creating bean with name 'minioClient' defined in class path resource [com/z/finance/tracker/config/MinioConfig.class]: Failed to instantiate [io.minio.MinioClient]: Factory method 'minioClient' threw exception with message: no path allowed in endpoint https://nontoxically-unhumiliating-shoshana.ngrok-free.dev/minio
	at org.springframework.beans.factory.annotation.AutowiredAnnotationBeanPostProcessor$AutowiredFieldElement.resolveFieldValue(AutowiredAnnotationBeanPostProcessor.java:787)
	at org.springframework.beans.factory.annotation.AutowiredAnnotationBeanPostProcessor$AutowiredFieldElement.inject(AutowiredAnnotationBeanPostProcessor.java:767)
	at org.springframework.beans.factory.annotation.InjectionMetadata.inject(InjectionMetadata.java:146)
	at org.springframework.beans.factory.annotation.AutowiredAnnotationBeanPostProcessor.postProcessProperties(AutowiredAnnotationBeanPostProcessor.java:509)
	at org.springframework.beans.factory.support.AbstractAutowireCapableBeanFactory.populateBean(AbstractAutowireCapableBeanFactory.java:1459)
	at org.springframework.beans.factory.support.AbstractAutowireCapableBeanFactory.doCreateBean(AbstractAutowireCapableBeanFactory.java:606)
	at org.springframework.beans.factory.support.AbstractAutowireCapableBeanFactory.createBean(AbstractAutowireCapableBeanFactory.java:529)
	at org.springframework.beans.factory.support.AbstractBeanFactory.lambda$doGetBean$0(AbstractBeanFactory.java:339)
	at org.springframework.beans.factory.support.DefaultSingletonBeanRegistry.getSingleton(DefaultSingletonBeanRegistry.java:373)
	at org.springframework.beans.factory.support.AbstractBeanFactory.doGetBean(AbstractBeanFactory.java:337)
	at org.springframework.beans.factory.support.AbstractBeanFactory.getBean(AbstractBeanFactory.java:202)
	at org.springframework.beans.factory.support.DefaultListableBeanFactory.instantiateSingleton(DefaultListableBeanFactory.java:1228)
	at org.springframework.beans.factory.support.DefaultListableBeanFactory.preInstantiateSingleton(DefaultListableBeanFactory.java:1194)
	at org.springframework.beans.factory.support.DefaultListableBeanFactory.preInstantiateSingletons(DefaultListableBeanFactory.java:1130)
	at org.springframework.context.support.AbstractApplicationContext.finishBeanFactoryInitialization(AbstractApplicationContext.java:990)
	at org.springframework.context.support.AbstractApplicationContext.refresh(AbstractApplicationContext.java:627)
	at org.springframework.boot.web.servlet.context.ServletWebServerApplicationContext.refresh(ServletWebServerApplicationContext.java:146)
	at org.springframework.boot.SpringApplication.refresh(SpringApplication.java:752)
	at org.springframework.boot.SpringApplication.refreshContext(SpringApplication.java:439)
	at org.springframework.boot.SpringApplication.run(SpringApplication.java:318)
	at org.springframework.boot.SpringApplication.run(SpringApplication.java:1361)
	at org.springframework.boot.SpringApplication.run(SpringApplication.java:1350)
	at com.z.finance.tracker.FinanceTrackerApplication.main(FinanceTrackerApplication.java:10)
Caused by: org.springframework.beans.factory.UnsatisfiedDependencyException: Error creating bean with name 'minioStorageService': Unsatisfied dependency expressed through field 'minioClient': Error creating bean with name 'minioClient' defined in class path resource [com/z/finance/tracker/config/MinioConfig.class]: Failed to instantiate [io.minio.MinioClient]: Factory method 'minioClient' threw exception with message: no path allowed in endpoint https://nontoxically-unhumiliating-shoshana.ngrok-free.dev/minio
	at org.springframework.beans.factory.annotation.AutowiredAnnotationBeanPostProcessor$AutowiredFieldElement.resolveFieldValue(AutowiredAnnotationBeanPostProcessor.java:787)
	at org.springframework.beans.factory.annotation.AutowiredAnnotationBeanPostProcessor$AutowiredFieldElement.inject(AutowiredAnnotationBeanPostProcessor.java:767)
	at org.springframework.beans.factory.annotation.InjectionMetadata.inject(InjectionMetadata.java:146)
	at org.springframework.beans.factory.annotation.AutowiredAnnotationBeanPostProcessor.postProcessProperties(AutowiredAnnotationBeanPostProcessor.java:509)
	at org.springframework.beans.factory.support.AbstractAutowireCapableBeanFactory.populateBean(AbstractAutowireCapableBeanFactory.java:1459)
	at org.springframework.beans.factory.support.AbstractAutowireCapableBeanFactory.doCreateBean(AbstractAutowireCapableBeanFactory.java:606)
	at org.springframework.beans.factory.support.AbstractAutowireCapableBeanFactory.createBean(AbstractAutowireCapableBeanFactory.java:529)
	at org.springframework.beans.factory.support.AbstractBeanFactory.lambda$doGetBean$0(AbstractBeanFactory.java:339)
	at org.springframework.beans.factory.support.DefaultSingletonBeanRegistry.getSingleton(DefaultSingletonBeanRegistry.java:373)
	at org.springframework.beans.factory.support.AbstractBeanFactory.doGetBean(AbstractBeanFactory.java:337)
	at org.springframework.beans.factory.support.AbstractBeanFactory.getBean(AbstractBeanFactory.java:202)
	at org.springframework.beans.factory.config.DependencyDescriptor.resolveCandidate(DependencyDescriptor.java:254)
	at org.springframework.beans.factory.support.DefaultListableBeanFactory.doResolveDependency(DefaultListableBeanFactory.java:1770)
	at org.springframework.beans.factory.support.DefaultListableBeanFactory.resolveDependency(DefaultListableBeanFactory.java:1653)
	at org.springframework.beans.factory.annotation.AutowiredAnnotationBeanPostProcessor$AutowiredFieldElement.resolveFieldValue(AutowiredAnnotationBeanPostProcessor.java:784)
	... 22 common frames omitted
Caused by: org.springframework.beans.factory.BeanCreationException: Error creating bean with name 'minioClient' defined in class path resource [com/z/finance/tracker/config/MinioConfig.class]: Failed to instantiate [io.minio.MinioClient]: Factory method 'minioClient' threw exception with message: no path allowed in endpoint https://nontoxically-unhumiliating-shoshana.ngrok-free.dev/minio
	at org.springframework.beans.factory.support.ConstructorResolver.instantiate(ConstructorResolver.java:657)
	at org.springframework.beans.factory.support.ConstructorResolver.instantiateUsingFactoryMethod(ConstructorResolver.java:489)
	at org.springframework.beans.factory.support.AbstractAutowireCapableBeanFactory.instantiateUsingFactoryMethod(AbstractAutowireCapableBeanFactory.java:1375)
	at org.springframework.beans.factory.support.AbstractAutowireCapableBeanFactory.createBeanInstance(AbstractAutowireCapableBeanFactory.java:1205)
	at org.springframework.beans.factory.support.AbstractAutowireCapableBeanFactory.doCreateBean(AbstractAutowireCapableBeanFactory.java:569)
	at org.springframework.beans.factory.support.AbstractAutowireCapableBeanFactory.createBean(AbstractAutowireCapableBeanFactory.java:529)
	at org.springframework.beans.factory.support.AbstractBeanFactory.lambda$doGetBean$0(AbstractBeanFactory.java:339)
	at org.springframework.beans.factory.support.DefaultSingletonBeanRegistry.getSingleton(DefaultSingletonBeanRegistry.java:373)
	at org.springframework.beans.factory.support.AbstractBeanFactory.doGetBean(AbstractBeanFactory.java:337)
	at org.springframework.beans.factory.support.AbstractBeanFactory.getBean(AbstractBeanFactory.java:202)
	at org.springframework.beans.factory.support.DefaultListableBeanFactory.doResolveDependency(DefaultListableBeanFactory.java:1708)
	at org.springframework.beans.factory.support.DefaultListableBeanFactory.resolveDependency(DefaultListableBeanFactory.java:1653)
	at org.springframework.beans.factory.annotation.AutowiredAnnotationBeanPostProcessor$AutowiredFieldElement.resolveFieldValue(AutowiredAnnotationBeanPostProcessor.java:784)
	... 36 common frames omitted
Caused by: org.springframework.beans.BeanInstantiationException: Failed to instantiate [io.minio.MinioClient]: Factory method 'minioClient' threw exception with message: no path allowed in endpoint https://nontoxically-unhumiliating-shoshana.ngrok-free.dev/minio
	at org.springframework.beans.factory.support.SimpleInstantiationStrategy.lambda$instantiate$0(SimpleInstantiationStrategy.java:200)
	at org.springframework.beans.factory.support.SimpleInstantiationStrategy.instantiateWithFactoryMethod(SimpleInstantiationStrategy.java:89)
	at org.springframework.beans.factory.support.SimpleInstantiationStrategy.instantiate(SimpleInstantiationStrategy.java:169)
	at org.springframework.beans.factory.support.ConstructorResolver.instantiate(ConstructorResolver.java:653)
	... 48 common frames omitted
Caused by: java.lang.IllegalArgumentException: no path allowed in endpoint https://nontoxically-unhumiliating-shoshana.ngrok-free.dev/minio
	at io.minio.http.HttpUtils.validateUrl(HttpUtils.java:114)
	at io.minio.http.HttpUtils.getBaseUrl(HttpUtils.java:125)
	at io.minio.MinioAsyncClient$Builder.endpoint(MinioAsyncClient.java:3279)
	at io.minio.MinioClient$Builder.endpoint(MinioClient.java:2466)
	at com.z.finance.tracker.config.MinioConfig.minioClient(MinioConfig.java:23)
	at com.z.finance.tracker.config.MinioConfig$$SpringCGLIB$$0.CGLIB$minioClient$0(<generated>)
	at com.z.finance.tracker.config.MinioConfig$$SpringCGLIB$$FastClass$$1.invoke(<generated>)
	at org.springframework.cglib.proxy.MethodProxy.invokeSuper(MethodProxy.java:258)
	at org.springframework.context.annotation.ConfigurationClassEnhancer$BeanMethodInterceptor.intercept(ConfigurationClassEnhancer.java:400)
	at com.z.finance.tracker.config.MinioConfig$$SpringCGLIB$$0.minioClient(<generated>)
	at java.base/jdk.internal.reflect.DirectMethodHandleAccessor.invoke(DirectMethodHandleAccessor.java:104)
	at java.base/java.lang.reflect.Method.invoke(Method.java:565)
	at org.springframework.beans.factory.support.SimpleInstantiationStrategy.lambda$instantiate$0(SimpleInstantiationStrategy.java:172)
	... 51 common frames omitted
2026-05-12 10:43:18.708 [main] INFO  c.z.f.tracker.FinanceTrackerApplication  : The following 1 profile is active: "dev"
2026-05-12 10:43:19.387 [main] INFO  .s.d.r.c.RepositoryConfigurationDelegate : Multiple Spring Data modules found, entering strict repository configuration mode
2026-05-12 10:43:19.389 [main] INFO  .s.d.r.c.RepositoryConfigurationDelegate : Bootstrapping Spring Data Redis repositories in DEFAULT mode.
2026-05-12 10:43:19.416 [main] INFO  .s.d.r.c.RepositoryConfigurationDelegate : Finished Spring Data repository scanning in 10 ms. Found 0 Redis repository interfaces.
2026-05-12 10:43:20.126 [main] INFO  o.s.b.w.embedded.tomcat.TomcatWebServer  : Tomcat initialized with port 8080 (http)
2026-05-12 10:43:20.145 [main] INFO  o.a.coyote.http11.Http11NioProtocol      : Initializing ProtocolHandler ["http-nio-8080"]
2026-05-12 10:43:20.148 [main] INFO  o.apache.catalina.core.StandardService   : Starting service [Tomcat]
2026-05-12 10:43:20.148 [main] INFO  o.apache.catalina.core.StandardEngine    : Starting Servlet engine: [Apache Tomcat/10.1.49]
2026-05-12 10:43:20.208 [main] INFO  o.a.c.c.C.[Tomcat].[localhost].[/]       : Initializing Spring embedded WebApplicationContext
2026-05-12 10:43:20.209 [main] INFO  w.s.c.ServletWebServerApplicationContext : Root WebApplicationContext: initialization completed in 1482 ms
2026-05-12 10:43:20.269 [main] DEBUG c.z.f.t.filter.JwtAuthenticationFilter   : Filter 'jwtAuthenticationFilter' configured for use
2026-05-12 10:43:21.164 [main] WARN  ConfigServletWebServerApplicationContext : Exception encountered during context initialization - cancelling refresh attempt: org.springframework.beans.factory.UnsatisfiedDependencyException: Error creating bean with name 'profileController': Unsatisfied dependency expressed through field 'minioStorage': Error creating bean with name 'minioStorageService': Unsatisfied dependency expressed through field 'minioClient': Error creating bean with name 'minioClient' defined in class path resource [com/z/finance/tracker/config/MinioConfig.class]: Failed to instantiate [io.minio.MinioClient]: Factory method 'minioClient' threw exception with message: no path allowed in endpoint https://nontoxically-unhumiliating-shoshana.ngrok-free.dev/minio/
2026-05-12 10:43:21.178 [main] INFO  o.apache.catalina.core.StandardService   : Stopping service [Tomcat]
2026-05-12 10:43:21.192 [main] INFO  .s.b.a.l.ConditionEvaluationReportLogger : 

Error starting ApplicationContext. To display the condition evaluation report re-run your application with 'debug' enabled.
2026-05-12 10:43:21.208 [main] ERROR o.s.boot.SpringApplication               : Application run failed
org.springframework.beans.factory.UnsatisfiedDependencyException: Error creating bean with name 'profileController': Unsatisfied dependency expressed through field 'minioStorage': Error creating bean with name 'minioStorageService': Unsatisfied dependency expressed through field 'minioClient': Error creating bean with name 'minioClient' defined in class path resource [com/z/finance/tracker/config/MinioConfig.class]: Failed to instantiate [io.minio.MinioClient]: Factory method 'minioClient' threw exception with message: no path allowed in endpoint https://nontoxically-unhumiliating-shoshana.ngrok-free.dev/minio/
	at org.springframework.beans.factory.annotation.AutowiredAnnotationBeanPostProcessor$AutowiredFieldElement.resolveFieldValue(AutowiredAnnotationBeanPostProcessor.java:787)
	at org.springframework.beans.factory.annotation.AutowiredAnnotationBeanPostProcessor$AutowiredFieldElement.inject(AutowiredAnnotationBeanPostProcessor.java:767)
	at org.springframework.beans.factory.annotation.InjectionMetadata.inject(InjectionMetadata.java:146)
	at org.springframework.beans.factory.annotation.AutowiredAnnotationBeanPostProcessor.postProcessProperties(AutowiredAnnotationBeanPostProcessor.java:509)
	at org.springframework.beans.factory.support.AbstractAutowireCapableBeanFactory.populateBean(AbstractAutowireCapableBeanFactory.java:1459)
	at org.springframework.beans.factory.support.AbstractAutowireCapableBeanFactory.doCreateBean(AbstractAutowireCapableBeanFactory.java:606)
	at org.springframework.beans.factory.support.AbstractAutowireCapableBeanFactory.createBean(AbstractAutowireCapableBeanFactory.java:529)
	at org.springframework.beans.factory.support.AbstractBeanFactory.lambda$doGetBean$0(AbstractBeanFactory.java:339)
	at org.springframework.beans.factory.support.DefaultSingletonBeanRegistry.getSingleton(DefaultSingletonBeanRegistry.java:373)
	at org.springframework.beans.factory.support.AbstractBeanFactory.doGetBean(AbstractBeanFactory.java:337)
	at org.springframework.beans.factory.support.AbstractBeanFactory.getBean(AbstractBeanFactory.java:202)
	at org.springframework.beans.factory.support.DefaultListableBeanFactory.instantiateSingleton(DefaultListableBeanFactory.java:1228)
	at org.springframework.beans.factory.support.DefaultListableBeanFactory.preInstantiateSingleton(DefaultListableBeanFactory.java:1194)
	at org.springframework.beans.factory.support.DefaultListableBeanFactory.preInstantiateSingletons(DefaultListableBeanFactory.java:1130)
	at org.springframework.context.support.AbstractApplicationContext.finishBeanFactoryInitialization(AbstractApplicationContext.java:990)
	at org.springframework.context.support.AbstractApplicationContext.refresh(AbstractApplicationContext.java:627)
	at org.springframework.boot.web.servlet.context.ServletWebServerApplicationContext.refresh(ServletWebServerApplicationContext.java:146)
	at org.springframework.boot.SpringApplication.refresh(SpringApplication.java:752)
	at org.springframework.boot.SpringApplication.refreshContext(SpringApplication.java:439)
	at org.springframework.boot.SpringApplication.run(SpringApplication.java:318)
	at org.springframework.boot.SpringApplication.run(SpringApplication.java:1361)
	at org.springframework.boot.SpringApplication.run(SpringApplication.java:1350)
	at com.z.finance.tracker.FinanceTrackerApplication.main(FinanceTrackerApplication.java:10)
Caused by: org.springframework.beans.factory.UnsatisfiedDependencyException: Error creating bean with name 'minioStorageService': Unsatisfied dependency expressed through field 'minioClient': Error creating bean with name 'minioClient' defined in class path resource [com/z/finance/tracker/config/MinioConfig.class]: Failed to instantiate [io.minio.MinioClient]: Factory method 'minioClient' threw exception with message: no path allowed in endpoint https://nontoxically-unhumiliating-shoshana.ngrok-free.dev/minio/
	at org.springframework.beans.factory.annotation.AutowiredAnnotationBeanPostProcessor$AutowiredFieldElement.resolveFieldValue(AutowiredAnnotationBeanPostProcessor.java:787)
	at org.springframework.beans.factory.annotation.AutowiredAnnotationBeanPostProcessor$AutowiredFieldElement.inject(AutowiredAnnotationBeanPostProcessor.java:767)
	at org.springframework.beans.factory.annotation.InjectionMetadata.inject(InjectionMetadata.java:146)
	at org.springframework.beans.factory.annotation.AutowiredAnnotationBeanPostProcessor.postProcessProperties(AutowiredAnnotationBeanPostProcessor.java:509)
	at org.springframework.beans.factory.support.AbstractAutowireCapableBeanFactory.populateBean(AbstractAutowireCapableBeanFactory.java:1459)
	at org.springframework.beans.factory.support.AbstractAutowireCapableBeanFactory.doCreateBean(AbstractAutowireCapableBeanFactory.java:606)
	at org.springframework.beans.factory.support.AbstractAutowireCapableBeanFactory.createBean(AbstractAutowireCapableBeanFactory.java:529)
	at org.springframework.beans.factory.support.AbstractBeanFactory.lambda$doGetBean$0(AbstractBeanFactory.java:339)
	at org.springframework.beans.factory.support.DefaultSingletonBeanRegistry.getSingleton(DefaultSingletonBeanRegistry.java:373)
	at org.springframework.beans.factory.support.AbstractBeanFactory.doGetBean(AbstractBeanFactory.java:337)
	at org.springframework.beans.factory.support.AbstractBeanFactory.getBean(AbstractBeanFactory.java:202)
	at org.springframework.beans.factory.config.DependencyDescriptor.resolveCandidate(DependencyDescriptor.java:254)
	at org.springframework.beans.factory.support.DefaultListableBeanFactory.doResolveDependency(DefaultListableBeanFactory.java:1770)
	at org.springframework.beans.factory.support.DefaultListableBeanFactory.resolveDependency(DefaultListableBeanFactory.java:1653)
	at org.springframework.beans.factory.annotation.AutowiredAnnotationBeanPostProcessor$AutowiredFieldElement.resolveFieldValue(AutowiredAnnotationBeanPostProcessor.java:784)
	... 22 common frames omitted
Caused by: org.springframework.beans.factory.BeanCreationException: Error creating bean with name 'minioClient' defined in class path resource [com/z/finance/tracker/config/MinioConfig.class]: Failed to instantiate [io.minio.MinioClient]: Factory method 'minioClient' threw exception with message: no path allowed in endpoint https://nontoxically-unhumiliating-shoshana.ngrok-free.dev/minio/
	at org.springframework.beans.factory.support.ConstructorResolver.instantiate(ConstructorResolver.java:657)
	at org.springframework.beans.factory.support.ConstructorResolver.instantiateUsingFactoryMethod(ConstructorResolver.java:489)
	at org.springframework.beans.factory.support.AbstractAutowireCapableBeanFactory.instantiateUsingFactoryMethod(AbstractAutowireCapableBeanFactory.java:1375)
	at org.springframework.beans.factory.support.AbstractAutowireCapableBeanFactory.createBeanInstance(AbstractAutowireCapableBeanFactory.java:1205)
	at org.springframework.beans.factory.support.AbstractAutowireCapableBeanFactory.doCreateBean(AbstractAutowireCapableBeanFactory.java:569)
	at org.springframework.beans.factory.support.AbstractAutowireCapableBeanFactory.createBean(AbstractAutowireCapableBeanFactory.java:529)
	at org.springframework.beans.factory.support.AbstractBeanFactory.lambda$doGetBean$0(AbstractBeanFactory.java:339)
	at org.springframework.beans.factory.support.DefaultSingletonBeanRegistry.getSingleton(DefaultSingletonBeanRegistry.java:373)
	at org.springframework.beans.factory.support.AbstractBeanFactory.doGetBean(AbstractBeanFactory.java:337)
	at org.springframework.beans.factory.support.AbstractBeanFactory.getBean(AbstractBeanFactory.java:202)
	at org.springframework.beans.factory.support.DefaultListableBeanFactory.doResolveDependency(DefaultListableBeanFactory.java:1708)
	at org.springframework.beans.factory.support.DefaultListableBeanFactory.resolveDependency(DefaultListableBeanFactory.java:1653)
	at org.springframework.beans.factory.annotation.AutowiredAnnotationBeanPostProcessor$AutowiredFieldElement.resolveFieldValue(AutowiredAnnotationBeanPostProcessor.java:784)
	... 36 common frames omitted
Caused by: org.springframework.beans.BeanInstantiationException: Failed to instantiate [io.minio.MinioClient]: Factory method 'minioClient' threw exception with message: no path allowed in endpoint https://nontoxically-unhumiliating-shoshana.ngrok-free.dev/minio/
	at org.springframework.beans.factory.support.SimpleInstantiationStrategy.lambda$instantiate$0(SimpleInstantiationStrategy.java:200)
	at org.springframework.beans.factory.support.SimpleInstantiationStrategy.instantiateWithFactoryMethod(SimpleInstantiationStrategy.java:89)
	at org.springframework.beans.factory.support.SimpleInstantiationStrategy.instantiate(SimpleInstantiationStrategy.java:169)
	at org.springframework.beans.factory.support.ConstructorResolver.instantiate(ConstructorResolver.java:653)
	... 48 common frames omitted
Caused by: java.lang.IllegalArgumentException: no path allowed in endpoint https://nontoxically-unhumiliating-shoshana.ngrok-free.dev/minio/
	at io.minio.http.HttpUtils.validateUrl(HttpUtils.java:114)
	at io.minio.http.HttpUtils.getBaseUrl(HttpUtils.java:125)
	at io.minio.MinioAsyncClient$Builder.endpoint(MinioAsyncClient.java:3279)
	at io.minio.MinioClient$Builder.endpoint(MinioClient.java:2466)
	at com.z.finance.tracker.config.MinioConfig.minioClient(MinioConfig.java:23)
	at com.z.finance.tracker.config.MinioConfig$$SpringCGLIB$$0.CGLIB$minioClient$0(<generated>)
	at com.z.finance.tracker.config.MinioConfig$$SpringCGLIB$$FastClass$$1.invoke(<generated>)
	at org.springframework.cglib.proxy.MethodProxy.invokeSuper(MethodProxy.java:258)
	at org.springframework.context.annotation.ConfigurationClassEnhancer$BeanMethodInterceptor.intercept(ConfigurationClassEnhancer.java:400)
	at com.z.finance.tracker.config.MinioConfig$$SpringCGLIB$$0.minioClient(<generated>)
	at java.base/jdk.internal.reflect.DirectMethodHandleAccessor.invoke(DirectMethodHandleAccessor.java:104)
	at java.base/java.lang.reflect.Method.invoke(Method.java:565)
	at org.springframework.beans.factory.support.SimpleInstantiationStrategy.lambda$instantiate$0(SimpleInstantiationStrategy.java:172)
	... 51 common frames omitted
2026-05-12 10:55:11.897 [main] INFO  c.z.f.tracker.FinanceTrackerApplication  : The following 1 profile is active: "dev"
2026-05-12 10:55:12.814 [main] INFO  .s.d.r.c.RepositoryConfigurationDelegate : Multiple Spring Data modules found, entering strict repository configuration mode
2026-05-12 10:55:12.818 [main] INFO  .s.d.r.c.RepositoryConfigurationDelegate : Bootstrapping Spring Data Redis repositories in DEFAULT mode.
2026-05-12 10:55:12.852 [main] INFO  .s.d.r.c.RepositoryConfigurationDelegate : Finished Spring Data repository scanning in 11 ms. Found 0 Redis repository interfaces.
2026-05-12 10:55:13.863 [main] INFO  o.s.b.w.embedded.tomcat.TomcatWebServer  : Tomcat initialized with port 8080 (http)
2026-05-12 10:55:13.880 [main] INFO  o.a.coyote.http11.Http11NioProtocol      : Initializing ProtocolHandler ["http-nio-8080"]
2026-05-12 10:55:13.883 [main] INFO  o.apache.catalina.core.StandardService   : Starting service [Tomcat]
2026-05-12 10:55:13.883 [main] INFO  o.apache.catalina.core.StandardEngine    : Starting Servlet engine: [Apache Tomcat/10.1.49]
2026-05-12 10:55:13.946 [main] INFO  o.a.c.c.C.[Tomcat].[localhost].[/]       : Initializing Spring embedded WebApplicationContext
2026-05-12 10:55:13.946 [main] INFO  w.s.c.ServletWebServerApplicationContext : Root WebApplicationContext: initialization completed in 2019 ms
2026-05-12 10:55:14.025 [main] DEBUG c.z.f.t.filter.JwtAuthenticationFilter   : Filter 'jwtAuthenticationFilter' configured for use
2026-05-12 10:55:14.914 [main] WARN  ConfigServletWebServerApplicationContext : Exception encountered during context initialization - cancelling refresh attempt: org.springframework.beans.factory.UnsatisfiedDependencyException: Error creating bean with name 'profileController': Unsatisfied dependency expressed through field 'minioStorage': Error creating bean with name 'minioStorageService': Unsatisfied dependency expressed through field 'minioClient': Error creating bean with name 'minioClient' defined in class path resource [com/z/finance/tracker/config/MinioConfig.class]: Failed to instantiate [io.minio.MinioClient]: Factory method 'minioClient' threw exception with message: no path allowed in endpoint https://nontoxically-unhumiliating-shoshana.ngrok-free.dev/minio
2026-05-12 10:55:14.928 [main] INFO  o.apache.catalina.core.StandardService   : Stopping service [Tomcat]
2026-05-12 10:55:14.941 [main] INFO  .s.b.a.l.ConditionEvaluationReportLogger : 

Error starting ApplicationContext. To display the condition evaluation report re-run your application with 'debug' enabled.
2026-05-12 10:55:14.959 [main] ERROR o.s.boot.SpringApplication               : Application run failed
org.springframework.beans.factory.UnsatisfiedDependencyException: Error creating bean with name 'profileController': Unsatisfied dependency expressed through field 'minioStorage': Error creating bean with name 'minioStorageService': Unsatisfied dependency expressed through field 'minioClient': Error creating bean with name 'minioClient' defined in class path resource [com/z/finance/tracker/config/MinioConfig.class]: Failed to instantiate [io.minio.MinioClient]: Factory method 'minioClient' threw exception with message: no path allowed in endpoint https://nontoxically-unhumiliating-shoshana.ngrok-free.dev/minio
	at org.springframework.beans.factory.annotation.AutowiredAnnotationBeanPostProcessor$AutowiredFieldElement.resolveFieldValue(AutowiredAnnotationBeanPostProcessor.java:787)
	at org.springframework.beans.factory.annotation.AutowiredAnnotationBeanPostProcessor$AutowiredFieldElement.inject(AutowiredAnnotationBeanPostProcessor.java:767)
	at org.springframework.beans.factory.annotation.InjectionMetadata.inject(InjectionMetadata.java:146)
	at org.springframework.beans.factory.annotation.AutowiredAnnotationBeanPostProcessor.postProcessProperties(AutowiredAnnotationBeanPostProcessor.java:509)
	at org.springframework.beans.factory.support.AbstractAutowireCapableBeanFactory.populateBean(AbstractAutowireCapableBeanFactory.java:1459)
	at org.springframework.beans.factory.support.AbstractAutowireCapableBeanFactory.doCreateBean(AbstractAutowireCapableBeanFactory.java:606)
	at org.springframework.beans.factory.support.AbstractAutowireCapableBeanFactory.createBean(AbstractAutowireCapableBeanFactory.java:529)
	at org.springframework.beans.factory.support.AbstractBeanFactory.lambda$doGetBean$0(AbstractBeanFactory.java:339)
	at org.springframework.beans.factory.support.DefaultSingletonBeanRegistry.getSingleton(DefaultSingletonBeanRegistry.java:373)
	at org.springframework.beans.factory.support.AbstractBeanFactory.doGetBean(AbstractBeanFactory.java:337)
	at org.springframework.beans.factory.support.AbstractBeanFactory.getBean(AbstractBeanFactory.java:202)
	at org.springframework.beans.factory.support.DefaultListableBeanFactory.instantiateSingleton(DefaultListableBeanFactory.java:1228)
	at org.springframework.beans.factory.support.DefaultListableBeanFactory.preInstantiateSingleton(DefaultListableBeanFactory.java:1194)
	at org.springframework.beans.factory.support.DefaultListableBeanFactory.preInstantiateSingletons(DefaultListableBeanFactory.java:1130)
	at org.springframework.context.support.AbstractApplicationContext.finishBeanFactoryInitialization(AbstractApplicationContext.java:990)
	at org.springframework.context.support.AbstractApplicationContext.refresh(AbstractApplicationContext.java:627)
	at org.springframework.boot.web.servlet.context.ServletWebServerApplicationContext.refresh(ServletWebServerApplicationContext.java:146)
	at org.springframework.boot.SpringApplication.refresh(SpringApplication.java:752)
	at org.springframework.boot.SpringApplication.refreshContext(SpringApplication.java:439)
	at org.springframework.boot.SpringApplication.run(SpringApplication.java:318)
	at org.springframework.boot.SpringApplication.run(SpringApplication.java:1361)
	at org.springframework.boot.SpringApplication.run(SpringApplication.java:1350)
	at com.z.finance.tracker.FinanceTrackerApplication.main(FinanceTrackerApplication.java:10)
Caused by: org.springframework.beans.factory.UnsatisfiedDependencyException: Error creating bean with name 'minioStorageService': Unsatisfied dependency expressed through field 'minioClient': Error creating bean with name 'minioClient' defined in class path resource [com/z/finance/tracker/config/MinioConfig.class]: Failed to instantiate [io.minio.MinioClient]: Factory method 'minioClient' threw exception with message: no path allowed in endpoint https://nontoxically-unhumiliating-shoshana.ngrok-free.dev/minio
	at org.springframework.beans.factory.annotation.AutowiredAnnotationBeanPostProcessor$AutowiredFieldElement.resolveFieldValue(AutowiredAnnotationBeanPostProcessor.java:787)
	at org.springframework.beans.factory.annotation.AutowiredAnnotationBeanPostProcessor$AutowiredFieldElement.inject(AutowiredAnnotationBeanPostProcessor.java:767)
	at org.springframework.beans.factory.annotation.InjectionMetadata.inject(InjectionMetadata.java:146)
	at org.springframework.beans.factory.annotation.AutowiredAnnotationBeanPostProcessor.postProcessProperties(AutowiredAnnotationBeanPostProcessor.java:509)
	at org.springframework.beans.factory.support.AbstractAutowireCapableBeanFactory.populateBean(AbstractAutowireCapableBeanFactory.java:1459)
	at org.springframework.beans.factory.support.AbstractAutowireCapableBeanFactory.doCreateBean(AbstractAutowireCapableBeanFactory.java:606)
	at org.springframework.beans.factory.support.AbstractAutowireCapableBeanFactory.createBean(AbstractAutowireCapableBeanFactory.java:529)
	at org.springframework.beans.factory.support.AbstractBeanFactory.lambda$doGetBean$0(AbstractBeanFactory.java:339)
	at org.springframework.beans.factory.support.DefaultSingletonBeanRegistry.getSingleton(DefaultSingletonBeanRegistry.java:373)
	at org.springframework.beans.factory.support.AbstractBeanFactory.doGetBean(AbstractBeanFactory.java:337)
	at org.springframework.beans.factory.support.AbstractBeanFactory.getBean(AbstractBeanFactory.java:202)
	at org.springframework.beans.factory.config.DependencyDescriptor.resolveCandidate(DependencyDescriptor.java:254)
	at org.springframework.beans.factory.support.DefaultListableBeanFactory.doResolveDependency(DefaultListableBeanFactory.java:1770)
	at org.springframework.beans.factory.support.DefaultListableBeanFactory.resolveDependency(DefaultListableBeanFactory.java:1653)
	at org.springframework.beans.factory.annotation.AutowiredAnnotationBeanPostProcessor$AutowiredFieldElement.resolveFieldValue(AutowiredAnnotationBeanPostProcessor.java:784)
	... 22 common frames omitted
Caused by: org.springframework.beans.factory.BeanCreationException: Error creating bean with name 'minioClient' defined in class path resource [com/z/finance/tracker/config/MinioConfig.class]: Failed to instantiate [io.minio.MinioClient]: Factory method 'minioClient' threw exception with message: no path allowed in endpoint https://nontoxically-unhumiliating-shoshana.ngrok-free.dev/minio
	at org.springframework.beans.factory.support.ConstructorResolver.instantiate(ConstructorResolver.java:657)
	at org.springframework.beans.factory.support.ConstructorResolver.instantiateUsingFactoryMethod(ConstructorResolver.java:489)
	at org.springframework.beans.factory.support.AbstractAutowireCapableBeanFactory.instantiateUsingFactoryMethod(AbstractAutowireCapableBeanFactory.java:1375)
	at org.springframework.beans.factory.support.AbstractAutowireCapableBeanFactory.createBeanInstance(AbstractAutowireCapableBeanFactory.java:1205)
	at org.springframework.beans.factory.support.AbstractAutowireCapableBeanFactory.doCreateBean(AbstractAutowireCapableBeanFactory.java:569)
	at org.springframework.beans.factory.support.AbstractAutowireCapableBeanFactory.createBean(AbstractAutowireCapableBeanFactory.java:529)
	at org.springframework.beans.factory.support.AbstractBeanFactory.lambda$doGetBean$0(AbstractBeanFactory.java:339)
	at org.springframework.beans.factory.support.DefaultSingletonBeanRegistry.getSingleton(DefaultSingletonBeanRegistry.java:373)
	at org.springframework.beans.factory.support.AbstractBeanFactory.doGetBean(AbstractBeanFactory.java:337)
	at org.springframework.beans.factory.support.AbstractBeanFactory.getBean(AbstractBeanFactory.java:202)
	at org.springframework.beans.factory.support.DefaultListableBeanFactory.doResolveDependency(DefaultListableBeanFactory.java:1708)
	at org.springframework.beans.factory.support.DefaultListableBeanFactory.resolveDependency(DefaultListableBeanFactory.java:1653)
	at org.springframework.beans.factory.annotation.AutowiredAnnotationBeanPostProcessor$AutowiredFieldElement.resolveFieldValue(AutowiredAnnotationBeanPostProcessor.java:784)
	... 36 common frames omitted
Caused by: org.springframework.beans.BeanInstantiationException: Failed to instantiate [io.minio.MinioClient]: Factory method 'minioClient' threw exception with message: no path allowed in endpoint https://nontoxically-unhumiliating-shoshana.ngrok-free.dev/minio
	at org.springframework.beans.factory.support.SimpleInstantiationStrategy.lambda$instantiate$0(SimpleInstantiationStrategy.java:200)
	at org.springframework.beans.factory.support.SimpleInstantiationStrategy.instantiateWithFactoryMethod(SimpleInstantiationStrategy.java:89)
	at org.springframework.beans.factory.support.SimpleInstantiationStrategy.instantiate(SimpleInstantiationStrategy.java:169)
	at org.springframework.beans.factory.support.ConstructorResolver.instantiate(ConstructorResolver.java:653)
	... 48 common frames omitted
Caused by: java.lang.IllegalArgumentException: no path allowed in endpoint https://nontoxically-unhumiliating-shoshana.ngrok-free.dev/minio
	at io.minio.http.HttpUtils.validateUrl(HttpUtils.java:114)
	at io.minio.http.HttpUtils.getBaseUrl(HttpUtils.java:125)
	at io.minio.MinioAsyncClient$Builder.endpoint(MinioAsyncClient.java:3279)
	at io.minio.MinioClient$Builder.endpoint(MinioClient.java:2466)
	at com.z.finance.tracker.config.MinioConfig.minioClient(MinioConfig.java:23)
	at com.z.finance.tracker.config.MinioConfig$$SpringCGLIB$$0.CGLIB$minioClient$0(<generated>)
	at com.z.finance.tracker.config.MinioConfig$$SpringCGLIB$$FastClass$$1.invoke(<generated>)
	at org.springframework.cglib.proxy.MethodProxy.invokeSuper(MethodProxy.java:258)
	at org.springframework.context.annotation.ConfigurationClassEnhancer$BeanMethodInterceptor.intercept(ConfigurationClassEnhancer.java:400)
	at com.z.finance.tracker.config.MinioConfig$$SpringCGLIB$$0.minioClient(<generated>)
	at java.base/jdk.internal.reflect.DirectMethodHandleAccessor.invoke(DirectMethodHandleAccessor.java:104)
	at java.base/java.lang.reflect.Method.invoke(Method.java:565)
	at org.springframework.beans.factory.support.SimpleInstantiationStrategy.lambda$instantiate$0(SimpleInstantiationStrategy.java:172)
	... 51 common frames omitted
2026-05-12 10:59:41.280 [main] INFO  c.z.f.tracker.FinanceTrackerApplication  : The following 1 profile is active: "dev"
2026-05-12 10:59:42.092 [main] INFO  .s.d.r.c.RepositoryConfigurationDelegate : Multiple Spring Data modules found, entering strict repository configuration mode
2026-05-12 10:59:42.096 [main] INFO  .s.d.r.c.RepositoryConfigurationDelegate : Bootstrapping Spring Data Redis repositories in DEFAULT mode.
2026-05-12 10:59:42.135 [main] INFO  .s.d.r.c.RepositoryConfigurationDelegate : Finished Spring Data repository scanning in 11 ms. Found 0 Redis repository interfaces.
2026-05-12 10:59:42.886 [main] INFO  o.s.b.w.embedded.tomcat.TomcatWebServer  : Tomcat initialized with port 8080 (http)
2026-05-12 10:59:42.900 [main] INFO  o.a.coyote.http11.Http11NioProtocol      : Initializing ProtocolHandler ["http-nio-8080"]
2026-05-12 10:59:42.902 [main] INFO  o.apache.catalina.core.StandardService   : Starting service [Tomcat]
2026-05-12 10:59:42.902 [main] INFO  o.apache.catalina.core.StandardEngine    : Starting Servlet engine: [Apache Tomcat/10.1.49]
2026-05-12 10:59:42.952 [main] INFO  o.a.c.c.C.[Tomcat].[localhost].[/]       : Initializing Spring embedded WebApplicationContext
2026-05-12 10:59:42.953 [main] INFO  w.s.c.ServletWebServerApplicationContext : Root WebApplicationContext: initialization completed in 1644 ms
2026-05-12 10:59:43.008 [main] DEBUG c.z.f.t.filter.JwtAuthenticationFilter   : Filter 'jwtAuthenticationFilter' configured for use
2026-05-12 10:59:45.015 [main] INFO  o.a.coyote.http11.Http11NioProtocol      : Starting ProtocolHandler ["http-nio-8080"]
2026-05-12 10:59:45.048 [main] INFO  o.s.b.w.embedded.tomcat.TomcatWebServer  : Tomcat started on port 8080 (http) with context path '/'
2026-05-12 10:59:45.064 [main] INFO  c.z.f.tracker.FinanceTrackerApplication  : Started FinanceTrackerApplication in 5.236 seconds (process running for 6.322)
2026-05-12 10:59:57.417 [http-nio-8080-exec-2] INFO  o.a.c.c.C.[Tomcat].[localhost].[/]       : Initializing Spring DispatcherServlet 'dispatcherServlet'
2026-05-12 10:59:57.598 [http-nio-8080-exec-2] DEBUG c.z.f.t.filter.JwtAuthenticationFilter   : Authenticated [user=Andy, uri=/api/transactions/30/image-url]
2026-05-12 10:59:57.922 [http-nio-8080-exec-2] DEBUG c.z.f.t.m.UserMapper.findByUsername      : ==>  Preparing: SELECT * FROM users WHERE username = ?
2026-05-12 10:59:57.958 [http-nio-8080-exec-2] DEBUG c.z.f.t.m.UserMapper.findByUsername      : ==> Parameters: Andy(String)
2026-05-12 10:59:58.002 [http-nio-8080-exec-2] DEBUG c.z.f.t.m.UserMapper.findByUsername      : <==      Total: 1
2026-05-12 10:59:58.011 [http-nio-8080-exec-2] DEBUG c.z.f.t.m.TransactionMapper.findById     : ==>  Preparing: SELECT t.*, c.name as categoryName FROM transactions t LEFT JOIN categories c ON t.category_id = c.id WHERE t.id = ? AND t.user_id = ?
2026-05-12 10:59:58.015 [http-nio-8080-exec-2] DEBUG c.z.f.t.m.TransactionMapper.findById     : ==> Parameters: 30(Long), 1(Long)
2026-05-12 10:59:58.024 [http-nio-8080-exec-2] DEBUG c.z.f.t.m.TransactionMapper.findById     : <==      Total: 1
2026-05-12 11:02:59.973 [http-nio-8080-exec-5] DEBUG c.z.f.t.filter.JwtAuthenticationFilter   : Authenticated [user=Andy, uri=/api/transactions/30/image-url]
2026-05-12 11:02:59.976 [http-nio-8080-exec-5] DEBUG c.z.f.t.m.UserMapper.findByUsername      : ==>  Preparing: SELECT * FROM users WHERE username = ?
2026-05-12 11:02:59.976 [http-nio-8080-exec-5] DEBUG c.z.f.t.m.UserMapper.findByUsername      : ==> Parameters: Andy(String)
2026-05-12 11:02:59.978 [http-nio-8080-exec-5] DEBUG c.z.f.t.m.UserMapper.findByUsername      : <==      Total: 1
2026-05-12 11:02:59.979 [http-nio-8080-exec-5] DEBUG c.z.f.t.m.TransactionMapper.findById     : ==>  Preparing: SELECT t.*, c.name as categoryName FROM transactions t LEFT JOIN categories c ON t.category_id = c.id WHERE t.id = ? AND t.user_id = ?
2026-05-12 11:02:59.980 [http-nio-8080-exec-5] DEBUG c.z.f.t.m.TransactionMapper.findById     : ==> Parameters: 30(Long), 1(Long)
2026-05-12 11:02:59.982 [http-nio-8080-exec-5] DEBUG c.z.f.t.m.TransactionMapper.findById     : <==      Total: 1
2026-05-12 12:07:24.655 [SpringApplicationShutdownHook] INFO  o.s.b.w.e.tomcat.GracefulShutdown        : Commencing graceful shutdown. Waiting for active requests to complete
2026-05-12 13:51:37.895 [main] INFO  c.z.f.tracker.FinanceTrackerApplication  : The following 1 profile is active: "dev"
2026-05-12 13:51:38.867 [main] INFO  .s.d.r.c.RepositoryConfigurationDelegate : Multiple Spring Data modules found, entering strict repository configuration mode
2026-05-12 13:51:38.872 [main] INFO  .s.d.r.c.RepositoryConfigurationDelegate : Bootstrapping Spring Data Redis repositories in DEFAULT mode.
2026-05-12 13:51:38.915 [main] INFO  .s.d.r.c.RepositoryConfigurationDelegate : Finished Spring Data repository scanning in 13 ms. Found 0 Redis repository interfaces.
2026-05-12 13:51:39.908 [main] INFO  o.s.b.w.embedded.tomcat.TomcatWebServer  : Tomcat initialized with port 8080 (http)
2026-05-12 13:51:39.929 [main] INFO  o.a.coyote.http11.Http11NioProtocol      : Initializing ProtocolHandler ["http-nio-8080"]
2026-05-12 13:51:39.932 [main] INFO  o.apache.catalina.core.StandardService   : Starting service [Tomcat]
2026-05-12 13:51:39.933 [main] INFO  o.apache.catalina.core.StandardEngine    : Starting Servlet engine: [Apache Tomcat/10.1.49]
2026-05-12 13:51:40.002 [main] INFO  o.a.c.c.C.[Tomcat].[localhost].[/]       : Initializing Spring embedded WebApplicationContext
2026-05-12 13:51:40.002 [main] INFO  w.s.c.ServletWebServerApplicationContext : Root WebApplicationContext: initialization completed in 2084 ms
2026-05-12 13:51:40.091 [main] DEBUG c.z.f.t.filter.JwtAuthenticationFilter   : Filter 'jwtAuthenticationFilter' configured for use
2026-05-12 13:51:42.428 [main] INFO  o.a.coyote.http11.Http11NioProtocol      : Starting ProtocolHandler ["http-nio-8080"]
2026-05-12 13:51:42.466 [main] INFO  o.s.b.w.embedded.tomcat.TomcatWebServer  : Tomcat started on port 8080 (http) with context path '/'
2026-05-12 13:51:42.484 [main] INFO  c.z.f.tracker.FinanceTrackerApplication  : Started FinanceTrackerApplication in 6.108 seconds (process running for 7.029)
2026-05-12 13:52:34.603 [http-nio-8080-exec-1] INFO  o.a.c.c.C.[Tomcat].[localhost].[/]       : Initializing Spring DispatcherServlet 'dispatcherServlet'
2026-05-12 13:52:34.804 [http-nio-8080-exec-1] DEBUG c.z.f.t.filter.JwtAuthenticationFilter   : Authenticated [user=Andy, uri=/api/transactions/30/image-url]
2026-05-12 13:52:36.988 [http-nio-8080-exec-1] DEBUG c.z.f.t.m.UserMapper.findByUsername      : ==>  Preparing: SELECT * FROM users WHERE username = ?
2026-05-12 13:52:37.040 [http-nio-8080-exec-1] DEBUG c.z.f.t.m.UserMapper.findByUsername      : ==> Parameters: Andy(String)
2026-05-12 13:52:37.093 [http-nio-8080-exec-1] DEBUG c.z.f.t.m.UserMapper.findByUsername      : <==      Total: 1
2026-05-12 13:52:37.106 [http-nio-8080-exec-1] DEBUG c.z.f.t.m.TransactionMapper.findById     : ==>  Preparing: SELECT t.*, c.name as categoryName FROM transactions t LEFT JOIN categories c ON t.category_id = c.id WHERE t.id = ? AND t.user_id = ?
2026-05-12 13:52:37.111 [http-nio-8080-exec-1] DEBUG c.z.f.t.m.TransactionMapper.findById     : ==> Parameters: 30(Long), 1(Long)
2026-05-12 13:52:37.120 [http-nio-8080-exec-1] DEBUG c.z.f.t.m.TransactionMapper.findById     : <==      Total: 1
2026-05-12 13:52:52.859 [http-nio-8080-exec-1] ERROR c.z.f.t.c.TransactionController          : Failed to generate url
io.minio.errors.InvalidResponseException: Non-XML response from server. Response code: 502, Content-Type: null, body: 
	at io.minio.S3Base$1.onResponse(S3Base.java:652)
	at okhttp3.internal.connection.RealCall$AsyncCall.run(RealCall.kt:519)
	at java.base/java.util.concurrent.ThreadPoolExecutor.runWorker(ThreadPoolExecutor.java:1095)
	at java.base/java.util.concurrent.ThreadPoolExecutor$Worker.run(ThreadPoolExecutor.java:619)
	at java.base/java.lang.Thread.run(Thread.java:1447)
2026-05-12 13:52:55.869 [SpringApplicationShutdownHook] INFO  o.s.b.w.e.tomcat.GracefulShutdown        : Commencing graceful shutdown. Waiting for active requests to complete
2026-05-12 13:52:57.879 [tomcat-shutdown] INFO  o.s.b.w.e.tomcat.GracefulShutdown        : Graceful shutdown complete
2026-05-12 13:53:15.227 [main] INFO  c.z.f.tracker.FinanceTrackerApplication  : The following 1 profile is active: "dev"
2026-05-12 13:53:15.997 [main] INFO  .s.d.r.c.RepositoryConfigurationDelegate : Multiple Spring Data modules found, entering strict repository configuration mode
2026-05-12 13:53:16.001 [main] INFO  .s.d.r.c.RepositoryConfigurationDelegate : Bootstrapping Spring Data Redis repositories in DEFAULT mode.
2026-05-12 13:53:16.032 [main] INFO  .s.d.r.c.RepositoryConfigurationDelegate : Finished Spring Data repository scanning in 10 ms. Found 0 Redis repository interfaces.
2026-05-12 13:53:16.966 [main] INFO  o.s.b.w.embedded.tomcat.TomcatWebServer  : Tomcat initialized with port 8080 (http)
2026-05-12 13:53:16.985 [main] INFO  o.a.coyote.http11.Http11NioProtocol      : Initializing ProtocolHandler ["http-nio-8080"]
2026-05-12 13:53:16.987 [main] INFO  o.apache.catalina.core.StandardService   : Starting service [Tomcat]
2026-05-12 13:53:16.988 [main] INFO  o.apache.catalina.core.StandardEngine    : Starting Servlet engine: [Apache Tomcat/10.1.49]
2026-05-12 13:53:17.075 [main] INFO  o.a.c.c.C.[Tomcat].[localhost].[/]       : Initializing Spring embedded WebApplicationContext
2026-05-12 13:53:17.075 [main] INFO  w.s.c.ServletWebServerApplicationContext : Root WebApplicationContext: initialization completed in 1826 ms
2026-05-12 13:53:17.157 [main] DEBUG c.z.f.t.filter.JwtAuthenticationFilter   : Filter 'jwtAuthenticationFilter' configured for use
2026-05-12 13:53:19.172 [main] INFO  o.a.coyote.http11.Http11NioProtocol      : Starting ProtocolHandler ["http-nio-8080"]
2026-05-12 13:53:19.209 [main] INFO  o.s.b.w.embedded.tomcat.TomcatWebServer  : Tomcat started on port 8080 (http) with context path '/'
2026-05-12 13:53:19.231 [main] INFO  c.z.f.tracker.FinanceTrackerApplication  : Started FinanceTrackerApplication in 5.646 seconds (process running for 6.782)
2026-05-12 13:53:27.445 [http-nio-8080-exec-2] INFO  o.a.c.c.C.[Tomcat].[localhost].[/]       : Initializing Spring DispatcherServlet 'dispatcherServlet'
2026-05-12 13:53:27.591 [http-nio-8080-exec-2] DEBUG c.z.f.t.filter.JwtAuthenticationFilter   : Authenticated [user=Andy, uri=/api/transactions/30/image-url]
2026-05-12 13:53:27.873 [http-nio-8080-exec-2] DEBUG c.z.f.t.m.UserMapper.findByUsername      : ==>  Preparing: SELECT * FROM users WHERE username = ?
2026-05-12 13:53:27.910 [http-nio-8080-exec-2] DEBUG c.z.f.t.m.UserMapper.findByUsername      : ==> Parameters: Andy(String)
2026-05-12 13:53:27.949 [http-nio-8080-exec-2] DEBUG c.z.f.t.m.UserMapper.findByUsername      : <==      Total: 1
2026-05-12 13:53:27.958 [http-nio-8080-exec-2] DEBUG c.z.f.t.m.TransactionMapper.findById     : ==>  Preparing: SELECT t.*, c.name as categoryName FROM transactions t LEFT JOIN categories c ON t.category_id = c.id WHERE t.id = ? AND t.user_id = ?
2026-05-12 13:53:27.961 [http-nio-8080-exec-2] DEBUG c.z.f.t.m.TransactionMapper.findById     : ==> Parameters: 30(Long), 1(Long)
2026-05-12 13:53:27.969 [http-nio-8080-exec-2] DEBUG c.z.f.t.m.TransactionMapper.findById     : <==      Total: 1
2026-05-12 14:02:11.977 [SpringApplicationShutdownHook] INFO  o.s.b.w.e.tomcat.GracefulShutdown        : Commencing graceful shutdown. Waiting for active requests to complete
2026-05-12 14:02:13.988 [tomcat-shutdown] INFO  o.s.b.w.e.tomcat.GracefulShutdown        : Graceful shutdown complete
2026-05-12 14:02:19.609 [main] INFO  c.z.f.tracker.FinanceTrackerApplication  : The following 1 profile is active: "dev"
2026-05-12 14:02:20.360 [main] INFO  .s.d.r.c.RepositoryConfigurationDelegate : Multiple Spring Data modules found, entering strict repository configuration mode
2026-05-12 14:02:20.366 [main] INFO  .s.d.r.c.RepositoryConfigurationDelegate : Bootstrapping Spring Data Redis repositories in DEFAULT mode.
2026-05-12 14:02:20.417 [main] INFO  .s.d.r.c.RepositoryConfigurationDelegate : Finished Spring Data repository scanning in 19 ms. Found 0 Redis repository interfaces.
2026-05-12 14:02:21.597 [main] INFO  o.s.b.w.embedded.tomcat.TomcatWebServer  : Tomcat initialized with port 8080 (http)
2026-05-12 14:02:21.619 [main] INFO  o.a.coyote.http11.Http11NioProtocol      : Initializing ProtocolHandler ["http-nio-8080"]
2026-05-12 14:02:21.622 [main] INFO  o.apache.catalina.core.StandardService   : Starting service [Tomcat]
2026-05-12 14:02:21.623 [main] INFO  o.apache.catalina.core.StandardEngine    : Starting Servlet engine: [Apache Tomcat/10.1.49]
2026-05-12 14:02:21.698 [main] INFO  o.a.c.c.C.[Tomcat].[localhost].[/]       : Initializing Spring embedded WebApplicationContext
2026-05-12 14:02:21.698 [main] INFO  w.s.c.ServletWebServerApplicationContext : Root WebApplicationContext: initialization completed in 2067 ms
2026-05-12 14:02:21.783 [main] DEBUG c.z.f.t.filter.JwtAuthenticationFilter   : Filter 'jwtAuthenticationFilter' configured for use
2026-05-12 14:02:23.750 [main] INFO  o.a.coyote.http11.Http11NioProtocol      : Starting ProtocolHandler ["http-nio-8080"]
2026-05-12 14:02:23.820 [main] INFO  o.s.b.w.embedded.tomcat.TomcatWebServer  : Tomcat started on port 8080 (http) with context path '/'
2026-05-12 14:02:23.850 [main] INFO  c.z.f.tracker.FinanceTrackerApplication  : Started FinanceTrackerApplication in 6.086 seconds (process running for 7.136)
2026-05-12 14:04:46.493 [SpringApplicationShutdownHook] INFO  o.s.b.w.e.tomcat.GracefulShutdown        : Commencing graceful shutdown. Waiting for active requests to complete
2026-05-12 14:04:48.511 [tomcat-shutdown] INFO  o.s.b.w.e.tomcat.GracefulShutdown        : Graceful shutdown complete
2026-05-12 14:04:54.898 [main] INFO  c.z.f.tracker.FinanceTrackerApplication  : The following 1 profile is active: "dev"
2026-05-12 14:04:55.744 [main] INFO  .s.d.r.c.RepositoryConfigurationDelegate : Multiple Spring Data modules found, entering strict repository configuration mode
2026-05-12 14:04:55.748 [main] INFO  .s.d.r.c.RepositoryConfigurationDelegate : Bootstrapping Spring Data Redis repositories in DEFAULT mode.
2026-05-12 14:04:55.780 [main] INFO  .s.d.r.c.RepositoryConfigurationDelegate : Finished Spring Data repository scanning in 12 ms. Found 0 Redis repository interfaces.
2026-05-12 14:04:56.624 [main] INFO  o.s.b.w.embedded.tomcat.TomcatWebServer  : Tomcat initialized with port 8080 (http)
2026-05-12 14:04:56.642 [main] INFO  o.a.coyote.http11.Http11NioProtocol      : Initializing ProtocolHandler ["http-nio-8080"]
2026-05-12 14:04:56.645 [main] INFO  o.apache.catalina.core.StandardService   : Starting service [Tomcat]
2026-05-12 14:04:56.645 [main] INFO  o.apache.catalina.core.StandardEngine    : Starting Servlet engine: [Apache Tomcat/10.1.49]
2026-05-12 14:04:56.714 [main] INFO  o.a.c.c.C.[Tomcat].[localhost].[/]       : Initializing Spring embedded WebApplicationContext
2026-05-12 14:04:56.715 [main] INFO  w.s.c.ServletWebServerApplicationContext : Root WebApplicationContext: initialization completed in 1795 ms
2026-05-12 14:04:56.786 [main] DEBUG c.z.f.t.filter.JwtAuthenticationFilter   : Filter 'jwtAuthenticationFilter' configured for use
2026-05-12 14:04:59.371 [main] INFO  o.a.coyote.http11.Http11NioProtocol      : Starting ProtocolHandler ["http-nio-8080"]
2026-05-12 14:04:59.416 [main] INFO  o.s.b.w.embedded.tomcat.TomcatWebServer  : Tomcat started on port 8080 (http) with context path '/'
2026-05-12 14:04:59.437 [main] INFO  c.z.f.tracker.FinanceTrackerApplication  : Started FinanceTrackerApplication in 6.659 seconds (process running for 7.592)
2026-05-12 14:05:54.779 [SpringApplicationShutdownHook] INFO  o.s.b.w.e.tomcat.GracefulShutdown        : Commencing graceful shutdown. Waiting for active requests to complete
2026-05-12 14:05:56.802 [tomcat-shutdown] INFO  o.s.b.w.e.tomcat.GracefulShutdown        : Graceful shutdown complete
2026-05-12 14:06:02.423 [main] INFO  c.z.f.tracker.FinanceTrackerApplication  : The following 1 profile is active: "dev"
2026-05-12 14:06:03.230 [main] INFO  .s.d.r.c.RepositoryConfigurationDelegate : Multiple Spring Data modules found, entering strict repository configuration mode
2026-05-12 14:06:03.234 [main] INFO  .s.d.r.c.RepositoryConfigurationDelegate : Bootstrapping Spring Data Redis repositories in DEFAULT mode.
2026-05-12 14:06:03.273 [main] INFO  .s.d.r.c.RepositoryConfigurationDelegate : Finished Spring Data repository scanning in 12 ms. Found 0 Redis repository interfaces.
2026-05-12 14:06:04.330 [main] INFO  o.s.b.w.embedded.tomcat.TomcatWebServer  : Tomcat initialized with port 8080 (http)
2026-05-12 14:06:04.355 [main] INFO  o.a.coyote.http11.Http11NioProtocol      : Initializing ProtocolHandler ["http-nio-8080"]
2026-05-12 14:06:04.358 [main] INFO  o.apache.catalina.core.StandardService   : Starting service [Tomcat]
2026-05-12 14:06:04.359 [main] INFO  o.apache.catalina.core.StandardEngine    : Starting Servlet engine: [Apache Tomcat/10.1.49]
2026-05-12 14:06:04.450 [main] INFO  o.a.c.c.C.[Tomcat].[localhost].[/]       : Initializing Spring embedded WebApplicationContext
2026-05-12 14:06:04.450 [main] INFO  w.s.c.ServletWebServerApplicationContext : Root WebApplicationContext: initialization completed in 1999 ms
2026-05-12 14:06:04.542 [main] DEBUG c.z.f.t.filter.JwtAuthenticationFilter   : Filter 'jwtAuthenticationFilter' configured for use
2026-05-12 14:06:06.550 [main] INFO  o.a.coyote.http11.Http11NioProtocol      : Starting ProtocolHandler ["http-nio-8080"]
2026-05-12 14:06:06.589 [main] INFO  o.s.b.w.embedded.tomcat.TomcatWebServer  : Tomcat started on port 8080 (http) with context path '/'
2026-05-12 14:06:06.620 [main] INFO  c.z.f.tracker.FinanceTrackerApplication  : Started FinanceTrackerApplication in 5.817 seconds (process running for 7.045)
2026-05-12 14:06:10.371 [http-nio-8080-exec-1] INFO  o.a.c.c.C.[Tomcat].[localhost].[/]       : Initializing Spring DispatcherServlet 'dispatcherServlet'
2026-05-12 14:06:10.650 [http-nio-8080-exec-1] DEBUG c.z.f.t.filter.JwtAuthenticationFilter   : Authenticated [user=Andy, uri=/api/transactions/30/image-url]
2026-05-12 14:06:17.604 [http-nio-8080-exec-1] DEBUG c.z.f.t.m.UserMapper.findByUsername      : ==>  Preparing: SELECT * FROM users WHERE username = ?
2026-05-12 14:06:17.881 [http-nio-8080-exec-1] DEBUG c.z.f.t.m.UserMapper.findByUsername      : ==> Parameters: Andy(String)
2026-05-12 14:06:18.184 [http-nio-8080-exec-1] DEBUG c.z.f.t.m.UserMapper.findByUsername      : <==      Total: 1
2026-05-12 14:06:18.837 [http-nio-8080-exec-1] DEBUG c.z.f.t.m.TransactionMapper.findById     : ==>  Preparing: SELECT t.*, c.name as categoryName FROM transactions t LEFT JOIN categories c ON t.category_id = c.id WHERE t.id = ? AND t.user_id = ?
2026-05-12 14:06:18.866 [http-nio-8080-exec-1] DEBUG c.z.f.t.m.TransactionMapper.findById     : ==> Parameters: 30(Long), 1(Long)
2026-05-12 14:06:18.897 [http-nio-8080-exec-1] DEBUG c.z.f.t.m.TransactionMapper.findById     : <==      Total: 1
2026-05-12 14:07:06.431 [http-nio-8080-exec-3] DEBUG c.z.f.t.filter.JwtAuthenticationFilter   : Authenticated [user=Andy, uri=/api/transactions/summary]
2026-05-12 14:07:06.449 [http-nio-8080-exec-3] DEBUG c.z.f.t.m.UserMapper.findByUsername      : ==>  Preparing: SELECT * FROM users WHERE username = ?
2026-05-12 14:07:06.450 [http-nio-8080-exec-3] DEBUG c.z.f.t.m.UserMapper.findByUsername      : ==> Parameters: Andy(String)
2026-05-12 14:07:06.452 [http-nio-8080-exec-3] DEBUG c.z.f.t.m.UserMapper.findByUsername      : <==      Total: 1
2026-05-12 14:07:07.067 [http-nio-8080-exec-3] DEBUG c.z.f.t.m.T.getTotalBalance              : ==>  Preparing: SELECT COALESCE( SUM(CASE WHEN type = 'INCOME' THEN amount ELSE ABS(amount) * -1 END), 0 ) FROM transactions WHERE user_id = ?
2026-05-12 14:07:07.069 [http-nio-8080-exec-3] DEBUG c.z.f.t.m.T.getTotalBalance              : ==> Parameters: 1(Long)
2026-05-12 14:07:07.073 [http-nio-8080-exec-3] DEBUG c.z.f.t.m.T.getTotalBalance              : <==      Total: 1
2026-05-12 14:07:07.076 [http-nio-8080-exec-3] DEBUG c.z.f.t.m.T.getMonthlyBalance            : ==>  Preparing: SELECT SUM(CASE WHEN type = 'INCOME' THEN amount ELSE 0 END) as income, SUM(CASE WHEN type = 'EXPENSE' THEN ABS(amount) ELSE 0 END) as expense, SUM(CASE WHEN type = 'INCOME' THEN amount ELSE ABS(amount) * -1 END) as net FROM transactions WHERE user_id = ? AND DATE_FORMAT(date, '%Y-%m') = ?
2026-05-12 14:07:07.079 [http-nio-8080-exec-3] DEBUG c.z.f.t.m.T.getMonthlyBalance            : ==> Parameters: 1(Long), 2026-05(String)
2026-05-12 14:07:07.083 [http-nio-8080-exec-3] DEBUG c.z.f.t.m.T.getMonthlyBalance            : <==      Total: 1
2026-05-12 14:07:07.083 [http-nio-8080-exec-3] DEBUG c.z.f.t.m.T.getIncomeVsExpense           : ==>  Preparing: SELECT SUM(CASE WHEN type = 'INCOME' THEN amount ELSE 0 END) as totalIncome, SUM(CASE WHEN type = 'EXPENSE' THEN ABS(amount) ELSE 0 END) as totalExpense FROM transactions WHERE user_id = ?
2026-05-12 14:07:07.084 [http-nio-8080-exec-3] DEBUG c.z.f.t.m.T.getIncomeVsExpense           : ==> Parameters: 1(Long)
2026-05-12 14:07:07.086 [http-nio-8080-exec-3] DEBUG c.z.f.t.m.T.getIncomeVsExpense           : <==      Total: 1
2026-05-12 14:07:07.087 [http-nio-8080-exec-3] DEBUG c.z.f.t.m.T.getCategorySummary           : ==>  Preparing: SELECT c.name as name, SUM(ABS(t.amount)) as value FROM transactions t INNER JOIN categories c ON t.category_id = c.id WHERE t.user_id = ? AND t.type = ? GROUP BY c.name
2026-05-12 14:07:07.088 [http-nio-8080-exec-3] DEBUG c.z.f.t.m.T.getCategorySummary           : ==> Parameters: 1(Long), INCOME(String)
2026-05-12 14:07:07.091 [http-nio-8080-exec-3] DEBUG c.z.f.t.m.T.getCategorySummary           : <==      Total: 4
2026-05-12 14:07:07.091 [http-nio-8080-exec-3] DEBUG c.z.f.t.m.T.getCategorySummary           : ==>  Preparing: SELECT c.name as name, SUM(ABS(t.amount)) as value FROM transactions t INNER JOIN categories c ON t.category_id = c.id WHERE t.user_id = ? AND t.type = ? GROUP BY c.name
2026-05-12 14:07:07.092 [http-nio-8080-exec-3] DEBUG c.z.f.t.m.T.getCategorySummary           : ==> Parameters: 1(Long), EXPENSE(String)
2026-05-12 14:07:07.095 [http-nio-8080-exec-3] DEBUG c.z.f.t.m.T.getCategorySummary           : <==      Total: 7
2026-05-12 14:07:07.343 [http-nio-8080-exec-5] DEBUG c.z.f.t.filter.JwtAuthenticationFilter   : Authenticated [user=Andy, uri=/api/transactions/daily-trends]
2026-05-12 14:07:07.346 [http-nio-8080-exec-5] DEBUG c.z.f.t.m.UserMapper.findByUsername      : ==>  Preparing: SELECT * FROM users WHERE username = ?
2026-05-12 14:07:07.347 [http-nio-8080-exec-5] DEBUG c.z.f.t.m.UserMapper.findByUsername      : ==> Parameters: Andy(String)
2026-05-12 14:07:07.349 [http-nio-8080-exec-5] DEBUG c.z.f.t.m.UserMapper.findByUsername      : <==      Total: 1
2026-05-12 14:07:07.354 [http-nio-8080-exec-5] DEBUG c.z.f.t.m.T.getDailyTrends               : ==>  Preparing: SELECT DATE(t.date) as date, SUM(CASE WHEN t.type = 'INCOME' THEN t.amount ELSE 0 END) as income, SUM(CASE WHEN t.type = 'EXPENSE' THEN t.amount ELSE 0 END) as expense FROM transactions t WHERE t.user_id = ? AND t.date >= DATE_SUB(CURDATE(), INTERVAL ? DAY) GROUP BY DATE(t.date) ORDER BY date ASC
2026-05-12 14:07:07.357 [http-nio-8080-exec-5] DEBUG c.z.f.t.m.T.getDailyTrends               : ==> Parameters: 1(Long), 30(Integer)
2026-05-12 14:07:07.361 [http-nio-8080-exec-5] DEBUG c.z.f.t.m.T.getDailyTrends               : <==      Total: 11
2026-05-12 14:07:07.503 [http-nio-8080-exec-7] DEBUG c.z.f.t.filter.JwtAuthenticationFilter   : Authenticated [user=Andy, uri=/api/transactions/history]
2026-05-12 14:07:07.511 [http-nio-8080-exec-7] DEBUG c.z.f.t.m.UserMapper.findByUsername      : ==>  Preparing: SELECT * FROM users WHERE username = ?
2026-05-12 14:07:07.512 [http-nio-8080-exec-7] DEBUG c.z.f.t.m.UserMapper.findByUsername      : ==> Parameters: Andy(String)
2026-05-12 14:07:07.513 [http-nio-8080-exec-7] DEBUG c.z.f.t.m.UserMapper.findByUsername      : <==      Total: 1
2026-05-12 14:07:07.544 [http-nio-8080-exec-7] DEBUG c.z.f.t.m.T.findAllFiltered              : ==>  Preparing: SELECT t.*, c.name as categoryName FROM transactions t LEFT JOIN categories c ON t.category_id = c.id WHERE t.user_id = ? ORDER BY t.date DESC, t.id DESC LIMIT ? OFFSET ?
2026-05-12 14:07:07.545 [http-nio-8080-exec-7] DEBUG c.z.f.t.m.T.findAllFiltered              : ==> Parameters: 1(Long), 5(Integer), 0(Integer)
2026-05-12 14:07:07.550 [http-nio-8080-exec-7] DEBUG c.z.f.t.m.T.findAllFiltered              : <==      Total: 5
2026-05-12 14:07:07.551 [http-nio-8080-exec-7] DEBUG c.z.f.t.m.T.countFiltered                : ==>  Preparing: SELECT COUNT(*) FROM transactions t WHERE user_id = ?
2026-05-12 14:07:07.551 [http-nio-8080-exec-7] DEBUG c.z.f.t.m.T.countFiltered                : ==> Parameters: 1(Long)
2026-05-12 14:07:07.554 [http-nio-8080-exec-7] DEBUG c.z.f.t.m.T.countFiltered                : <==      Total: 1
2026-05-12 14:07:07.554 [http-nio-8080-exec-7] DEBUG c.z.f.t.c.TransactionController          : History query [userId=1, page=0, size=5, total=32]
2026-05-12 14:07:07.668 [http-nio-8080-exec-9] DEBUG c.z.f.t.filter.JwtAuthenticationFilter   : Authenticated [user=Andy, uri=/api/recurring/upcoming]
2026-05-12 14:07:07.670 [http-nio-8080-exec-9] DEBUG c.z.f.t.m.UserMapper.findByUsername      : ==>  Preparing: SELECT * FROM users WHERE username = ?
2026-05-12 14:07:07.670 [http-nio-8080-exec-9] DEBUG c.z.f.t.m.UserMapper.findByUsername      : ==> Parameters: Andy(String)
2026-05-12 14:07:07.672 [http-nio-8080-exec-9] DEBUG c.z.f.t.m.UserMapper.findByUsername      : <==      Total: 1
2026-05-12 14:07:07.672 [http-nio-8080-exec-9] DEBUG c.z.f.t.m.RecurringMapper.findUpcoming   : ==>  Preparing: SELECT r.*, c.name as categoryName FROM recurring_transactions r LEFT JOIN categories c ON r.category_id = c.id WHERE r.user_id = ? AND r.is_active = TRUE AND r.next_due_date <= DATE_ADD(CURDATE(), INTERVAL ? DAY) ORDER BY r.next_due_date ASC
2026-05-12 14:07:07.673 [http-nio-8080-exec-9] DEBUG c.z.f.t.m.RecurringMapper.findUpcoming   : ==> Parameters: 1(Long), 7(Integer)
2026-05-12 14:07:07.675 [http-nio-8080-exec-9] DEBUG c.z.f.t.m.RecurringMapper.findUpcoming   : <==      Total: 0
2026-05-12 14:07:10.775 [http-nio-8080-exec-2] DEBUG c.z.f.t.filter.JwtAuthenticationFilter   : Authenticated [user=Andy, uri=/api/categories]
2026-05-12 14:07:10.779 [http-nio-8080-exec-2] DEBUG c.z.f.t.m.UserMapper.findByUsername      : ==>  Preparing: SELECT * FROM users WHERE username = ?
2026-05-12 14:07:10.780 [http-nio-8080-exec-2] DEBUG c.z.f.t.m.UserMapper.findByUsername      : ==> Parameters: Andy(String)
2026-05-12 14:07:10.782 [http-nio-8080-exec-2] DEBUG c.z.f.t.m.UserMapper.findByUsername      : <==      Total: 1
2026-05-12 14:07:10.788 [http-nio-8080-exec-2] DEBUG c.z.f.t.m.C.findByUserIdAndType          : ==>  Preparing: SELECT * FROM categories WHERE user_id = ? AND type = ? ORDER BY name ASC
2026-05-12 14:07:10.789 [http-nio-8080-exec-2] DEBUG c.z.f.t.m.C.findByUserIdAndType          : ==> Parameters: 1(Long), EXPENSE(String)
2026-05-12 14:07:10.794 [http-nio-8080-exec-2] DEBUG c.z.f.t.m.C.findByUserIdAndType          : <==      Total: 10
2026-05-12 14:07:10.989 [http-nio-8080-exec-3] DEBUG c.z.f.t.filter.JwtAuthenticationFilter   : Authenticated [user=Andy, uri=/api/transactions/history]
2026-05-12 14:07:10.991 [http-nio-8080-exec-3] DEBUG c.z.f.t.m.UserMapper.findByUsername      : ==>  Preparing: SELECT * FROM users WHERE username = ?
2026-05-12 14:07:10.991 [http-nio-8080-exec-3] DEBUG c.z.f.t.m.UserMapper.findByUsername      : ==> Parameters: Andy(String)
2026-05-12 14:07:10.994 [http-nio-8080-exec-3] DEBUG c.z.f.t.m.UserMapper.findByUsername      : <==      Total: 1
2026-05-12 14:07:10.994 [http-nio-8080-exec-3] DEBUG c.z.f.t.m.T.findAllFiltered              : ==>  Preparing: SELECT t.*, c.name as categoryName FROM transactions t LEFT JOIN categories c ON t.category_id = c.id WHERE t.user_id = ? ORDER BY t.date DESC, t.id DESC LIMIT ? OFFSET ?
2026-05-12 14:07:10.995 [http-nio-8080-exec-3] DEBUG c.z.f.t.m.T.findAllFiltered              : ==> Parameters: 1(Long), 15(Integer), 0(Integer)
2026-05-12 14:07:11.005 [http-nio-8080-exec-3] DEBUG c.z.f.t.m.T.findAllFiltered              : <==      Total: 15
2026-05-12 14:07:11.007 [http-nio-8080-exec-3] DEBUG c.z.f.t.m.T.countFiltered                : ==>  Preparing: SELECT COUNT(*) FROM transactions t WHERE user_id = ?
2026-05-12 14:07:11.007 [http-nio-8080-exec-3] DEBUG c.z.f.t.m.T.countFiltered                : ==> Parameters: 1(Long)
2026-05-12 14:07:11.010 [http-nio-8080-exec-3] DEBUG c.z.f.t.m.T.countFiltered                : <==      Total: 1
2026-05-12 14:07:11.010 [http-nio-8080-exec-3] DEBUG c.z.f.t.c.TransactionController          : History query [userId=1, page=0, size=15, total=32]
2026-05-12 14:07:11.090 [http-nio-8080-exec-5] DEBUG c.z.f.t.filter.JwtAuthenticationFilter   : Authenticated [user=Andy, uri=/api/categories]
2026-05-12 14:07:11.092 [http-nio-8080-exec-5] DEBUG c.z.f.t.m.UserMapper.findByUsername      : ==>  Preparing: SELECT * FROM users WHERE username = ?
2026-05-12 14:07:11.093 [http-nio-8080-exec-5] DEBUG c.z.f.t.m.UserMapper.findByUsername      : ==> Parameters: Andy(String)
2026-05-12 14:07:11.096 [http-nio-8080-exec-5] DEBUG c.z.f.t.m.UserMapper.findByUsername      : <==      Total: 1
2026-05-12 14:07:11.099 [http-nio-8080-exec-5] DEBUG c.z.f.t.m.C.findByUserIdAndType          : ==>  Preparing: SELECT * FROM categories WHERE user_id = ? AND type = ? ORDER BY name ASC
2026-05-12 14:07:11.100 [http-nio-8080-exec-5] DEBUG c.z.f.t.m.C.findByUserIdAndType          : ==> Parameters: 1(Long), INCOME(String)
2026-05-12 14:07:11.103 [http-nio-8080-exec-5] DEBUG c.z.f.t.m.C.findByUserIdAndType          : <==      Total: 5
2026-05-12 14:07:11.586 [http-nio-8080-exec-7] DEBUG c.z.f.t.filter.JwtAuthenticationFilter   : Authenticated [user=Andy, uri=/api/transactions/34/image-url]
2026-05-12 14:07:11.588 [http-nio-8080-exec-7] DEBUG c.z.f.t.m.UserMapper.findByUsername      : ==>  Preparing: SELECT * FROM users WHERE username = ?
2026-05-12 14:07:11.588 [http-nio-8080-exec-7] DEBUG c.z.f.t.m.UserMapper.findByUsername      : ==> Parameters: Andy(String)
2026-05-12 14:07:11.590 [http-nio-8080-exec-7] DEBUG c.z.f.t.m.UserMapper.findByUsername      : <==      Total: 1
2026-05-12 14:07:11.591 [http-nio-8080-exec-7] DEBUG c.z.f.t.m.TransactionMapper.findById     : ==>  Preparing: SELECT t.*, c.name as categoryName FROM transactions t LEFT JOIN categories c ON t.category_id = c.id WHERE t.id = ? AND t.user_id = ?
2026-05-12 14:07:11.592 [http-nio-8080-exec-7] DEBUG c.z.f.t.m.TransactionMapper.findById     : ==> Parameters: 34(Long), 1(Long)
2026-05-12 14:07:11.594 [http-nio-8080-exec-7] DEBUG c.z.f.t.m.TransactionMapper.findById     : <==      Total: 1
2026-05-12 14:07:11.615 [http-nio-8080-exec-9] DEBUG c.z.f.t.filter.JwtAuthenticationFilter   : Authenticated [user=Andy, uri=/api/transactions/33/image-url]
2026-05-12 14:07:11.616 [http-nio-8080-exec-9] DEBUG c.z.f.t.m.UserMapper.findByUsername      : ==>  Preparing: SELECT * FROM users WHERE username = ?
2026-05-12 14:07:11.617 [http-nio-8080-exec-9] DEBUG c.z.f.t.m.UserMapper.findByUsername      : ==> Parameters: Andy(String)
2026-05-12 14:07:11.619 [http-nio-8080-exec-9] DEBUG c.z.f.t.m.UserMapper.findByUsername      : <==      Total: 1
2026-05-12 14:07:11.619 [http-nio-8080-exec-9] DEBUG c.z.f.t.m.TransactionMapper.findById     : ==>  Preparing: SELECT t.*, c.name as categoryName FROM transactions t LEFT JOIN categories c ON t.category_id = c.id WHERE t.id = ? AND t.user_id = ?
2026-05-12 14:07:11.620 [http-nio-8080-exec-9] DEBUG c.z.f.t.m.TransactionMapper.findById     : ==> Parameters: 33(Long), 1(Long)
2026-05-12 14:07:11.622 [http-nio-8080-exec-9] DEBUG c.z.f.t.m.TransactionMapper.findById     : <==      Total: 1
2026-05-12 14:07:11.699 [http-nio-8080-exec-2] DEBUG c.z.f.t.filter.JwtAuthenticationFilter   : Authenticated [user=Andy, uri=/api/transactions/32/image-url]
2026-05-12 14:07:11.700 [http-nio-8080-exec-2] DEBUG c.z.f.t.m.UserMapper.findByUsername      : ==>  Preparing: SELECT * FROM users WHERE username = ?
2026-05-12 14:07:11.701 [http-nio-8080-exec-2] DEBUG c.z.f.t.m.UserMapper.findByUsername      : ==> Parameters: Andy(String)
2026-05-12 14:07:11.703 [http-nio-8080-exec-2] DEBUG c.z.f.t.m.UserMapper.findByUsername      : <==      Total: 1
2026-05-12 14:07:11.704 [http-nio-8080-exec-2] DEBUG c.z.f.t.m.TransactionMapper.findById     : ==>  Preparing: SELECT t.*, c.name as categoryName FROM transactions t LEFT JOIN categories c ON t.category_id = c.id WHERE t.id = ? AND t.user_id = ?
2026-05-12 14:07:11.704 [http-nio-8080-exec-2] DEBUG c.z.f.t.m.TransactionMapper.findById     : ==> Parameters: 32(Long), 1(Long)
2026-05-12 14:07:11.707 [http-nio-8080-exec-2] DEBUG c.z.f.t.m.TransactionMapper.findById     : <==      Total: 1
2026-05-12 14:07:11.781 [http-nio-8080-exec-3] DEBUG c.z.f.t.filter.JwtAuthenticationFilter   : Authenticated [user=Andy, uri=/api/transactions/31/image-url]
2026-05-12 14:07:11.782 [http-nio-8080-exec-3] DEBUG c.z.f.t.m.UserMapper.findByUsername      : ==>  Preparing: SELECT * FROM users WHERE username = ?
2026-05-12 14:07:11.782 [http-nio-8080-exec-3] DEBUG c.z.f.t.m.UserMapper.findByUsername      : ==> Parameters: Andy(String)
2026-05-12 14:07:11.785 [http-nio-8080-exec-3] DEBUG c.z.f.t.m.UserMapper.findByUsername      : <==      Total: 1
2026-05-12 14:07:11.786 [http-nio-8080-exec-3] DEBUG c.z.f.t.m.TransactionMapper.findById     : ==>  Preparing: SELECT t.*, c.name as categoryName FROM transactions t LEFT JOIN categories c ON t.category_id = c.id WHERE t.id = ? AND t.user_id = ?
2026-05-12 14:07:11.786 [http-nio-8080-exec-3] DEBUG c.z.f.t.m.TransactionMapper.findById     : ==> Parameters: 31(Long), 1(Long)
2026-05-12 14:07:11.789 [http-nio-8080-exec-3] DEBUG c.z.f.t.m.TransactionMapper.findById     : <==      Total: 1
2026-05-12 14:07:11.854 [http-nio-8080-exec-5] DEBUG c.z.f.t.filter.JwtAuthenticationFilter   : Authenticated [user=Andy, uri=/api/transactions/30/image-url]
2026-05-12 14:07:11.855 [http-nio-8080-exec-5] DEBUG c.z.f.t.m.UserMapper.findByUsername      : ==>  Preparing: SELECT * FROM users WHERE username = ?
2026-05-12 14:07:11.856 [http-nio-8080-exec-5] DEBUG c.z.f.t.m.UserMapper.findByUsername      : ==> Parameters: Andy(String)
2026-05-12 14:07:11.859 [http-nio-8080-exec-5] DEBUG c.z.f.t.m.UserMapper.findByUsername      : <==      Total: 1
2026-05-12 14:07:11.859 [http-nio-8080-exec-5] DEBUG c.z.f.t.m.TransactionMapper.findById     : ==>  Preparing: SELECT t.*, c.name as categoryName FROM transactions t LEFT JOIN categories c ON t.category_id = c.id WHERE t.id = ? AND t.user_id = ?
2026-05-12 14:07:11.860 [http-nio-8080-exec-5] DEBUG c.z.f.t.m.TransactionMapper.findById     : ==> Parameters: 30(Long), 1(Long)
2026-05-12 14:07:11.863 [http-nio-8080-exec-5] DEBUG c.z.f.t.m.TransactionMapper.findById     : <==      Total: 1
2026-05-12 14:07:11.932 [http-nio-8080-exec-7] DEBUG c.z.f.t.filter.JwtAuthenticationFilter   : Authenticated [user=Andy, uri=/api/transactions/29/image-url]
2026-05-12 14:07:11.933 [http-nio-8080-exec-7] DEBUG c.z.f.t.m.UserMapper.findByUsername      : ==>  Preparing: SELECT * FROM users WHERE username = ?
2026-05-12 14:07:11.933 [http-nio-8080-exec-7] DEBUG c.z.f.t.m.UserMapper.findByUsername      : ==> Parameters: Andy(String)
2026-05-12 14:07:11.935 [http-nio-8080-exec-7] DEBUG c.z.f.t.m.UserMapper.findByUsername      : <==      Total: 1
2026-05-12 14:07:11.936 [http-nio-8080-exec-7] DEBUG c.z.f.t.m.TransactionMapper.findById     : ==>  Preparing: SELECT t.*, c.name as categoryName FROM transactions t LEFT JOIN categories c ON t.category_id = c.id WHERE t.id = ? AND t.user_id = ?
2026-05-12 14:07:11.936 [http-nio-8080-exec-7] DEBUG c.z.f.t.m.TransactionMapper.findById     : ==> Parameters: 29(Long), 1(Long)
2026-05-12 14:07:11.940 [http-nio-8080-exec-7] DEBUG c.z.f.t.m.TransactionMapper.findById     : <==      Total: 1
2026-05-12 14:07:15.625 [http-nio-8080-exec-9] DEBUG c.z.f.t.filter.JwtAuthenticationFilter   : Authenticated [user=Andy, uri=/api/transactions/28/image-url]
2026-05-12 14:07:15.627 [http-nio-8080-exec-9] DEBUG c.z.f.t.m.UserMapper.findByUsername      : ==>  Preparing: SELECT * FROM users WHERE username = ?
2026-05-12 14:07:15.627 [http-nio-8080-exec-9] DEBUG c.z.f.t.m.UserMapper.findByUsername      : ==> Parameters: Andy(String)
2026-05-12 14:07:15.629 [http-nio-8080-exec-9] DEBUG c.z.f.t.m.UserMapper.findByUsername      : <==      Total: 1
2026-05-12 14:07:15.630 [http-nio-8080-exec-9] DEBUG c.z.f.t.m.TransactionMapper.findById     : ==>  Preparing: SELECT t.*, c.name as categoryName FROM transactions t LEFT JOIN categories c ON t.category_id = c.id WHERE t.id = ? AND t.user_id = ?
2026-05-12 14:07:15.630 [http-nio-8080-exec-9] DEBUG c.z.f.t.m.TransactionMapper.findById     : ==> Parameters: 28(Long), 1(Long)
2026-05-12 14:07:15.632 [http-nio-8080-exec-9] DEBUG c.z.f.t.m.TransactionMapper.findById     : <==      Total: 1
2026-05-12 14:07:15.775 [http-nio-8080-exec-2] DEBUG c.z.f.t.filter.JwtAuthenticationFilter   : Authenticated [user=Andy, uri=/api/transactions/24/image-url]
2026-05-12 14:07:15.776 [http-nio-8080-exec-2] DEBUG c.z.f.t.m.UserMapper.findByUsername      : ==>  Preparing: SELECT * FROM users WHERE username = ?
2026-05-12 14:07:15.776 [http-nio-8080-exec-2] DEBUG c.z.f.t.m.UserMapper.findByUsername      : ==> Parameters: Andy(String)
2026-05-12 14:07:15.778 [http-nio-8080-exec-2] DEBUG c.z.f.t.m.UserMapper.findByUsername      : <==      Total: 1
2026-05-12 14:07:15.779 [http-nio-8080-exec-2] DEBUG c.z.f.t.m.TransactionMapper.findById     : ==>  Preparing: SELECT t.*, c.name as categoryName FROM transactions t LEFT JOIN categories c ON t.category_id = c.id WHERE t.id = ? AND t.user_id = ?
2026-05-12 14:07:15.779 [http-nio-8080-exec-2] DEBUG c.z.f.t.m.TransactionMapper.findById     : ==> Parameters: 24(Long), 1(Long)
2026-05-12 14:07:15.782 [http-nio-8080-exec-2] DEBUG c.z.f.t.m.TransactionMapper.findById     : <==      Total: 1
2026-05-12 14:07:15.814 [http-nio-8080-exec-3] DEBUG c.z.f.t.filter.JwtAuthenticationFilter   : Authenticated [user=Andy, uri=/api/transactions/23/image-url]
2026-05-12 14:07:15.815 [http-nio-8080-exec-3] DEBUG c.z.f.t.m.UserMapper.findByUsername      : ==>  Preparing: SELECT * FROM users WHERE username = ?
2026-05-12 14:07:15.816 [http-nio-8080-exec-3] DEBUG c.z.f.t.m.UserMapper.findByUsername      : ==> Parameters: Andy(String)
2026-05-12 14:07:15.817 [http-nio-8080-exec-3] DEBUG c.z.f.t.m.UserMapper.findByUsername      : <==      Total: 1
2026-05-12 14:07:15.817 [http-nio-8080-exec-3] DEBUG c.z.f.t.m.TransactionMapper.findById     : ==>  Preparing: SELECT t.*, c.name as categoryName FROM transactions t LEFT JOIN categories c ON t.category_id = c.id WHERE t.id = ? AND t.user_id = ?
2026-05-12 14:07:15.818 [http-nio-8080-exec-3] DEBUG c.z.f.t.m.TransactionMapper.findById     : ==> Parameters: 23(Long), 1(Long)
2026-05-12 14:07:15.820 [http-nio-8080-exec-3] DEBUG c.z.f.t.m.TransactionMapper.findById     : <==      Total: 1
2026-05-12 14:07:16.719 [http-nio-8080-exec-5] DEBUG c.z.f.t.filter.JwtAuthenticationFilter   : Authenticated [user=Andy, uri=/api/transactions/31/image-url]
2026-05-12 14:07:16.720 [http-nio-8080-exec-5] DEBUG c.z.f.t.m.UserMapper.findByUsername      : ==>  Preparing: SELECT * FROM users WHERE username = ?
2026-05-12 14:07:16.721 [http-nio-8080-exec-5] DEBUG c.z.f.t.m.UserMapper.findByUsername      : ==> Parameters: Andy(String)
2026-05-12 14:07:16.722 [http-nio-8080-exec-5] DEBUG c.z.f.t.m.UserMapper.findByUsername      : <==      Total: 1
2026-05-12 14:07:16.722 [http-nio-8080-exec-5] DEBUG c.z.f.t.m.TransactionMapper.findById     : ==>  Preparing: SELECT t.*, c.name as categoryName FROM transactions t LEFT JOIN categories c ON t.category_id = c.id WHERE t.id = ? AND t.user_id = ?
2026-05-12 14:07:16.723 [http-nio-8080-exec-5] DEBUG c.z.f.t.m.TransactionMapper.findById     : ==> Parameters: 31(Long), 1(Long)
2026-05-12 14:07:16.725 [http-nio-8080-exec-5] DEBUG c.z.f.t.m.TransactionMapper.findById     : <==      Total: 1
2026-05-12 14:07:16.811 [http-nio-8080-exec-7] DEBUG c.z.f.t.filter.JwtAuthenticationFilter   : Authenticated [user=Andy, uri=/api/transactions/32/image-url]
2026-05-12 14:07:16.811 [http-nio-8080-exec-7] DEBUG c.z.f.t.m.UserMapper.findByUsername      : ==>  Preparing: SELECT * FROM users WHERE username = ?
2026-05-12 14:07:16.812 [http-nio-8080-exec-7] DEBUG c.z.f.t.m.UserMapper.findByUsername      : ==> Parameters: Andy(String)
2026-05-12 14:07:16.813 [http-nio-8080-exec-7] DEBUG c.z.f.t.m.UserMapper.findByUsername      : <==      Total: 1
2026-05-12 14:07:16.814 [http-nio-8080-exec-7] DEBUG c.z.f.t.m.TransactionMapper.findById     : ==>  Preparing: SELECT t.*, c.name as categoryName FROM transactions t LEFT JOIN categories c ON t.category_id = c.id WHERE t.id = ? AND t.user_id = ?
2026-05-12 14:07:16.814 [http-nio-8080-exec-7] DEBUG c.z.f.t.m.TransactionMapper.findById     : ==> Parameters: 32(Long), 1(Long)
2026-05-12 14:07:16.816 [http-nio-8080-exec-7] DEBUG c.z.f.t.m.TransactionMapper.findById     : <==      Total: 1
2026-05-12 14:07:16.892 [http-nio-8080-exec-9] DEBUG c.z.f.t.filter.JwtAuthenticationFilter   : Authenticated [user=Andy, uri=/api/transactions/33/image-url]
2026-05-12 14:07:16.893 [http-nio-8080-exec-9] DEBUG c.z.f.t.m.UserMapper.findByUsername      : ==>  Preparing: SELECT * FROM users WHERE username = ?
2026-05-12 14:07:16.894 [http-nio-8080-exec-9] DEBUG c.z.f.t.m.UserMapper.findByUsername      : ==> Parameters: Andy(String)
2026-05-12 14:07:16.895 [http-nio-8080-exec-9] DEBUG c.z.f.t.m.UserMapper.findByUsername      : <==      Total: 1
2026-05-12 14:07:16.895 [http-nio-8080-exec-9] DEBUG c.z.f.t.m.TransactionMapper.findById     : ==>  Preparing: SELECT t.*, c.name as categoryName FROM transactions t LEFT JOIN categories c ON t.category_id = c.id WHERE t.id = ? AND t.user_id = ?
2026-05-12 14:07:16.896 [http-nio-8080-exec-9] DEBUG c.z.f.t.m.TransactionMapper.findById     : ==> Parameters: 33(Long), 1(Long)
2026-05-12 14:07:16.897 [http-nio-8080-exec-9] DEBUG c.z.f.t.m.TransactionMapper.findById     : <==      Total: 1
2026-05-12 14:07:18.002 [http-nio-8080-exec-2] DEBUG c.z.f.t.filter.JwtAuthenticationFilter   : Authenticated [user=Andy, uri=/api/transactions/34/image-url]
2026-05-12 14:07:18.004 [http-nio-8080-exec-2] DEBUG c.z.f.t.m.UserMapper.findByUsername      : ==>  Preparing: SELECT * FROM users WHERE username = ?
2026-05-12 14:07:18.004 [http-nio-8080-exec-2] DEBUG c.z.f.t.m.UserMapper.findByUsername      : ==> Parameters: Andy(String)
2026-05-12 14:07:18.006 [http-nio-8080-exec-2] DEBUG c.z.f.t.m.UserMapper.findByUsername      : <==      Total: 1
2026-05-12 14:07:18.006 [http-nio-8080-exec-2] DEBUG c.z.f.t.m.TransactionMapper.findById     : ==>  Preparing: SELECT t.*, c.name as categoryName FROM transactions t LEFT JOIN categories c ON t.category_id = c.id WHERE t.id = ? AND t.user_id = ?
2026-05-12 14:07:18.007 [http-nio-8080-exec-2] DEBUG c.z.f.t.m.TransactionMapper.findById     : ==> Parameters: 34(Long), 1(Long)
2026-05-12 14:07:18.008 [http-nio-8080-exec-2] DEBUG c.z.f.t.m.TransactionMapper.findById     : <==      Total: 1
2026-05-12 14:07:19.120 [http-nio-8080-exec-3] DEBUG c.z.f.t.filter.JwtAuthenticationFilter   : Authenticated [user=Andy, uri=/api/transactions/24/image-url]
2026-05-12 14:07:19.122 [http-nio-8080-exec-3] DEBUG c.z.f.t.m.UserMapper.findByUsername      : ==>  Preparing: SELECT * FROM users WHERE username = ?
2026-05-12 14:07:19.123 [http-nio-8080-exec-3] DEBUG c.z.f.t.m.UserMapper.findByUsername      : ==> Parameters: Andy(String)
2026-05-12 14:07:19.126 [http-nio-8080-exec-3] DEBUG c.z.f.t.m.UserMapper.findByUsername      : <==      Total: 1
2026-05-12 14:07:19.127 [http-nio-8080-exec-3] DEBUG c.z.f.t.m.TransactionMapper.findById     : ==>  Preparing: SELECT t.*, c.name as categoryName FROM transactions t LEFT JOIN categories c ON t.category_id = c.id WHERE t.id = ? AND t.user_id = ?
2026-05-12 14:07:19.127 [http-nio-8080-exec-3] DEBUG c.z.f.t.m.TransactionMapper.findById     : ==> Parameters: 24(Long), 1(Long)
2026-05-12 14:07:19.130 [http-nio-8080-exec-3] DEBUG c.z.f.t.m.TransactionMapper.findById     : <==      Total: 1
2026-05-12 14:07:19.535 [http-nio-8080-exec-5] DEBUG c.z.f.t.filter.JwtAuthenticationFilter   : Authenticated [user=Andy, uri=/api/transactions/28/image-url]
2026-05-12 14:07:19.536 [http-nio-8080-exec-5] DEBUG c.z.f.t.m.UserMapper.findByUsername      : ==>  Preparing: SELECT * FROM users WHERE username = ?
2026-05-12 14:07:19.537 [http-nio-8080-exec-5] DEBUG c.z.f.t.m.UserMapper.findByUsername      : ==> Parameters: Andy(String)
2026-05-12 14:07:19.540 [http-nio-8080-exec-5] DEBUG c.z.f.t.m.UserMapper.findByUsername      : <==      Total: 1
2026-05-12 14:07:19.541 [http-nio-8080-exec-5] DEBUG c.z.f.t.m.TransactionMapper.findById     : ==>  Preparing: SELECT t.*, c.name as categoryName FROM transactions t LEFT JOIN categories c ON t.category_id = c.id WHERE t.id = ? AND t.user_id = ?
2026-05-12 14:07:19.541 [http-nio-8080-exec-5] DEBUG c.z.f.t.m.TransactionMapper.findById     : ==> Parameters: 28(Long), 1(Long)
2026-05-12 14:07:19.544 [http-nio-8080-exec-5] DEBUG c.z.f.t.m.TransactionMapper.findById     : <==      Total: 1
2026-05-12 14:11:48.271 [SpringApplicationShutdownHook] INFO  o.s.b.w.e.tomcat.GracefulShutdown        : Commencing graceful shutdown. Waiting for active requests to complete
2026-05-12 14:11:50.282 [tomcat-shutdown] INFO  o.s.b.w.e.tomcat.GracefulShutdown        : Graceful shutdown complete
2026-05-12 14:11:55.683 [main] INFO  c.z.f.tracker.FinanceTrackerApplication  : The following 1 profile is active: "dev"
2026-05-12 14:11:56.423 [main] INFO  .s.d.r.c.RepositoryConfigurationDelegate : Multiple Spring Data modules found, entering strict repository configuration mode
2026-05-12 14:11:56.426 [main] INFO  .s.d.r.c.RepositoryConfigurationDelegate : Bootstrapping Spring Data Redis repositories in DEFAULT mode.
2026-05-12 14:11:56.459 [main] INFO  .s.d.r.c.RepositoryConfigurationDelegate : Finished Spring Data repository scanning in 10 ms. Found 0 Redis repository interfaces.
2026-05-12 14:11:57.256 [main] INFO  o.s.b.w.embedded.tomcat.TomcatWebServer  : Tomcat initialized with port 8080 (http)
2026-05-12 14:11:57.273 [main] INFO  o.a.coyote.http11.Http11NioProtocol      : Initializing ProtocolHandler ["http-nio-8080"]
2026-05-12 14:11:57.276 [main] INFO  o.apache.catalina.core.StandardService   : Starting service [Tomcat]
2026-05-12 14:11:57.276 [main] INFO  o.apache.catalina.core.StandardEngine    : Starting Servlet engine: [Apache Tomcat/10.1.49]
2026-05-12 14:11:57.339 [main] INFO  o.a.c.c.C.[Tomcat].[localhost].[/]       : Initializing Spring embedded WebApplicationContext
2026-05-12 14:11:57.339 [main] INFO  w.s.c.ServletWebServerApplicationContext : Root WebApplicationContext: initialization completed in 1628 ms
2026-05-12 14:11:57.412 [main] DEBUG c.z.f.t.filter.JwtAuthenticationFilter   : Filter 'jwtAuthenticationFilter' configured for use
2026-05-12 14:11:59.630 [main] INFO  o.a.coyote.http11.Http11NioProtocol      : Starting ProtocolHandler ["http-nio-8080"]
2026-05-12 14:11:59.674 [main] INFO  o.s.b.w.embedded.tomcat.TomcatWebServer  : Tomcat started on port 8080 (http) with context path '/'
2026-05-12 14:11:59.712 [main] INFO  c.z.f.tracker.FinanceTrackerApplication  : Started FinanceTrackerApplication in 5.473 seconds (process running for 6.539)
2026-05-12 14:12:11.802 [http-nio-8080-exec-1] INFO  o.a.c.c.C.[Tomcat].[localhost].[/]       : Initializing Spring DispatcherServlet 'dispatcherServlet'
2026-05-12 14:12:12.041 [http-nio-8080-exec-1] DEBUG c.z.f.t.filter.JwtAuthenticationFilter   : Authenticated [user=Andy, uri=/api/transactions/30/image-url]
2026-05-12 14:12:12.347 [http-nio-8080-exec-1] DEBUG c.z.f.t.m.UserMapper.findByUsername      : ==>  Preparing: SELECT * FROM users WHERE username = ?
2026-05-12 14:12:12.518 [http-nio-8080-exec-1] DEBUG c.z.f.t.m.UserMapper.findByUsername      : ==> Parameters: Andy(String)
2026-05-12 14:12:12.565 [http-nio-8080-exec-1] DEBUG c.z.f.t.m.UserMapper.findByUsername      : <==      Total: 1
2026-05-12 14:12:12.575 [http-nio-8080-exec-1] DEBUG c.z.f.t.m.TransactionMapper.findById     : ==>  Preparing: SELECT t.*, c.name as categoryName FROM transactions t LEFT JOIN categories c ON t.category_id = c.id WHERE t.id = ? AND t.user_id = ?
2026-05-12 14:12:12.579 [http-nio-8080-exec-1] DEBUG c.z.f.t.m.TransactionMapper.findById     : ==> Parameters: 30(Long), 1(Long)
2026-05-12 14:12:12.586 [http-nio-8080-exec-1] DEBUG c.z.f.t.m.TransactionMapper.findById     : <==      Total: 1
2026-05-12 14:12:37.756 [http-nio-8080-exec-3] DEBUG c.z.f.t.filter.JwtAuthenticationFilter   : Authenticated [user=Andy, uri=/api/transactions/summary]
2026-05-12 14:12:37.771 [http-nio-8080-exec-3] DEBUG c.z.f.t.m.UserMapper.findByUsername      : ==>  Preparing: SELECT * FROM users WHERE username = ?
2026-05-12 14:12:37.772 [http-nio-8080-exec-3] DEBUG c.z.f.t.m.UserMapper.findByUsername      : ==> Parameters: Andy(String)
2026-05-12 14:12:37.775 [http-nio-8080-exec-3] DEBUG c.z.f.t.m.UserMapper.findByUsername      : <==      Total: 1
2026-05-12 14:12:38.422 [http-nio-8080-exec-3] DEBUG c.z.f.t.m.T.getTotalBalance              : ==>  Preparing: SELECT COALESCE( SUM(CASE WHEN type = 'INCOME' THEN amount ELSE ABS(amount) * -1 END), 0 ) FROM transactions WHERE user_id = ?
2026-05-12 14:12:38.422 [http-nio-8080-exec-3] DEBUG c.z.f.t.m.T.getTotalBalance              : ==> Parameters: 1(Long)
2026-05-12 14:12:38.425 [http-nio-8080-exec-3] DEBUG c.z.f.t.m.T.getTotalBalance              : <==      Total: 1
2026-05-12 14:12:38.427 [http-nio-8080-exec-3] DEBUG c.z.f.t.m.T.getMonthlyBalance            : ==>  Preparing: SELECT SUM(CASE WHEN type = 'INCOME' THEN amount ELSE 0 END) as income, SUM(CASE WHEN type = 'EXPENSE' THEN ABS(amount) ELSE 0 END) as expense, SUM(CASE WHEN type = 'INCOME' THEN amount ELSE ABS(amount) * -1 END) as net FROM transactions WHERE user_id = ? AND DATE_FORMAT(date, '%Y-%m') = ?
2026-05-12 14:12:38.427 [http-nio-8080-exec-3] DEBUG c.z.f.t.m.T.getMonthlyBalance            : ==> Parameters: 1(Long), 2026-05(String)
2026-05-12 14:12:38.430 [http-nio-8080-exec-3] DEBUG c.z.f.t.m.T.getMonthlyBalance            : <==      Total: 1
2026-05-12 14:12:38.430 [http-nio-8080-exec-3] DEBUG c.z.f.t.m.T.getIncomeVsExpense           : ==>  Preparing: SELECT SUM(CASE WHEN type = 'INCOME' THEN amount ELSE 0 END) as totalIncome, SUM(CASE WHEN type = 'EXPENSE' THEN ABS(amount) ELSE 0 END) as totalExpense FROM transactions WHERE user_id = ?
2026-05-12 14:12:38.431 [http-nio-8080-exec-3] DEBUG c.z.f.t.m.T.getIncomeVsExpense           : ==> Parameters: 1(Long)
2026-05-12 14:12:38.433 [http-nio-8080-exec-3] DEBUG c.z.f.t.m.T.getIncomeVsExpense           : <==      Total: 1
2026-05-12 14:12:38.434 [http-nio-8080-exec-3] DEBUG c.z.f.t.m.T.getCategorySummary           : ==>  Preparing: SELECT c.name as name, SUM(ABS(t.amount)) as value FROM transactions t INNER JOIN categories c ON t.category_id = c.id WHERE t.user_id = ? AND t.type = ? GROUP BY c.name
2026-05-12 14:12:38.434 [http-nio-8080-exec-3] DEBUG c.z.f.t.m.T.getCategorySummary           : ==> Parameters: 1(Long), INCOME(String)
2026-05-12 14:12:38.436 [http-nio-8080-exec-3] DEBUG c.z.f.t.m.T.getCategorySummary           : <==      Total: 4
2026-05-12 14:12:38.437 [http-nio-8080-exec-3] DEBUG c.z.f.t.m.T.getCategorySummary           : ==>  Preparing: SELECT c.name as name, SUM(ABS(t.amount)) as value FROM transactions t INNER JOIN categories c ON t.category_id = c.id WHERE t.user_id = ? AND t.type = ? GROUP BY c.name
2026-05-12 14:12:38.437 [http-nio-8080-exec-3] DEBUG c.z.f.t.m.T.getCategorySummary           : ==> Parameters: 1(Long), EXPENSE(String)
2026-05-12 14:12:38.440 [http-nio-8080-exec-3] DEBUG c.z.f.t.m.T.getCategorySummary           : <==      Total: 7
2026-05-12 14:12:38.727 [http-nio-8080-exec-5] DEBUG c.z.f.t.filter.JwtAuthenticationFilter   : Authenticated [user=Andy, uri=/api/transactions/daily-trends]
2026-05-12 14:12:38.730 [http-nio-8080-exec-5] DEBUG c.z.f.t.m.UserMapper.findByUsername      : ==>  Preparing: SELECT * FROM users WHERE username = ?
2026-05-12 14:12:38.731 [http-nio-8080-exec-5] DEBUG c.z.f.t.m.UserMapper.findByUsername      : ==> Parameters: Andy(String)
2026-05-12 14:12:38.733 [http-nio-8080-exec-5] DEBUG c.z.f.t.m.UserMapper.findByUsername      : <==      Total: 1
2026-05-12 14:12:38.737 [http-nio-8080-exec-5] DEBUG c.z.f.t.m.T.getDailyTrends               : ==>  Preparing: SELECT DATE(t.date) as date, SUM(CASE WHEN t.type = 'INCOME' THEN t.amount ELSE 0 END) as income, SUM(CASE WHEN t.type = 'EXPENSE' THEN t.amount ELSE 0 END) as expense FROM transactions t WHERE t.user_id = ? AND t.date >= DATE_SUB(CURDATE(), INTERVAL ? DAY) GROUP BY DATE(t.date) ORDER BY date ASC
2026-05-12 14:12:38.739 [http-nio-8080-exec-5] DEBUG c.z.f.t.m.T.getDailyTrends               : ==> Parameters: 1(Long), 30(Integer)
2026-05-12 14:12:38.743 [http-nio-8080-exec-5] DEBUG c.z.f.t.m.T.getDailyTrends               : <==      Total: 11
2026-05-12 14:12:38.844 [http-nio-8080-exec-7] DEBUG c.z.f.t.filter.JwtAuthenticationFilter   : Authenticated [user=Andy, uri=/api/transactions/history]
2026-05-12 14:12:38.850 [http-nio-8080-exec-7] DEBUG c.z.f.t.m.UserMapper.findByUsername      : ==>  Preparing: SELECT * FROM users WHERE username = ?
2026-05-12 14:12:38.851 [http-nio-8080-exec-7] DEBUG c.z.f.t.m.UserMapper.findByUsername      : ==> Parameters: Andy(String)
2026-05-12 14:12:38.853 [http-nio-8080-exec-7] DEBUG c.z.f.t.m.UserMapper.findByUsername      : <==      Total: 1
2026-05-12 14:12:38.876 [http-nio-8080-exec-7] DEBUG c.z.f.t.m.T.findAllFiltered              : ==>  Preparing: SELECT t.*, c.name as categoryName FROM transactions t LEFT JOIN categories c ON t.category_id = c.id WHERE t.user_id = ? ORDER BY t.date DESC, t.id DESC LIMIT ? OFFSET ?
2026-05-12 14:12:38.877 [http-nio-8080-exec-7] DEBUG c.z.f.t.m.T.findAllFiltered              : ==> Parameters: 1(Long), 5(Integer), 0(Integer)
2026-05-12 14:12:38.880 [http-nio-8080-exec-7] DEBUG c.z.f.t.m.T.findAllFiltered              : <==      Total: 5
2026-05-12 14:12:38.880 [http-nio-8080-exec-7] DEBUG c.z.f.t.m.T.countFiltered                : ==>  Preparing: SELECT COUNT(*) FROM transactions t WHERE user_id = ?
2026-05-12 14:12:38.881 [http-nio-8080-exec-7] DEBUG c.z.f.t.m.T.countFiltered                : ==> Parameters: 1(Long)
2026-05-12 14:12:38.883 [http-nio-8080-exec-7] DEBUG c.z.f.t.m.T.countFiltered                : <==      Total: 1
2026-05-12 14:12:38.883 [http-nio-8080-exec-7] DEBUG c.z.f.t.c.TransactionController          : History query [userId=1, page=0, size=5, total=32]
2026-05-12 14:12:39.041 [http-nio-8080-exec-9] DEBUG c.z.f.t.filter.JwtAuthenticationFilter   : Authenticated [user=Andy, uri=/api/recurring/upcoming]
2026-05-12 14:12:39.042 [http-nio-8080-exec-9] DEBUG c.z.f.t.m.UserMapper.findByUsername      : ==>  Preparing: SELECT * FROM users WHERE username = ?
2026-05-12 14:12:39.042 [http-nio-8080-exec-9] DEBUG c.z.f.t.m.UserMapper.findByUsername      : ==> Parameters: Andy(String)
2026-05-12 14:12:39.044 [http-nio-8080-exec-9] DEBUG c.z.f.t.m.UserMapper.findByUsername      : <==      Total: 1
2026-05-12 14:12:39.045 [http-nio-8080-exec-9] DEBUG c.z.f.t.m.RecurringMapper.findUpcoming   : ==>  Preparing: SELECT r.*, c.name as categoryName FROM recurring_transactions r LEFT JOIN categories c ON r.category_id = c.id WHERE r.user_id = ? AND r.is_active = TRUE AND r.next_due_date <= DATE_ADD(CURDATE(), INTERVAL ? DAY) ORDER BY r.next_due_date ASC
2026-05-12 14:12:39.046 [http-nio-8080-exec-9] DEBUG c.z.f.t.m.RecurringMapper.findUpcoming   : ==> Parameters: 1(Long), 7(Integer)
2026-05-12 14:12:39.048 [http-nio-8080-exec-9] DEBUG c.z.f.t.m.RecurringMapper.findUpcoming   : <==      Total: 0
2026-05-12 14:12:43.113 [http-nio-8080-exec-2] DEBUG c.z.f.t.filter.JwtAuthenticationFilter   : Authenticated [user=Andy, uri=/api/categories]
2026-05-12 14:12:43.116 [http-nio-8080-exec-2] DEBUG c.z.f.t.m.UserMapper.findByUsername      : ==>  Preparing: SELECT * FROM users WHERE username = ?
2026-05-12 14:12:43.116 [http-nio-8080-exec-2] DEBUG c.z.f.t.m.UserMapper.findByUsername      : ==> Parameters: Andy(String)
2026-05-12 14:12:43.118 [http-nio-8080-exec-2] DEBUG c.z.f.t.m.UserMapper.findByUsername      : <==      Total: 1
2026-05-12 14:12:43.238 [http-nio-8080-exec-3] DEBUG c.z.f.t.filter.JwtAuthenticationFilter   : Authenticated [user=Andy, uri=/api/transactions/history]
2026-05-12 14:12:43.239 [http-nio-8080-exec-3] DEBUG c.z.f.t.m.UserMapper.findByUsername      : ==>  Preparing: SELECT * FROM users WHERE username = ?
2026-05-12 14:12:43.240 [http-nio-8080-exec-3] DEBUG c.z.f.t.m.UserMapper.findByUsername      : ==> Parameters: Andy(String)
2026-05-12 14:12:43.243 [http-nio-8080-exec-3] DEBUG c.z.f.t.m.UserMapper.findByUsername      : <==      Total: 1
2026-05-12 14:12:43.244 [http-nio-8080-exec-3] DEBUG c.z.f.t.m.T.findAllFiltered              : ==>  Preparing: SELECT t.*, c.name as categoryName FROM transactions t LEFT JOIN categories c ON t.category_id = c.id WHERE t.user_id = ? ORDER BY t.date DESC, t.id DESC LIMIT ? OFFSET ?
2026-05-12 14:12:43.245 [http-nio-8080-exec-3] DEBUG c.z.f.t.m.T.findAllFiltered              : ==> Parameters: 1(Long), 15(Integer), 0(Integer)
2026-05-12 14:12:43.257 [http-nio-8080-exec-3] DEBUG c.z.f.t.m.T.findAllFiltered              : <==      Total: 15
2026-05-12 14:12:43.258 [http-nio-8080-exec-3] DEBUG c.z.f.t.m.T.countFiltered                : ==>  Preparing: SELECT COUNT(*) FROM transactions t WHERE user_id = ?
2026-05-12 14:12:43.259 [http-nio-8080-exec-3] DEBUG c.z.f.t.m.T.countFiltered                : ==> Parameters: 1(Long)
2026-05-12 14:12:43.262 [http-nio-8080-exec-3] DEBUG c.z.f.t.m.T.countFiltered                : <==      Total: 1
2026-05-12 14:12:43.263 [http-nio-8080-exec-3] DEBUG c.z.f.t.c.TransactionController          : History query [userId=1, page=0, size=15, total=32]
2026-05-12 14:12:43.340 [http-nio-8080-exec-5] DEBUG c.z.f.t.filter.JwtAuthenticationFilter   : Authenticated [user=Andy, uri=/api/categories]
2026-05-12 14:12:43.341 [http-nio-8080-exec-5] DEBUG c.z.f.t.m.UserMapper.findByUsername      : ==>  Preparing: SELECT * FROM users WHERE username = ?
2026-05-12 14:12:43.342 [http-nio-8080-exec-5] DEBUG c.z.f.t.m.UserMapper.findByUsername      : ==> Parameters: Andy(String)
2026-05-12 14:12:43.344 [http-nio-8080-exec-5] DEBUG c.z.f.t.m.UserMapper.findByUsername      : <==      Total: 1
2026-05-12 14:12:43.879 [http-nio-8080-exec-7] DEBUG c.z.f.t.filter.JwtAuthenticationFilter   : Authenticated [user=Andy, uri=/api/transactions/34/image-url]
2026-05-12 14:12:43.881 [http-nio-8080-exec-7] DEBUG c.z.f.t.m.UserMapper.findByUsername      : ==>  Preparing: SELECT * FROM users WHERE username = ?
2026-05-12 14:12:43.882 [http-nio-8080-exec-7] DEBUG c.z.f.t.m.UserMapper.findByUsername      : ==> Parameters: Andy(String)
2026-05-12 14:12:43.884 [http-nio-8080-exec-7] DEBUG c.z.f.t.m.UserMapper.findByUsername      : <==      Total: 1
2026-05-12 14:12:43.885 [http-nio-8080-exec-7] DEBUG c.z.f.t.m.TransactionMapper.findById     : ==>  Preparing: SELECT t.*, c.name as categoryName FROM transactions t LEFT JOIN categories c ON t.category_id = c.id WHERE t.id = ? AND t.user_id = ?
2026-05-12 14:12:43.885 [http-nio-8080-exec-7] DEBUG c.z.f.t.m.TransactionMapper.findById     : ==> Parameters: 34(Long), 1(Long)
2026-05-12 14:12:43.888 [http-nio-8080-exec-7] DEBUG c.z.f.t.m.TransactionMapper.findById     : <==      Total: 1
2026-05-12 14:12:43.917 [http-nio-8080-exec-9] DEBUG c.z.f.t.filter.JwtAuthenticationFilter   : Authenticated [user=Andy, uri=/api/transactions/33/image-url]
2026-05-12 14:12:43.918 [http-nio-8080-exec-9] DEBUG c.z.f.t.m.UserMapper.findByUsername      : ==>  Preparing: SELECT * FROM users WHERE username = ?
2026-05-12 14:12:43.918 [http-nio-8080-exec-9] DEBUG c.z.f.t.m.UserMapper.findByUsername      : ==> Parameters: Andy(String)
2026-05-12 14:12:43.921 [http-nio-8080-exec-9] DEBUG c.z.f.t.m.UserMapper.findByUsername      : <==      Total: 1
2026-05-12 14:12:43.922 [http-nio-8080-exec-9] DEBUG c.z.f.t.m.TransactionMapper.findById     : ==>  Preparing: SELECT t.*, c.name as categoryName FROM transactions t LEFT JOIN categories c ON t.category_id = c.id WHERE t.id = ? AND t.user_id = ?
2026-05-12 14:12:43.923 [http-nio-8080-exec-9] DEBUG c.z.f.t.m.TransactionMapper.findById     : ==> Parameters: 33(Long), 1(Long)
2026-05-12 14:12:43.926 [http-nio-8080-exec-9] DEBUG c.z.f.t.m.TransactionMapper.findById     : <==      Total: 1
2026-05-12 14:12:44.028 [http-nio-8080-exec-2] DEBUG c.z.f.t.filter.JwtAuthenticationFilter   : Authenticated [user=Andy, uri=/api/transactions/32/image-url]
2026-05-12 14:12:44.029 [http-nio-8080-exec-2] DEBUG c.z.f.t.m.UserMapper.findByUsername      : ==>  Preparing: SELECT * FROM users WHERE username = ?
2026-05-12 14:12:44.030 [http-nio-8080-exec-2] DEBUG c.z.f.t.m.UserMapper.findByUsername      : ==> Parameters: Andy(String)
2026-05-12 14:12:44.033 [http-nio-8080-exec-2] DEBUG c.z.f.t.m.UserMapper.findByUsername      : <==      Total: 1
2026-05-12 14:12:44.034 [http-nio-8080-exec-2] DEBUG c.z.f.t.m.TransactionMapper.findById     : ==>  Preparing: SELECT t.*, c.name as categoryName FROM transactions t LEFT JOIN categories c ON t.category_id = c.id WHERE t.id = ? AND t.user_id = ?
2026-05-12 14:12:44.034 [http-nio-8080-exec-2] DEBUG c.z.f.t.m.TransactionMapper.findById     : ==> Parameters: 32(Long), 1(Long)
2026-05-12 14:12:44.038 [http-nio-8080-exec-2] DEBUG c.z.f.t.m.TransactionMapper.findById     : <==      Total: 1
2026-05-12 14:12:44.120 [http-nio-8080-exec-3] DEBUG c.z.f.t.filter.JwtAuthenticationFilter   : Authenticated [user=Andy, uri=/api/transactions/31/image-url]
2026-05-12 14:12:44.121 [http-nio-8080-exec-3] DEBUG c.z.f.t.m.UserMapper.findByUsername      : ==>  Preparing: SELECT * FROM users WHERE username = ?
2026-05-12 14:12:44.122 [http-nio-8080-exec-3] DEBUG c.z.f.t.m.UserMapper.findByUsername      : ==> Parameters: Andy(String)
2026-05-12 14:12:44.125 [http-nio-8080-exec-3] DEBUG c.z.f.t.m.UserMapper.findByUsername      : <==      Total: 1
2026-05-12 14:12:44.126 [http-nio-8080-exec-3] DEBUG c.z.f.t.m.TransactionMapper.findById     : ==>  Preparing: SELECT t.*, c.name as categoryName FROM transactions t LEFT JOIN categories c ON t.category_id = c.id WHERE t.id = ? AND t.user_id = ?
2026-05-12 14:12:44.126 [http-nio-8080-exec-3] DEBUG c.z.f.t.m.TransactionMapper.findById     : ==> Parameters: 31(Long), 1(Long)
2026-05-12 14:12:44.129 [http-nio-8080-exec-3] DEBUG c.z.f.t.m.TransactionMapper.findById     : <==      Total: 1
2026-05-12 14:12:44.213 [http-nio-8080-exec-5] DEBUG c.z.f.t.filter.JwtAuthenticationFilter   : Authenticated [user=Andy, uri=/api/transactions/30/image-url]
2026-05-12 14:12:44.214 [http-nio-8080-exec-5] DEBUG c.z.f.t.m.UserMapper.findByUsername      : ==>  Preparing: SELECT * FROM users WHERE username = ?
2026-05-12 14:12:44.215 [http-nio-8080-exec-5] DEBUG c.z.f.t.m.UserMapper.findByUsername      : ==> Parameters: Andy(String)
2026-05-12 14:12:44.217 [http-nio-8080-exec-5] DEBUG c.z.f.t.m.UserMapper.findByUsername      : <==      Total: 1
2026-05-12 14:12:44.218 [http-nio-8080-exec-5] DEBUG c.z.f.t.m.TransactionMapper.findById     : ==>  Preparing: SELECT t.*, c.name as categoryName FROM transactions t LEFT JOIN categories c ON t.category_id = c.id WHERE t.id = ? AND t.user_id = ?
2026-05-12 14:12:44.218 [http-nio-8080-exec-5] DEBUG c.z.f.t.m.TransactionMapper.findById     : ==> Parameters: 30(Long), 1(Long)
2026-05-12 14:12:44.221 [http-nio-8080-exec-5] DEBUG c.z.f.t.m.TransactionMapper.findById     : <==      Total: 1
2026-05-12 14:12:44.288 [http-nio-8080-exec-7] DEBUG c.z.f.t.filter.JwtAuthenticationFilter   : Authenticated [user=Andy, uri=/api/transactions/29/image-url]
2026-05-12 14:12:44.289 [http-nio-8080-exec-7] DEBUG c.z.f.t.m.UserMapper.findByUsername      : ==>  Preparing: SELECT * FROM users WHERE username = ?
2026-05-12 14:12:44.290 [http-nio-8080-exec-7] DEBUG c.z.f.t.m.UserMapper.findByUsername      : ==> Parameters: Andy(String)
2026-05-12 14:12:44.292 [http-nio-8080-exec-7] DEBUG c.z.f.t.m.UserMapper.findByUsername      : <==      Total: 1
2026-05-12 14:12:44.293 [http-nio-8080-exec-7] DEBUG c.z.f.t.m.TransactionMapper.findById     : ==>  Preparing: SELECT t.*, c.name as categoryName FROM transactions t LEFT JOIN categories c ON t.category_id = c.id WHERE t.id = ? AND t.user_id = ?
2026-05-12 14:12:44.294 [http-nio-8080-exec-7] DEBUG c.z.f.t.m.TransactionMapper.findById     : ==> Parameters: 29(Long), 1(Long)
2026-05-12 14:12:44.297 [http-nio-8080-exec-7] DEBUG c.z.f.t.m.TransactionMapper.findById     : <==      Total: 1
2026-05-12 14:12:48.830 [http-nio-8080-exec-9] DEBUG c.z.f.t.filter.JwtAuthenticationFilter   : Authenticated [user=Andy, uri=/api/transactions/28/image-url]
2026-05-12 14:12:48.831 [http-nio-8080-exec-9] DEBUG c.z.f.t.m.UserMapper.findByUsername      : ==>  Preparing: SELECT * FROM users WHERE username = ?
2026-05-12 14:12:48.831 [http-nio-8080-exec-9] DEBUG c.z.f.t.m.UserMapper.findByUsername      : ==> Parameters: Andy(String)
2026-05-12 14:12:48.833 [http-nio-8080-exec-9] DEBUG c.z.f.t.m.UserMapper.findByUsername      : <==      Total: 1
2026-05-12 14:12:48.834 [http-nio-8080-exec-9] DEBUG c.z.f.t.m.TransactionMapper.findById     : ==>  Preparing: SELECT t.*, c.name as categoryName FROM transactions t LEFT JOIN categories c ON t.category_id = c.id WHERE t.id = ? AND t.user_id = ?
2026-05-12 14:12:48.834 [http-nio-8080-exec-9] DEBUG c.z.f.t.m.TransactionMapper.findById     : ==> Parameters: 28(Long), 1(Long)
2026-05-12 14:12:48.836 [http-nio-8080-exec-9] DEBUG c.z.f.t.m.TransactionMapper.findById     : <==      Total: 1
2026-05-12 14:12:48.998 [http-nio-8080-exec-2] DEBUG c.z.f.t.filter.JwtAuthenticationFilter   : Authenticated [user=Andy, uri=/api/transactions/24/image-url]
2026-05-12 14:12:49.000 [http-nio-8080-exec-2] DEBUG c.z.f.t.m.UserMapper.findByUsername      : ==>  Preparing: SELECT * FROM users WHERE username = ?
2026-05-12 14:12:49.000 [http-nio-8080-exec-2] DEBUG c.z.f.t.m.UserMapper.findByUsername      : ==> Parameters: Andy(String)
2026-05-12 14:12:49.004 [http-nio-8080-exec-2] DEBUG c.z.f.t.m.UserMapper.findByUsername      : <==      Total: 1
2026-05-12 14:12:49.005 [http-nio-8080-exec-2] DEBUG c.z.f.t.m.TransactionMapper.findById     : ==>  Preparing: SELECT t.*, c.name as categoryName FROM transactions t LEFT JOIN categories c ON t.category_id = c.id WHERE t.id = ? AND t.user_id = ?
2026-05-12 14:12:49.006 [http-nio-8080-exec-2] DEBUG c.z.f.t.m.TransactionMapper.findById     : ==> Parameters: 24(Long), 1(Long)
2026-05-12 14:12:49.010 [http-nio-8080-exec-2] DEBUG c.z.f.t.m.TransactionMapper.findById     : <==      Total: 1
2026-05-12 14:12:49.569 [http-nio-8080-exec-3] DEBUG c.z.f.t.filter.JwtAuthenticationFilter   : Authenticated [user=Andy, uri=/api/transactions/23/image-url]
2026-05-12 14:12:49.571 [http-nio-8080-exec-3] DEBUG c.z.f.t.m.UserMapper.findByUsername      : ==>  Preparing: SELECT * FROM users WHERE username = ?
2026-05-12 14:12:49.572 [http-nio-8080-exec-3] DEBUG c.z.f.t.m.UserMapper.findByUsername      : ==> Parameters: Andy(String)
2026-05-12 14:12:49.575 [http-nio-8080-exec-3] DEBUG c.z.f.t.m.UserMapper.findByUsername      : <==      Total: 1
2026-05-12 14:12:49.576 [http-nio-8080-exec-3] DEBUG c.z.f.t.m.TransactionMapper.findById     : ==>  Preparing: SELECT t.*, c.name as categoryName FROM transactions t LEFT JOIN categories c ON t.category_id = c.id WHERE t.id = ? AND t.user_id = ?
2026-05-12 14:12:49.576 [http-nio-8080-exec-3] DEBUG c.z.f.t.m.TransactionMapper.findById     : ==> Parameters: 23(Long), 1(Long)
2026-05-12 14:12:49.578 [http-nio-8080-exec-3] DEBUG c.z.f.t.m.TransactionMapper.findById     : <==      Total: 1
2026-05-12 14:12:49.991 [http-nio-8080-exec-5] DEBUG c.z.f.t.filter.JwtAuthenticationFilter   : Authenticated [user=Andy, uri=/api/transactions/34/image-url]
2026-05-12 14:12:49.992 [http-nio-8080-exec-5] DEBUG c.z.f.t.m.UserMapper.findByUsername      : ==>  Preparing: SELECT * FROM users WHERE username = ?
2026-05-12 14:12:49.992 [http-nio-8080-exec-5] DEBUG c.z.f.t.m.UserMapper.findByUsername      : ==> Parameters: Andy(String)
2026-05-12 14:12:49.993 [http-nio-8080-exec-5] DEBUG c.z.f.t.m.UserMapper.findByUsername      : <==      Total: 1
2026-05-12 14:12:49.994 [http-nio-8080-exec-5] DEBUG c.z.f.t.m.TransactionMapper.findById     : ==>  Preparing: SELECT t.*, c.name as categoryName FROM transactions t LEFT JOIN categories c ON t.category_id = c.id WHERE t.id = ? AND t.user_id = ?
2026-05-12 14:12:49.994 [http-nio-8080-exec-5] DEBUG c.z.f.t.m.TransactionMapper.findById     : ==> Parameters: 34(Long), 1(Long)
2026-05-12 14:12:49.995 [http-nio-8080-exec-5] DEBUG c.z.f.t.m.TransactionMapper.findById     : <==      Total: 1
2026-05-12 14:12:51.537 [http-nio-8080-exec-7] DEBUG c.z.f.t.filter.JwtAuthenticationFilter   : Authenticated [user=Andy, uri=/api/transactions/28/image-url]
2026-05-12 14:12:51.539 [http-nio-8080-exec-7] DEBUG c.z.f.t.m.UserMapper.findByUsername      : ==>  Preparing: SELECT * FROM users WHERE username = ?
2026-05-12 14:12:51.540 [http-nio-8080-exec-7] DEBUG c.z.f.t.m.UserMapper.findByUsername      : ==> Parameters: Andy(String)
2026-05-12 14:12:51.542 [http-nio-8080-exec-7] DEBUG c.z.f.t.m.UserMapper.findByUsername      : <==      Total: 1
2026-05-12 14:12:51.542 [http-nio-8080-exec-7] DEBUG c.z.f.t.m.TransactionMapper.findById     : ==>  Preparing: SELECT t.*, c.name as categoryName FROM transactions t LEFT JOIN categories c ON t.category_id = c.id WHERE t.id = ? AND t.user_id = ?
2026-05-12 14:12:51.542 [http-nio-8080-exec-7] DEBUG c.z.f.t.m.TransactionMapper.findById     : ==> Parameters: 28(Long), 1(Long)
2026-05-12 14:12:51.544 [http-nio-8080-exec-7] DEBUG c.z.f.t.m.TransactionMapper.findById     : <==      Total: 1
2026-05-12 14:12:51.692 [http-nio-8080-exec-9] DEBUG c.z.f.t.filter.JwtAuthenticationFilter   : Authenticated [user=Andy, uri=/api/transactions/24/image-url]
2026-05-12 14:12:51.693 [http-nio-8080-exec-9] DEBUG c.z.f.t.m.UserMapper.findByUsername      : ==>  Preparing: SELECT * FROM users WHERE username = ?
2026-05-12 14:12:51.693 [http-nio-8080-exec-9] DEBUG c.z.f.t.m.UserMapper.findByUsername      : ==> Parameters: Andy(String)
2026-05-12 14:12:51.695 [http-nio-8080-exec-9] DEBUG c.z.f.t.m.UserMapper.findByUsername      : <==      Total: 1
2026-05-12 14:12:51.695 [http-nio-8080-exec-9] DEBUG c.z.f.t.m.TransactionMapper.findById     : ==>  Preparing: SELECT t.*, c.name as categoryName FROM transactions t LEFT JOIN categories c ON t.category_id = c.id WHERE t.id = ? AND t.user_id = ?
2026-05-12 14:12:51.696 [http-nio-8080-exec-9] DEBUG c.z.f.t.m.TransactionMapper.findById     : ==> Parameters: 24(Long), 1(Long)
2026-05-12 14:12:51.698 [http-nio-8080-exec-9] DEBUG c.z.f.t.m.TransactionMapper.findById     : <==      Total: 1
2026-05-12 14:12:52.506 [http-nio-8080-exec-2] DEBUG c.z.f.t.filter.JwtAuthenticationFilter   : Authenticated [user=Andy, uri=/api/transactions/28/image-url]
2026-05-12 14:12:52.507 [http-nio-8080-exec-2] DEBUG c.z.f.t.m.UserMapper.findByUsername      : ==>  Preparing: SELECT * FROM users WHERE username = ?
2026-05-12 14:12:52.508 [http-nio-8080-exec-2] DEBUG c.z.f.t.m.UserMapper.findByUsername      : ==> Parameters: Andy(String)
2026-05-12 14:12:52.509 [http-nio-8080-exec-2] DEBUG c.z.f.t.m.UserMapper.findByUsername      : <==      Total: 1
2026-05-12 14:12:52.510 [http-nio-8080-exec-2] DEBUG c.z.f.t.m.TransactionMapper.findById     : ==>  Preparing: SELECT t.*, c.name as categoryName FROM transactions t LEFT JOIN categories c ON t.category_id = c.id WHERE t.id = ? AND t.user_id = ?
2026-05-12 14:12:52.510 [http-nio-8080-exec-2] DEBUG c.z.f.t.m.TransactionMapper.findById     : ==> Parameters: 28(Long), 1(Long)
2026-05-12 14:12:52.512 [http-nio-8080-exec-2] DEBUG c.z.f.t.m.TransactionMapper.findById     : <==      Total: 1
2026-05-12 14:12:53.191 [http-nio-8080-exec-3] DEBUG c.z.f.t.filter.JwtAuthenticationFilter   : Authenticated [user=Andy, uri=/api/transactions/28/image-url]
2026-05-12 14:12:53.194 [http-nio-8080-exec-3] DEBUG c.z.f.t.m.UserMapper.findByUsername      : ==>  Preparing: SELECT * FROM users WHERE username = ?
2026-05-12 14:12:53.194 [http-nio-8080-exec-3] DEBUG c.z.f.t.m.UserMapper.findByUsername      : ==> Parameters: Andy(String)
2026-05-12 14:12:53.197 [http-nio-8080-exec-3] DEBUG c.z.f.t.m.UserMapper.findByUsername      : <==      Total: 1
2026-05-12 14:12:53.198 [http-nio-8080-exec-3] DEBUG c.z.f.t.m.TransactionMapper.findById     : ==>  Preparing: SELECT t.*, c.name as categoryName FROM transactions t LEFT JOIN categories c ON t.category_id = c.id WHERE t.id = ? AND t.user_id = ?
2026-05-12 14:12:53.198 [http-nio-8080-exec-3] DEBUG c.z.f.t.m.TransactionMapper.findById     : ==> Parameters: 28(Long), 1(Long)
2026-05-12 14:12:53.201 [http-nio-8080-exec-3] DEBUG c.z.f.t.m.TransactionMapper.findById     : <==      Total: 1
2026-05-12 14:12:53.322 [http-nio-8080-exec-5] DEBUG c.z.f.t.filter.JwtAuthenticationFilter   : Authenticated [user=Andy, uri=/api/transactions/24/image-url]
2026-05-12 14:12:53.322 [http-nio-8080-exec-5] DEBUG c.z.f.t.m.UserMapper.findByUsername      : ==>  Preparing: SELECT * FROM users WHERE username = ?
2026-05-12 14:12:53.323 [http-nio-8080-exec-5] DEBUG c.z.f.t.m.UserMapper.findByUsername      : ==> Parameters: Andy(String)
2026-05-12 14:12:53.324 [http-nio-8080-exec-5] DEBUG c.z.f.t.m.UserMapper.findByUsername      : <==      Total: 1
2026-05-12 14:12:53.324 [http-nio-8080-exec-5] DEBUG c.z.f.t.m.TransactionMapper.findById     : ==>  Preparing: SELECT t.*, c.name as categoryName FROM transactions t LEFT JOIN categories c ON t.category_id = c.id WHERE t.id = ? AND t.user_id = ?
2026-05-12 14:12:53.325 [http-nio-8080-exec-5] DEBUG c.z.f.t.m.TransactionMapper.findById     : ==> Parameters: 24(Long), 1(Long)
2026-05-12 14:12:53.326 [http-nio-8080-exec-5] DEBUG c.z.f.t.m.TransactionMapper.findById     : <==      Total: 1
2026-05-12 14:12:53.358 [http-nio-8080-exec-7] DEBUG c.z.f.t.filter.JwtAuthenticationFilter   : Authenticated [user=Andy, uri=/api/transactions/23/image-url]
2026-05-12 14:12:53.359 [http-nio-8080-exec-7] DEBUG c.z.f.t.m.UserMapper.findByUsername      : ==>  Preparing: SELECT * FROM users WHERE username = ?
2026-05-12 14:12:53.360 [http-nio-8080-exec-7] DEBUG c.z.f.t.m.UserMapper.findByUsername      : ==> Parameters: Andy(String)
2026-05-12 14:12:53.362 [http-nio-8080-exec-7] DEBUG c.z.f.t.m.UserMapper.findByUsername      : <==      Total: 1
2026-05-12 14:12:53.362 [http-nio-8080-exec-7] DEBUG c.z.f.t.m.TransactionMapper.findById     : ==>  Preparing: SELECT t.*, c.name as categoryName FROM transactions t LEFT JOIN categories c ON t.category_id = c.id WHERE t.id = ? AND t.user_id = ?
2026-05-12 14:12:53.362 [http-nio-8080-exec-7] DEBUG c.z.f.t.m.TransactionMapper.findById     : ==> Parameters: 23(Long), 1(Long)
2026-05-12 14:12:53.365 [http-nio-8080-exec-7] DEBUG c.z.f.t.m.TransactionMapper.findById     : <==      Total: 1
2026-05-12 14:12:54.644 [http-nio-8080-exec-9] DEBUG c.z.f.t.filter.JwtAuthenticationFilter   : Authenticated [user=Andy, uri=/api/transactions/24/image-url]
2026-05-12 14:12:54.646 [http-nio-8080-exec-9] DEBUG c.z.f.t.m.UserMapper.findByUsername      : ==>  Preparing: SELECT * FROM users WHERE username = ?
2026-05-12 14:12:54.647 [http-nio-8080-exec-9] DEBUG c.z.f.t.m.UserMapper.findByUsername      : ==> Parameters: Andy(String)
2026-05-12 14:12:54.652 [http-nio-8080-exec-9] DEBUG c.z.f.t.m.UserMapper.findByUsername      : <==      Total: 1
2026-05-12 14:12:54.661 [http-nio-8080-exec-9] DEBUG c.z.f.t.m.TransactionMapper.findById     : ==>  Preparing: SELECT t.*, c.name as categoryName FROM transactions t LEFT JOIN categories c ON t.category_id = c.id WHERE t.id = ? AND t.user_id = ?
2026-05-12 14:12:54.662 [http-nio-8080-exec-9] DEBUG c.z.f.t.m.TransactionMapper.findById     : ==> Parameters: 24(Long), 1(Long)
2026-05-12 14:12:54.664 [http-nio-8080-exec-9] DEBUG c.z.f.t.m.TransactionMapper.findById     : <==      Total: 1
2026-05-12 14:12:54.684 [http-nio-8080-exec-2] DEBUG c.z.f.t.filter.JwtAuthenticationFilter   : Authenticated [user=Andy, uri=/api/transactions/28/image-url]
2026-05-12 14:12:54.685 [http-nio-8080-exec-2] DEBUG c.z.f.t.m.UserMapper.findByUsername      : ==>  Preparing: SELECT * FROM users WHERE username = ?
2026-05-12 14:12:54.685 [http-nio-8080-exec-2] DEBUG c.z.f.t.m.UserMapper.findByUsername      : ==> Parameters: Andy(String)
2026-05-12 14:12:54.687 [http-nio-8080-exec-2] DEBUG c.z.f.t.m.UserMapper.findByUsername      : <==      Total: 1
2026-05-12 14:12:54.687 [http-nio-8080-exec-2] DEBUG c.z.f.t.m.TransactionMapper.findById     : ==>  Preparing: SELECT t.*, c.name as categoryName FROM transactions t LEFT JOIN categories c ON t.category_id = c.id WHERE t.id = ? AND t.user_id = ?
2026-05-12 14:12:54.687 [http-nio-8080-exec-2] DEBUG c.z.f.t.m.TransactionMapper.findById     : ==> Parameters: 28(Long), 1(Long)
2026-05-12 14:12:54.689 [http-nio-8080-exec-2] DEBUG c.z.f.t.m.TransactionMapper.findById     : <==      Total: 1
2026-05-12 14:12:54.709 [http-nio-8080-exec-3] DEBUG c.z.f.t.filter.JwtAuthenticationFilter   : Authenticated [user=Andy, uri=/api/transactions/29/image-url]
2026-05-12 14:12:54.710 [http-nio-8080-exec-3] DEBUG c.z.f.t.m.UserMapper.findByUsername      : ==>  Preparing: SELECT * FROM users WHERE username = ?
2026-05-12 14:12:54.710 [http-nio-8080-exec-3] DEBUG c.z.f.t.m.UserMapper.findByUsername      : ==> Parameters: Andy(String)
2026-05-12 14:12:54.712 [http-nio-8080-exec-3] DEBUG c.z.f.t.m.UserMapper.findByUsername      : <==      Total: 1
2026-05-12 14:12:54.712 [http-nio-8080-exec-3] DEBUG c.z.f.t.m.TransactionMapper.findById     : ==>  Preparing: SELECT t.*, c.name as categoryName FROM transactions t LEFT JOIN categories c ON t.category_id = c.id WHERE t.id = ? AND t.user_id = ?
2026-05-12 14:12:54.713 [http-nio-8080-exec-3] DEBUG c.z.f.t.m.TransactionMapper.findById     : ==> Parameters: 29(Long), 1(Long)
2026-05-12 14:12:54.714 [http-nio-8080-exec-3] DEBUG c.z.f.t.m.TransactionMapper.findById     : <==      Total: 1
2026-05-12 14:12:54.733 [http-nio-8080-exec-5] DEBUG c.z.f.t.filter.JwtAuthenticationFilter   : Authenticated [user=Andy, uri=/api/transactions/30/image-url]
2026-05-12 14:12:54.734 [http-nio-8080-exec-5] DEBUG c.z.f.t.m.UserMapper.findByUsername      : ==>  Preparing: SELECT * FROM users WHERE username = ?
2026-05-12 14:12:54.734 [http-nio-8080-exec-5] DEBUG c.z.f.t.m.UserMapper.findByUsername      : ==> Parameters: Andy(String)
2026-05-12 14:12:54.735 [http-nio-8080-exec-5] DEBUG c.z.f.t.m.UserMapper.findByUsername      : <==      Total: 1
2026-05-12 14:12:54.736 [http-nio-8080-exec-5] DEBUG c.z.f.t.m.TransactionMapper.findById     : ==>  Preparing: SELECT t.*, c.name as categoryName FROM transactions t LEFT JOIN categories c ON t.category_id = c.id WHERE t.id = ? AND t.user_id = ?
2026-05-12 14:12:54.736 [http-nio-8080-exec-5] DEBUG c.z.f.t.m.TransactionMapper.findById     : ==> Parameters: 30(Long), 1(Long)
2026-05-12 14:12:54.738 [http-nio-8080-exec-5] DEBUG c.z.f.t.m.TransactionMapper.findById     : <==      Total: 1
2026-05-12 14:12:54.829 [http-nio-8080-exec-7] DEBUG c.z.f.t.filter.JwtAuthenticationFilter   : Authenticated [user=Andy, uri=/api/transactions/31/image-url]
2026-05-12 14:12:54.829 [http-nio-8080-exec-7] DEBUG c.z.f.t.m.UserMapper.findByUsername      : ==>  Preparing: SELECT * FROM users WHERE username = ?
2026-05-12 14:12:54.830 [http-nio-8080-exec-7] DEBUG c.z.f.t.m.UserMapper.findByUsername      : ==> Parameters: Andy(String)
2026-05-12 14:12:54.831 [http-nio-8080-exec-7] DEBUG c.z.f.t.m.UserMapper.findByUsername      : <==      Total: 1
2026-05-12 14:12:54.831 [http-nio-8080-exec-7] DEBUG c.z.f.t.m.TransactionMapper.findById     : ==>  Preparing: SELECT t.*, c.name as categoryName FROM transactions t LEFT JOIN categories c ON t.category_id = c.id WHERE t.id = ? AND t.user_id = ?
2026-05-12 14:12:54.832 [http-nio-8080-exec-7] DEBUG c.z.f.t.m.TransactionMapper.findById     : ==> Parameters: 31(Long), 1(Long)
2026-05-12 14:12:54.833 [http-nio-8080-exec-7] DEBUG c.z.f.t.m.TransactionMapper.findById     : <==      Total: 1
2026-05-12 14:12:54.889 [http-nio-8080-exec-9] DEBUG c.z.f.t.filter.JwtAuthenticationFilter   : Authenticated [user=Andy, uri=/api/transactions/32/image-url]
2026-05-12 14:12:54.890 [http-nio-8080-exec-9] DEBUG c.z.f.t.m.UserMapper.findByUsername      : ==>  Preparing: SELECT * FROM users WHERE username = ?
2026-05-12 14:12:54.890 [http-nio-8080-exec-9] DEBUG c.z.f.t.m.UserMapper.findByUsername      : ==> Parameters: Andy(String)
2026-05-12 14:12:54.892 [http-nio-8080-exec-9] DEBUG c.z.f.t.m.UserMapper.findByUsername      : <==      Total: 1
2026-05-12 14:12:54.892 [http-nio-8080-exec-9] DEBUG c.z.f.t.m.TransactionMapper.findById     : ==>  Preparing: SELECT t.*, c.name as categoryName FROM transactions t LEFT JOIN categories c ON t.category_id = c.id WHERE t.id = ? AND t.user_id = ?
2026-05-12 14:12:54.892 [http-nio-8080-exec-9] DEBUG c.z.f.t.m.TransactionMapper.findById     : ==> Parameters: 32(Long), 1(Long)
2026-05-12 14:12:54.894 [http-nio-8080-exec-9] DEBUG c.z.f.t.m.TransactionMapper.findById     : <==      Total: 1
2026-05-12 14:12:56.620 [http-nio-8080-exec-2] DEBUG c.z.f.t.filter.JwtAuthenticationFilter   : Authenticated [user=Andy, uri=/api/transactions/33/image-url]
2026-05-12 14:12:56.623 [http-nio-8080-exec-2] DEBUG c.z.f.t.m.UserMapper.findByUsername      : ==>  Preparing: SELECT * FROM users WHERE username = ?
2026-05-12 14:12:56.623 [http-nio-8080-exec-2] DEBUG c.z.f.t.m.UserMapper.findByUsername      : ==> Parameters: Andy(String)
2026-05-12 14:12:56.625 [http-nio-8080-exec-2] DEBUG c.z.f.t.m.UserMapper.findByUsername      : <==      Total: 1
2026-05-12 14:12:56.626 [http-nio-8080-exec-2] DEBUG c.z.f.t.m.TransactionMapper.findById     : ==>  Preparing: SELECT t.*, c.name as categoryName FROM transactions t LEFT JOIN categories c ON t.category_id = c.id WHERE t.id = ? AND t.user_id = ?
2026-05-12 14:12:56.626 [http-nio-8080-exec-2] DEBUG c.z.f.t.m.TransactionMapper.findById     : ==> Parameters: 33(Long), 1(Long)
2026-05-12 14:12:56.629 [http-nio-8080-exec-2] DEBUG c.z.f.t.m.TransactionMapper.findById     : <==      Total: 1
2026-05-12 14:12:56.847 [http-nio-8080-exec-3] DEBUG c.z.f.t.filter.JwtAuthenticationFilter   : Authenticated [user=Andy, uri=/api/transactions/34/image-url]
2026-05-12 14:12:56.848 [http-nio-8080-exec-3] DEBUG c.z.f.t.m.UserMapper.findByUsername      : ==>  Preparing: SELECT * FROM users WHERE username = ?
2026-05-12 14:12:56.848 [http-nio-8080-exec-3] DEBUG c.z.f.t.m.UserMapper.findByUsername      : ==> Parameters: Andy(String)
2026-05-12 14:12:56.850 [http-nio-8080-exec-3] DEBUG c.z.f.t.m.UserMapper.findByUsername      : <==      Total: 1
2026-05-12 14:12:56.851 [http-nio-8080-exec-3] DEBUG c.z.f.t.m.TransactionMapper.findById     : ==>  Preparing: SELECT t.*, c.name as categoryName FROM transactions t LEFT JOIN categories c ON t.category_id = c.id WHERE t.id = ? AND t.user_id = ?
2026-05-12 14:12:56.851 [http-nio-8080-exec-3] DEBUG c.z.f.t.m.TransactionMapper.findById     : ==> Parameters: 34(Long), 1(Long)
2026-05-12 14:12:56.853 [http-nio-8080-exec-3] DEBUG c.z.f.t.m.TransactionMapper.findById     : <==      Total: 1
2026-05-12 14:13:02.082 [http-nio-8080-exec-5] DEBUG c.z.f.t.filter.JwtAuthenticationFilter   : Authenticated [user=Andy, uri=/api/transactions/trends]
2026-05-12 14:13:02.084 [http-nio-8080-exec-5] DEBUG c.z.f.t.m.UserMapper.findByUsername      : ==>  Preparing: SELECT * FROM users WHERE username = ?
2026-05-12 14:13:02.084 [http-nio-8080-exec-5] DEBUG c.z.f.t.m.UserMapper.findByUsername      : ==> Parameters: Andy(String)
2026-05-12 14:13:02.086 [http-nio-8080-exec-5] DEBUG c.z.f.t.m.UserMapper.findByUsername      : <==      Total: 1
2026-05-12 14:13:02.092 [http-nio-8080-exec-5] DEBUG c.z.f.t.m.T.getTimeSeriesData            : ==>  Preparing: SELECT DATE_FORMAT(date, '%Y-%m') as timeLabel, SUM(ABS(amount)) as total FROM transactions WHERE user_id = ? AND type = ? GROUP BY timeLabel ORDER BY timeLabel ASC
2026-05-12 14:13:02.093 [http-nio-8080-exec-5] DEBUG c.z.f.t.m.T.getTimeSeriesData            : ==> Parameters: 1(Long), INCOME(String)
2026-05-12 14:13:02.096 [http-nio-8080-exec-5] DEBUG c.z.f.t.m.T.getTimeSeriesData            : <==      Total: 4
2026-05-12 14:13:02.233 [http-nio-8080-exec-7] DEBUG c.z.f.t.filter.JwtAuthenticationFilter   : Authenticated [user=Andy, uri=/api/transactions/trends]
2026-05-12 14:13:02.234 [http-nio-8080-exec-7] DEBUG c.z.f.t.m.UserMapper.findByUsername      : ==>  Preparing: SELECT * FROM users WHERE username = ?
2026-05-12 14:13:02.234 [http-nio-8080-exec-7] DEBUG c.z.f.t.m.UserMapper.findByUsername      : ==> Parameters: Andy(String)
2026-05-12 14:13:02.235 [http-nio-8080-exec-7] DEBUG c.z.f.t.m.UserMapper.findByUsername      : <==      Total: 1
2026-05-12 14:13:02.239 [http-nio-8080-exec-7] DEBUG c.z.f.t.m.T.getTimeSeriesData            : ==>  Preparing: SELECT DATE_FORMAT(date, '%Y-%m') as timeLabel, SUM(ABS(amount)) as total FROM transactions WHERE user_id = ? AND type = ? GROUP BY timeLabel ORDER BY timeLabel ASC
2026-05-12 14:13:02.239 [http-nio-8080-exec-7] DEBUG c.z.f.t.m.T.getTimeSeriesData            : ==> Parameters: 1(Long), EXPENSE(String)
2026-05-12 14:13:02.241 [http-nio-8080-exec-7] DEBUG c.z.f.t.m.T.getTimeSeriesData            : <==      Total: 5
2026-05-12 14:13:02.357 [http-nio-8080-exec-9] DEBUG c.z.f.t.filter.JwtAuthenticationFilter   : Authenticated [user=Andy, uri=/api/transactions/summary]
2026-05-12 14:13:02.358 [http-nio-8080-exec-9] DEBUG c.z.f.t.m.UserMapper.findByUsername      : ==>  Preparing: SELECT * FROM users WHERE username = ?
2026-05-12 14:13:02.359 [http-nio-8080-exec-9] DEBUG c.z.f.t.m.UserMapper.findByUsername      : ==> Parameters: Andy(String)
2026-05-12 14:13:02.361 [http-nio-8080-exec-9] DEBUG c.z.f.t.m.UserMapper.findByUsername      : <==      Total: 1
2026-05-12 14:13:03.652 [http-nio-8080-exec-2] DEBUG c.z.f.t.filter.JwtAuthenticationFilter   : Authenticated [user=Andy, uri=/api/profile]
2026-05-12 14:13:03.654 [http-nio-8080-exec-2] DEBUG c.z.f.t.m.UserMapper.findByUsername      : ==>  Preparing: SELECT * FROM users WHERE username = ?
2026-05-12 14:13:03.654 [http-nio-8080-exec-2] DEBUG c.z.f.t.m.UserMapper.findByUsername      : ==> Parameters: Andy(String)
2026-05-12 14:13:03.657 [http-nio-8080-exec-2] DEBUG c.z.f.t.m.UserMapper.findByUsername      : <==      Total: 1
2026-05-12 14:13:03.802 [http-nio-8080-exec-3] DEBUG c.z.f.t.filter.JwtAuthenticationFilter   : Authenticated [user=Andy, uri=/api/profile/avatar-url]
2026-05-12 14:13:03.812 [http-nio-8080-exec-3] WARN  .w.s.m.s.DefaultHandlerExceptionResolver : Resolved [org.springframework.web.bind.MissingPathVariableException: Required URI template variable 'id' for method parameter type Long is not present]
2026-05-12 14:13:12.165 [http-nio-8080-exec-5] DEBUG c.z.f.t.filter.JwtAuthenticationFilter   : Authenticated [user=Andy, uri=/api/categories]
2026-05-12 14:13:12.167 [http-nio-8080-exec-5] DEBUG c.z.f.t.m.UserMapper.findByUsername      : ==>  Preparing: SELECT * FROM users WHERE username = ?
2026-05-12 14:13:12.167 [http-nio-8080-exec-5] DEBUG c.z.f.t.m.UserMapper.findByUsername      : ==> Parameters: Andy(String)
2026-05-12 14:13:12.169 [http-nio-8080-exec-5] DEBUG c.z.f.t.m.UserMapper.findByUsername      : <==      Total: 1
2026-05-12 14:13:12.253 [http-nio-8080-exec-7] DEBUG c.z.f.t.filter.JwtAuthenticationFilter   : Authenticated [user=Andy, uri=/api/transactions/history]
2026-05-12 14:13:12.255 [http-nio-8080-exec-7] DEBUG c.z.f.t.m.UserMapper.findByUsername      : ==>  Preparing: SELECT * FROM users WHERE username = ?
2026-05-12 14:13:12.256 [http-nio-8080-exec-7] DEBUG c.z.f.t.m.UserMapper.findByUsername      : ==> Parameters: Andy(String)
2026-05-12 14:13:12.258 [http-nio-8080-exec-7] DEBUG c.z.f.t.m.UserMapper.findByUsername      : <==      Total: 1
2026-05-12 14:13:12.259 [http-nio-8080-exec-7] DEBUG c.z.f.t.m.T.findAllFiltered              : ==>  Preparing: SELECT t.*, c.name as categoryName FROM transactions t LEFT JOIN categories c ON t.category_id = c.id WHERE t.user_id = ? ORDER BY t.date DESC, t.id DESC LIMIT ? OFFSET ?
2026-05-12 14:13:12.259 [http-nio-8080-exec-7] DEBUG c.z.f.t.m.T.findAllFiltered              : ==> Parameters: 1(Long), 15(Integer), 0(Integer)
2026-05-12 14:13:12.263 [http-nio-8080-exec-7] DEBUG c.z.f.t.m.T.findAllFiltered              : <==      Total: 15
2026-05-12 14:13:12.264 [http-nio-8080-exec-7] DEBUG c.z.f.t.m.T.countFiltered                : ==>  Preparing: SELECT COUNT(*) FROM transactions t WHERE user_id = ?
2026-05-12 14:13:12.264 [http-nio-8080-exec-7] DEBUG c.z.f.t.m.T.countFiltered                : ==> Parameters: 1(Long)
2026-05-12 14:13:12.266 [http-nio-8080-exec-7] DEBUG c.z.f.t.m.T.countFiltered                : <==      Total: 1
2026-05-12 14:13:12.266 [http-nio-8080-exec-7] DEBUG c.z.f.t.c.TransactionController          : History query [userId=1, page=0, size=15, total=32]
2026-05-12 14:13:12.333 [http-nio-8080-exec-9] DEBUG c.z.f.t.filter.JwtAuthenticationFilter   : Authenticated [user=Andy, uri=/api/categories]
2026-05-12 14:13:12.334 [http-nio-8080-exec-9] DEBUG c.z.f.t.m.UserMapper.findByUsername      : ==>  Preparing: SELECT * FROM users WHERE username = ?
2026-05-12 14:13:12.334 [http-nio-8080-exec-9] DEBUG c.z.f.t.m.UserMapper.findByUsername      : ==> Parameters: Andy(String)
2026-05-12 14:13:12.337 [http-nio-8080-exec-9] DEBUG c.z.f.t.m.UserMapper.findByUsername      : <==      Total: 1
2026-05-12 14:13:12.462 [http-nio-8080-exec-2] DEBUG c.z.f.t.filter.JwtAuthenticationFilter   : Authenticated [user=Andy, uri=/api/transactions/34/image-url]
2026-05-12 14:13:12.463 [http-nio-8080-exec-2] DEBUG c.z.f.t.m.UserMapper.findByUsername      : ==>  Preparing: SELECT * FROM users WHERE username = ?
2026-05-12 14:13:12.463 [http-nio-8080-exec-2] DEBUG c.z.f.t.m.UserMapper.findByUsername      : ==> Parameters: Andy(String)
2026-05-12 14:13:12.465 [http-nio-8080-exec-2] DEBUG c.z.f.t.m.UserMapper.findByUsername      : <==      Total: 1
2026-05-12 14:13:12.465 [http-nio-8080-exec-2] DEBUG c.z.f.t.m.TransactionMapper.findById     : ==>  Preparing: SELECT t.*, c.name as categoryName FROM transactions t LEFT JOIN categories c ON t.category_id = c.id WHERE t.id = ? AND t.user_id = ?
2026-05-12 14:13:12.466 [http-nio-8080-exec-2] DEBUG c.z.f.t.m.TransactionMapper.findById     : ==> Parameters: 34(Long), 1(Long)
2026-05-12 14:13:12.468 [http-nio-8080-exec-2] DEBUG c.z.f.t.m.TransactionMapper.findById     : <==      Total: 1
2026-05-12 14:13:12.499 [http-nio-8080-exec-3] DEBUG c.z.f.t.filter.JwtAuthenticationFilter   : Authenticated [user=Andy, uri=/api/transactions/33/image-url]
2026-05-12 14:13:12.500 [http-nio-8080-exec-3] DEBUG c.z.f.t.m.UserMapper.findByUsername      : ==>  Preparing: SELECT * FROM users WHERE username = ?
2026-05-12 14:13:12.500 [http-nio-8080-exec-3] DEBUG c.z.f.t.m.UserMapper.findByUsername      : ==> Parameters: Andy(String)
2026-05-12 14:13:12.502 [http-nio-8080-exec-3] DEBUG c.z.f.t.m.UserMapper.findByUsername      : <==      Total: 1
2026-05-12 14:13:12.502 [http-nio-8080-exec-3] DEBUG c.z.f.t.m.TransactionMapper.findById     : ==>  Preparing: SELECT t.*, c.name as categoryName FROM transactions t LEFT JOIN categories c ON t.category_id = c.id WHERE t.id = ? AND t.user_id = ?
2026-05-12 14:13:12.503 [http-nio-8080-exec-3] DEBUG c.z.f.t.m.TransactionMapper.findById     : ==> Parameters: 33(Long), 1(Long)
2026-05-12 14:13:12.506 [http-nio-8080-exec-3] DEBUG c.z.f.t.m.TransactionMapper.findById     : <==      Total: 1
2026-05-12 14:13:12.541 [http-nio-8080-exec-5] DEBUG c.z.f.t.filter.JwtAuthenticationFilter   : Authenticated [user=Andy, uri=/api/transactions/32/image-url]
2026-05-12 14:13:12.542 [http-nio-8080-exec-5] DEBUG c.z.f.t.m.UserMapper.findByUsername      : ==>  Preparing: SELECT * FROM users WHERE username = ?
2026-05-12 14:13:12.542 [http-nio-8080-exec-5] DEBUG c.z.f.t.m.UserMapper.findByUsername      : ==> Parameters: Andy(String)
2026-05-12 14:13:12.544 [http-nio-8080-exec-5] DEBUG c.z.f.t.m.UserMapper.findByUsername      : <==      Total: 1
2026-05-12 14:13:12.545 [http-nio-8080-exec-5] DEBUG c.z.f.t.m.TransactionMapper.findById     : ==>  Preparing: SELECT t.*, c.name as categoryName FROM transactions t LEFT JOIN categories c ON t.category_id = c.id WHERE t.id = ? AND t.user_id = ?
2026-05-12 14:13:12.545 [http-nio-8080-exec-5] DEBUG c.z.f.t.m.TransactionMapper.findById     : ==> Parameters: 32(Long), 1(Long)
2026-05-12 14:13:12.548 [http-nio-8080-exec-5] DEBUG c.z.f.t.m.TransactionMapper.findById     : <==      Total: 1
2026-05-12 14:13:12.578 [http-nio-8080-exec-7] DEBUG c.z.f.t.filter.JwtAuthenticationFilter   : Authenticated [user=Andy, uri=/api/transactions/31/image-url]
2026-05-12 14:13:12.579 [http-nio-8080-exec-7] DEBUG c.z.f.t.m.UserMapper.findByUsername      : ==>  Preparing: SELECT * FROM users WHERE username = ?
2026-05-12 14:13:12.579 [http-nio-8080-exec-7] DEBUG c.z.f.t.m.UserMapper.findByUsername      : ==> Parameters: Andy(String)
2026-05-12 14:13:12.581 [http-nio-8080-exec-7] DEBUG c.z.f.t.m.UserMapper.findByUsername      : <==      Total: 1
2026-05-12 14:13:12.582 [http-nio-8080-exec-7] DEBUG c.z.f.t.m.TransactionMapper.findById     : ==>  Preparing: SELECT t.*, c.name as categoryName FROM transactions t LEFT JOIN categories c ON t.category_id = c.id WHERE t.id = ? AND t.user_id = ?
2026-05-12 14:13:12.582 [http-nio-8080-exec-7] DEBUG c.z.f.t.m.TransactionMapper.findById     : ==> Parameters: 31(Long), 1(Long)
2026-05-12 14:13:12.584 [http-nio-8080-exec-7] DEBUG c.z.f.t.m.TransactionMapper.findById     : <==      Total: 1
2026-05-12 14:13:12.620 [http-nio-8080-exec-9] DEBUG c.z.f.t.filter.JwtAuthenticationFilter   : Authenticated [user=Andy, uri=/api/transactions/30/image-url]
2026-05-12 14:13:12.621 [http-nio-8080-exec-9] DEBUG c.z.f.t.m.UserMapper.findByUsername      : ==>  Preparing: SELECT * FROM users WHERE username = ?
2026-05-12 14:13:12.621 [http-nio-8080-exec-9] DEBUG c.z.f.t.m.UserMapper.findByUsername      : ==> Parameters: Andy(String)
2026-05-12 14:13:12.623 [http-nio-8080-exec-9] DEBUG c.z.f.t.m.UserMapper.findByUsername      : <==      Total: 1
2026-05-12 14:13:12.623 [http-nio-8080-exec-9] DEBUG c.z.f.t.m.TransactionMapper.findById     : ==>  Preparing: SELECT t.*, c.name as categoryName FROM transactions t LEFT JOIN categories c ON t.category_id = c.id WHERE t.id = ? AND t.user_id = ?
2026-05-12 14:13:12.624 [http-nio-8080-exec-9] DEBUG c.z.f.t.m.TransactionMapper.findById     : ==> Parameters: 30(Long), 1(Long)
2026-05-12 14:13:12.625 [http-nio-8080-exec-9] DEBUG c.z.f.t.m.TransactionMapper.findById     : <==      Total: 1
2026-05-12 14:13:12.657 [http-nio-8080-exec-2] DEBUG c.z.f.t.filter.JwtAuthenticationFilter   : Authenticated [user=Andy, uri=/api/transactions/29/image-url]
2026-05-12 14:13:12.658 [http-nio-8080-exec-2] DEBUG c.z.f.t.m.UserMapper.findByUsername      : ==>  Preparing: SELECT * FROM users WHERE username = ?
2026-05-12 14:13:12.659 [http-nio-8080-exec-2] DEBUG c.z.f.t.m.UserMapper.findByUsername      : ==> Parameters: Andy(String)
2026-05-12 14:13:12.660 [http-nio-8080-exec-2] DEBUG c.z.f.t.m.UserMapper.findByUsername      : <==      Total: 1
2026-05-12 14:13:12.661 [http-nio-8080-exec-2] DEBUG c.z.f.t.m.TransactionMapper.findById     : ==>  Preparing: SELECT t.*, c.name as categoryName FROM transactions t LEFT JOIN categories c ON t.category_id = c.id WHERE t.id = ? AND t.user_id = ?
2026-05-12 14:13:12.661 [http-nio-8080-exec-2] DEBUG c.z.f.t.m.TransactionMapper.findById     : ==> Parameters: 29(Long), 1(Long)
2026-05-12 14:13:12.663 [http-nio-8080-exec-2] DEBUG c.z.f.t.m.TransactionMapper.findById     : <==      Total: 1
2026-05-12 14:13:47.903 [http-nio-8080-exec-4] DEBUG c.z.f.t.filter.JwtAuthenticationFilter   : Authenticated [user=Andy, uri=/api/transactions/28/image-url]
2026-05-12 14:13:47.906 [http-nio-8080-exec-4] DEBUG c.z.f.t.m.UserMapper.findByUsername      : ==>  Preparing: SELECT * FROM users WHERE username = ?
2026-05-12 14:13:47.906 [http-nio-8080-exec-4] DEBUG c.z.f.t.m.UserMapper.findByUsername      : ==> Parameters: Andy(String)
2026-05-12 14:13:47.908 [http-nio-8080-exec-4] DEBUG c.z.f.t.m.UserMapper.findByUsername      : <==      Total: 1
2026-05-12 14:13:47.909 [http-nio-8080-exec-4] DEBUG c.z.f.t.m.TransactionMapper.findById     : ==>  Preparing: SELECT t.*, c.name as categoryName FROM transactions t LEFT JOIN categories c ON t.category_id = c.id WHERE t.id = ? AND t.user_id = ?
2026-05-12 14:13:47.909 [http-nio-8080-exec-4] DEBUG c.z.f.t.m.TransactionMapper.findById     : ==> Parameters: 28(Long), 1(Long)
2026-05-12 14:13:47.911 [http-nio-8080-exec-4] DEBUG c.z.f.t.m.TransactionMapper.findById     : <==      Total: 1
2026-05-12 14:13:47.998 [http-nio-8080-exec-6] DEBUG c.z.f.t.filter.JwtAuthenticationFilter   : Authenticated [user=Andy, uri=/api/transactions/24/image-url]
2026-05-12 14:13:47.999 [http-nio-8080-exec-6] DEBUG c.z.f.t.m.UserMapper.findByUsername      : ==>  Preparing: SELECT * FROM users WHERE username = ?
2026-05-12 14:13:47.999 [http-nio-8080-exec-6] DEBUG c.z.f.t.m.UserMapper.findByUsername      : ==> Parameters: Andy(String)
2026-05-12 14:13:48.001 [http-nio-8080-exec-6] DEBUG c.z.f.t.m.UserMapper.findByUsername      : <==      Total: 1
2026-05-12 14:13:48.001 [http-nio-8080-exec-6] DEBUG c.z.f.t.m.TransactionMapper.findById     : ==>  Preparing: SELECT t.*, c.name as categoryName FROM transactions t LEFT JOIN categories c ON t.category_id = c.id WHERE t.id = ? AND t.user_id = ?
2026-05-12 14:13:48.002 [http-nio-8080-exec-6] DEBUG c.z.f.t.m.TransactionMapper.findById     : ==> Parameters: 24(Long), 1(Long)
2026-05-12 14:13:48.004 [http-nio-8080-exec-6] DEBUG c.z.f.t.m.TransactionMapper.findById     : <==      Total: 1
2026-05-12 14:13:48.091 [http-nio-8080-exec-8] DEBUG c.z.f.t.filter.JwtAuthenticationFilter   : Authenticated [user=Andy, uri=/api/transactions/23/image-url]
2026-05-12 14:13:48.092 [http-nio-8080-exec-8] DEBUG c.z.f.t.m.UserMapper.findByUsername      : ==>  Preparing: SELECT * FROM users WHERE username = ?
2026-05-12 14:13:48.092 [http-nio-8080-exec-8] DEBUG c.z.f.t.m.UserMapper.findByUsername      : ==> Parameters: Andy(String)
2026-05-12 14:13:48.094 [http-nio-8080-exec-8] DEBUG c.z.f.t.m.UserMapper.findByUsername      : <==      Total: 1
2026-05-12 14:13:48.095 [http-nio-8080-exec-8] DEBUG c.z.f.t.m.TransactionMapper.findById     : ==>  Preparing: SELECT t.*, c.name as categoryName FROM transactions t LEFT JOIN categories c ON t.category_id = c.id WHERE t.id = ? AND t.user_id = ?
2026-05-12 14:13:48.095 [http-nio-8080-exec-8] DEBUG c.z.f.t.m.TransactionMapper.findById     : ==> Parameters: 23(Long), 1(Long)
2026-05-12 14:13:48.097 [http-nio-8080-exec-8] DEBUG c.z.f.t.m.TransactionMapper.findById     : <==      Total: 1
2026-05-12 14:13:48.746 [http-nio-8080-exec-10] DEBUG c.z.f.t.filter.JwtAuthenticationFilter   : Authenticated [user=Andy, uri=/api/transactions/23/image-url]
2026-05-12 14:13:48.748 [http-nio-8080-exec-10] DEBUG c.z.f.t.m.UserMapper.findByUsername      : ==>  Preparing: SELECT * FROM users WHERE username = ?
2026-05-12 14:13:48.749 [http-nio-8080-exec-10] DEBUG c.z.f.t.m.UserMapper.findByUsername      : ==> Parameters: Andy(String)
2026-05-12 14:13:48.750 [http-nio-8080-exec-10] DEBUG c.z.f.t.m.UserMapper.findByUsername      : <==      Total: 1
2026-05-12 14:13:48.751 [http-nio-8080-exec-10] DEBUG c.z.f.t.m.TransactionMapper.findById     : ==>  Preparing: SELECT t.*, c.name as categoryName FROM transactions t LEFT JOIN categories c ON t.category_id = c.id WHERE t.id = ? AND t.user_id = ?
2026-05-12 14:13:48.751 [http-nio-8080-exec-10] DEBUG c.z.f.t.m.TransactionMapper.findById     : ==> Parameters: 23(Long), 1(Long)
2026-05-12 14:13:48.753 [http-nio-8080-exec-10] DEBUG c.z.f.t.m.TransactionMapper.findById     : <==      Total: 1
2026-05-12 14:13:48.800 [http-nio-8080-exec-1] DEBUG c.z.f.t.filter.JwtAuthenticationFilter   : Authenticated [user=Andy, uri=/api/transactions/24/image-url]
2026-05-12 14:13:48.801 [http-nio-8080-exec-1] DEBUG c.z.f.t.m.UserMapper.findByUsername      : ==>  Preparing: SELECT * FROM users WHERE username = ?
2026-05-12 14:13:48.801 [http-nio-8080-exec-1] DEBUG c.z.f.t.m.UserMapper.findByUsername      : ==> Parameters: Andy(String)
2026-05-12 14:13:48.802 [http-nio-8080-exec-1] DEBUG c.z.f.t.m.UserMapper.findByUsername      : <==      Total: 1
2026-05-12 14:13:48.803 [http-nio-8080-exec-1] DEBUG c.z.f.t.m.TransactionMapper.findById     : ==>  Preparing: SELECT t.*, c.name as categoryName FROM transactions t LEFT JOIN categories c ON t.category_id = c.id WHERE t.id = ? AND t.user_id = ?
2026-05-12 14:13:48.803 [http-nio-8080-exec-1] DEBUG c.z.f.t.m.TransactionMapper.findById     : ==> Parameters: 24(Long), 1(Long)
2026-05-12 14:13:48.805 [http-nio-8080-exec-1] DEBUG c.z.f.t.m.TransactionMapper.findById     : <==      Total: 1
2026-05-12 14:13:48.856 [http-nio-8080-exec-4] DEBUG c.z.f.t.filter.JwtAuthenticationFilter   : Authenticated [user=Andy, uri=/api/transactions/28/image-url]
2026-05-12 14:13:48.857 [http-nio-8080-exec-4] DEBUG c.z.f.t.m.UserMapper.findByUsername      : ==>  Preparing: SELECT * FROM users WHERE username = ?
2026-05-12 14:13:48.857 [http-nio-8080-exec-4] DEBUG c.z.f.t.m.UserMapper.findByUsername      : ==> Parameters: Andy(String)
2026-05-12 14:13:48.859 [http-nio-8080-exec-4] DEBUG c.z.f.t.m.UserMapper.findByUsername      : <==      Total: 1
2026-05-12 14:13:48.859 [http-nio-8080-exec-4] DEBUG c.z.f.t.m.TransactionMapper.findById     : ==>  Preparing: SELECT t.*, c.name as categoryName FROM transactions t LEFT JOIN categories c ON t.category_id = c.id WHERE t.id = ? AND t.user_id = ?
2026-05-12 14:13:48.859 [http-nio-8080-exec-4] DEBUG c.z.f.t.m.TransactionMapper.findById     : ==> Parameters: 28(Long), 1(Long)
2026-05-12 14:13:48.861 [http-nio-8080-exec-4] DEBUG c.z.f.t.m.TransactionMapper.findById     : <==      Total: 1
2026-05-12 14:13:48.908 [http-nio-8080-exec-6] DEBUG c.z.f.t.filter.JwtAuthenticationFilter   : Authenticated [user=Andy, uri=/api/transactions/29/image-url]
2026-05-12 14:13:48.908 [http-nio-8080-exec-6] DEBUG c.z.f.t.m.UserMapper.findByUsername      : ==>  Preparing: SELECT * FROM users WHERE username = ?
2026-05-12 14:13:48.909 [http-nio-8080-exec-6] DEBUG c.z.f.t.m.UserMapper.findByUsername      : ==> Parameters: Andy(String)
2026-05-12 14:13:48.910 [http-nio-8080-exec-6] DEBUG c.z.f.t.m.UserMapper.findByUsername      : <==      Total: 1
2026-05-12 14:13:48.910 [http-nio-8080-exec-6] DEBUG c.z.f.t.m.TransactionMapper.findById     : ==>  Preparing: SELECT t.*, c.name as categoryName FROM transactions t LEFT JOIN categories c ON t.category_id = c.id WHERE t.id = ? AND t.user_id = ?
2026-05-12 14:13:48.910 [http-nio-8080-exec-6] DEBUG c.z.f.t.m.TransactionMapper.findById     : ==> Parameters: 29(Long), 1(Long)
2026-05-12 14:13:48.912 [http-nio-8080-exec-6] DEBUG c.z.f.t.m.TransactionMapper.findById     : <==      Total: 1
2026-05-12 14:13:48.962 [http-nio-8080-exec-8] DEBUG c.z.f.t.filter.JwtAuthenticationFilter   : Authenticated [user=Andy, uri=/api/transactions/30/image-url]
2026-05-12 14:13:48.963 [http-nio-8080-exec-8] DEBUG c.z.f.t.m.UserMapper.findByUsername      : ==>  Preparing: SELECT * FROM users WHERE username = ?
2026-05-12 14:13:48.963 [http-nio-8080-exec-8] DEBUG c.z.f.t.m.UserMapper.findByUsername      : ==> Parameters: Andy(String)
2026-05-12 14:13:48.965 [http-nio-8080-exec-8] DEBUG c.z.f.t.m.UserMapper.findByUsername      : <==      Total: 1
2026-05-12 14:13:48.965 [http-nio-8080-exec-8] DEBUG c.z.f.t.m.TransactionMapper.findById     : ==>  Preparing: SELECT t.*, c.name as categoryName FROM transactions t LEFT JOIN categories c ON t.category_id = c.id WHERE t.id = ? AND t.user_id = ?
2026-05-12 14:13:48.965 [http-nio-8080-exec-8] DEBUG c.z.f.t.m.TransactionMapper.findById     : ==> Parameters: 30(Long), 1(Long)
2026-05-12 14:13:48.967 [http-nio-8080-exec-8] DEBUG c.z.f.t.m.TransactionMapper.findById     : <==      Total: 1
2026-05-12 14:13:49.009 [http-nio-8080-exec-10] DEBUG c.z.f.t.filter.JwtAuthenticationFilter   : Authenticated [user=Andy, uri=/api/transactions/31/image-url]
2026-05-12 14:13:49.009 [http-nio-8080-exec-10] DEBUG c.z.f.t.m.UserMapper.findByUsername      : ==>  Preparing: SELECT * FROM users WHERE username = ?
2026-05-12 14:13:49.009 [http-nio-8080-exec-10] DEBUG c.z.f.t.m.UserMapper.findByUsername      : ==> Parameters: Andy(String)
2026-05-12 14:13:49.011 [http-nio-8080-exec-10] DEBUG c.z.f.t.m.UserMapper.findByUsername      : <==      Total: 1
2026-05-12 14:13:49.011 [http-nio-8080-exec-10] DEBUG c.z.f.t.m.TransactionMapper.findById     : ==>  Preparing: SELECT t.*, c.name as categoryName FROM transactions t LEFT JOIN categories c ON t.category_id = c.id WHERE t.id = ? AND t.user_id = ?
2026-05-12 14:13:49.012 [http-nio-8080-exec-10] DEBUG c.z.f.t.m.TransactionMapper.findById     : ==> Parameters: 31(Long), 1(Long)
2026-05-12 14:13:49.014 [http-nio-8080-exec-10] DEBUG c.z.f.t.m.TransactionMapper.findById     : <==      Total: 1
2026-05-12 14:13:49.061 [http-nio-8080-exec-1] DEBUG c.z.f.t.filter.JwtAuthenticationFilter   : Authenticated [user=Andy, uri=/api/transactions/32/image-url]
2026-05-12 14:13:49.062 [http-nio-8080-exec-1] DEBUG c.z.f.t.m.UserMapper.findByUsername      : ==>  Preparing: SELECT * FROM users WHERE username = ?
2026-05-12 14:13:49.063 [http-nio-8080-exec-1] DEBUG c.z.f.t.m.UserMapper.findByUsername      : ==> Parameters: Andy(String)
2026-05-12 14:13:49.064 [http-nio-8080-exec-1] DEBUG c.z.f.t.m.UserMapper.findByUsername      : <==      Total: 1
2026-05-12 14:13:49.064 [http-nio-8080-exec-1] DEBUG c.z.f.t.m.TransactionMapper.findById     : ==>  Preparing: SELECT t.*, c.name as categoryName FROM transactions t LEFT JOIN categories c ON t.category_id = c.id WHERE t.id = ? AND t.user_id = ?
2026-05-12 14:13:49.065 [http-nio-8080-exec-1] DEBUG c.z.f.t.m.TransactionMapper.findById     : ==> Parameters: 32(Long), 1(Long)
2026-05-12 14:13:49.066 [http-nio-8080-exec-1] DEBUG c.z.f.t.m.TransactionMapper.findById     : <==      Total: 1
2026-05-12 14:13:49.108 [http-nio-8080-exec-4] DEBUG c.z.f.t.filter.JwtAuthenticationFilter   : Authenticated [user=Andy, uri=/api/transactions/33/image-url]
2026-05-12 14:13:49.108 [http-nio-8080-exec-4] DEBUG c.z.f.t.m.UserMapper.findByUsername      : ==>  Preparing: SELECT * FROM users WHERE username = ?
2026-05-12 14:13:49.108 [http-nio-8080-exec-4] DEBUG c.z.f.t.m.UserMapper.findByUsername      : ==> Parameters: Andy(String)
2026-05-12 14:13:49.110 [http-nio-8080-exec-4] DEBUG c.z.f.t.m.UserMapper.findByUsername      : <==      Total: 1
2026-05-12 14:13:49.110 [http-nio-8080-exec-4] DEBUG c.z.f.t.m.TransactionMapper.findById     : ==>  Preparing: SELECT t.*, c.name as categoryName FROM transactions t LEFT JOIN categories c ON t.category_id = c.id WHERE t.id = ? AND t.user_id = ?
2026-05-12 14:13:49.110 [http-nio-8080-exec-4] DEBUG c.z.f.t.m.TransactionMapper.findById     : ==> Parameters: 33(Long), 1(Long)
2026-05-12 14:13:49.112 [http-nio-8080-exec-4] DEBUG c.z.f.t.m.TransactionMapper.findById     : <==      Total: 1
2026-05-12 14:13:49.198 [http-nio-8080-exec-6] DEBUG c.z.f.t.filter.JwtAuthenticationFilter   : Authenticated [user=Andy, uri=/api/transactions/34/image-url]
2026-05-12 14:13:49.198 [http-nio-8080-exec-6] DEBUG c.z.f.t.m.UserMapper.findByUsername      : ==>  Preparing: SELECT * FROM users WHERE username = ?
2026-05-12 14:13:49.199 [http-nio-8080-exec-6] DEBUG c.z.f.t.m.UserMapper.findByUsername      : ==> Parameters: Andy(String)
2026-05-12 14:13:49.200 [http-nio-8080-exec-6] DEBUG c.z.f.t.m.UserMapper.findByUsername      : <==      Total: 1
2026-05-12 14:13:49.200 [http-nio-8080-exec-6] DEBUG c.z.f.t.m.TransactionMapper.findById     : ==>  Preparing: SELECT t.*, c.name as categoryName FROM transactions t LEFT JOIN categories c ON t.category_id = c.id WHERE t.id = ? AND t.user_id = ?
2026-05-12 14:13:49.201 [http-nio-8080-exec-6] DEBUG c.z.f.t.m.TransactionMapper.findById     : ==> Parameters: 34(Long), 1(Long)
2026-05-12 14:13:49.202 [http-nio-8080-exec-6] DEBUG c.z.f.t.m.TransactionMapper.findById     : <==      Total: 1
2026-05-12 14:13:50.273 [http-nio-8080-exec-8] DEBUG c.z.f.t.filter.JwtAuthenticationFilter   : Authenticated [user=Andy, uri=/api/transactions/34/image-url]
2026-05-12 14:13:50.276 [http-nio-8080-exec-8] DEBUG c.z.f.t.m.UserMapper.findByUsername      : ==>  Preparing: SELECT * FROM users WHERE username = ?
2026-05-12 14:13:50.276 [http-nio-8080-exec-8] DEBUG c.z.f.t.m.UserMapper.findByUsername      : ==> Parameters: Andy(String)
2026-05-12 14:13:50.277 [http-nio-8080-exec-8] DEBUG c.z.f.t.m.UserMapper.findByUsername      : <==      Total: 1
2026-05-12 14:13:50.278 [http-nio-8080-exec-8] DEBUG c.z.f.t.m.TransactionMapper.findById     : ==>  Preparing: SELECT t.*, c.name as categoryName FROM transactions t LEFT JOIN categories c ON t.category_id = c.id WHERE t.id = ? AND t.user_id = ?
2026-05-12 14:13:50.278 [http-nio-8080-exec-8] DEBUG c.z.f.t.m.TransactionMapper.findById     : ==> Parameters: 34(Long), 1(Long)
2026-05-12 14:13:50.279 [http-nio-8080-exec-8] DEBUG c.z.f.t.m.TransactionMapper.findById     : <==      Total: 1
2026-05-12 14:14:47.945 [http-nio-8080-exec-10] DEBUG c.z.f.t.filter.JwtAuthenticationFilter   : Authenticated [user=Andy, uri=/api/transactions/34/image-url]
2026-05-12 14:14:47.948 [http-nio-8080-exec-10] DEBUG c.z.f.t.m.UserMapper.findByUsername      : ==>  Preparing: SELECT * FROM users WHERE username = ?
2026-05-12 14:14:47.948 [http-nio-8080-exec-10] DEBUG c.z.f.t.m.UserMapper.findByUsername      : ==> Parameters: Andy(String)
2026-05-12 14:14:47.950 [http-nio-8080-exec-10] DEBUG c.z.f.t.m.UserMapper.findByUsername      : <==      Total: 1
2026-05-12 14:14:47.950 [http-nio-8080-exec-10] DEBUG c.z.f.t.m.TransactionMapper.findById     : ==>  Preparing: SELECT t.*, c.name as categoryName FROM transactions t LEFT JOIN categories c ON t.category_id = c.id WHERE t.id = ? AND t.user_id = ?
2026-05-12 14:14:47.951 [http-nio-8080-exec-10] DEBUG c.z.f.t.m.TransactionMapper.findById     : ==> Parameters: 34(Long), 1(Long)
2026-05-12 14:14:47.953 [http-nio-8080-exec-10] DEBUG c.z.f.t.m.TransactionMapper.findById     : <==      Total: 1
2026-05-12 14:16:43.957 [http-nio-8080-exec-1] DEBUG c.z.f.t.filter.JwtAuthenticationFilter   : Authenticated [user=Andy, uri=/api/transactions/32/image-url]
2026-05-12 14:16:43.960 [http-nio-8080-exec-1] DEBUG c.z.f.t.m.UserMapper.findByUsername      : ==>  Preparing: SELECT * FROM users WHERE username = ?
2026-05-12 14:16:43.960 [http-nio-8080-exec-1] DEBUG c.z.f.t.m.UserMapper.findByUsername      : ==> Parameters: Andy(String)
2026-05-12 14:16:43.962 [http-nio-8080-exec-1] DEBUG c.z.f.t.m.UserMapper.findByUsername      : <==      Total: 1
2026-05-12 14:16:43.962 [http-nio-8080-exec-1] DEBUG c.z.f.t.m.TransactionMapper.findById     : ==>  Preparing: SELECT t.*, c.name as categoryName FROM transactions t LEFT JOIN categories c ON t.category_id = c.id WHERE t.id = ? AND t.user_id = ?
2026-05-12 14:16:43.962 [http-nio-8080-exec-1] DEBUG c.z.f.t.m.TransactionMapper.findById     : ==> Parameters: 32(Long), 1(Long)
2026-05-12 14:16:43.964 [http-nio-8080-exec-1] DEBUG c.z.f.t.m.TransactionMapper.findById     : <==      Total: 1
2026-05-12 14:16:45.299 [http-nio-8080-exec-4] DEBUG c.z.f.t.filter.JwtAuthenticationFilter   : Authenticated [user=Andy, uri=/api/transactions/32/image-url]
2026-05-12 14:16:45.301 [http-nio-8080-exec-4] DEBUG c.z.f.t.m.UserMapper.findByUsername      : ==>  Preparing: SELECT * FROM users WHERE username = ?
2026-05-12 14:16:45.301 [http-nio-8080-exec-4] DEBUG c.z.f.t.m.UserMapper.findByUsername      : ==> Parameters: Andy(String)
2026-05-12 14:16:45.303 [http-nio-8080-exec-4] DEBUG c.z.f.t.m.UserMapper.findByUsername      : <==      Total: 1
2026-05-12 14:16:45.303 [http-nio-8080-exec-4] DEBUG c.z.f.t.m.TransactionMapper.findById     : ==>  Preparing: SELECT t.*, c.name as categoryName FROM transactions t LEFT JOIN categories c ON t.category_id = c.id WHERE t.id = ? AND t.user_id = ?
2026-05-12 14:16:45.303 [http-nio-8080-exec-4] DEBUG c.z.f.t.m.TransactionMapper.findById     : ==> Parameters: 32(Long), 1(Long)
2026-05-12 14:16:45.305 [http-nio-8080-exec-4] DEBUG c.z.f.t.m.TransactionMapper.findById     : <==      Total: 1
2026-05-12 14:16:46.040 [http-nio-8080-exec-6] DEBUG c.z.f.t.filter.JwtAuthenticationFilter   : Authenticated [user=Andy, uri=/api/transactions/32/image-url]
2026-05-12 14:16:46.042 [http-nio-8080-exec-6] DEBUG c.z.f.t.m.UserMapper.findByUsername      : ==>  Preparing: SELECT * FROM users WHERE username = ?
2026-05-12 14:16:46.042 [http-nio-8080-exec-6] DEBUG c.z.f.t.m.UserMapper.findByUsername      : ==> Parameters: Andy(String)
2026-05-12 14:16:46.043 [http-nio-8080-exec-6] DEBUG c.z.f.t.m.UserMapper.findByUsername      : <==      Total: 1
2026-05-12 14:16:46.043 [http-nio-8080-exec-6] DEBUG c.z.f.t.m.TransactionMapper.findById     : ==>  Preparing: SELECT t.*, c.name as categoryName FROM transactions t LEFT JOIN categories c ON t.category_id = c.id WHERE t.id = ? AND t.user_id = ?
2026-05-12 14:16:46.044 [http-nio-8080-exec-6] DEBUG c.z.f.t.m.TransactionMapper.findById     : ==> Parameters: 32(Long), 1(Long)
2026-05-12 14:16:46.045 [http-nio-8080-exec-6] DEBUG c.z.f.t.m.TransactionMapper.findById     : <==      Total: 1
2026-05-12 14:16:53.511 [http-nio-8080-exec-8] DEBUG c.z.f.t.filter.JwtAuthenticationFilter   : Authenticated [user=Andy, uri=/api/transactions/32/image]
2026-05-12 14:16:53.540 [http-nio-8080-exec-8] DEBUG c.z.f.t.m.UserMapper.findByUsername      : ==>  Preparing: SELECT * FROM users WHERE username = ?
2026-05-12 14:16:53.540 [http-nio-8080-exec-8] DEBUG c.z.f.t.m.UserMapper.findByUsername      : ==> Parameters: Andy(String)
2026-05-12 14:16:53.542 [http-nio-8080-exec-8] DEBUG c.z.f.t.m.UserMapper.findByUsername      : <==      Total: 1
2026-05-12 14:16:53.542 [http-nio-8080-exec-8] DEBUG c.z.f.t.m.TransactionMapper.findById     : ==>  Preparing: SELECT t.*, c.name as categoryName FROM transactions t LEFT JOIN categories c ON t.category_id = c.id WHERE t.id = ? AND t.user_id = ?
2026-05-12 14:16:53.543 [http-nio-8080-exec-8] DEBUG c.z.f.t.m.TransactionMapper.findById     : ==> Parameters: 32(Long), 1(Long)
2026-05-12 14:16:53.544 [http-nio-8080-exec-8] DEBUG c.z.f.t.m.TransactionMapper.findById     : <==      Total: 1
2026-05-12 14:16:53.690 [http-nio-8080-exec-9] DEBUG c.z.f.t.filter.JwtAuthenticationFilter   : Authenticated [user=Andy, uri=/api/transactions/32/image]
2026-05-12 14:16:53.694 [http-nio-8080-exec-9] DEBUG c.z.f.t.m.UserMapper.findByUsername      : ==>  Preparing: SELECT * FROM users WHERE username = ?
2026-05-12 14:16:53.696 [http-nio-8080-exec-9] DEBUG c.z.f.t.m.UserMapper.findByUsername      : ==> Parameters: Andy(String)
2026-05-12 14:16:53.703 [http-nio-8080-exec-9] DEBUG c.z.f.t.m.UserMapper.findByUsername      : <==      Total: 1
2026-05-12 14:16:53.706 [http-nio-8080-exec-9] DEBUG c.z.f.t.m.TransactionMapper.findById     : ==>  Preparing: SELECT t.*, c.name as categoryName FROM transactions t LEFT JOIN categories c ON t.category_id = c.id WHERE t.id = ? AND t.user_id = ?
2026-05-12 14:16:53.707 [http-nio-8080-exec-9] DEBUG c.z.f.t.m.TransactionMapper.findById     : ==> Parameters: 32(Long), 1(Long)
2026-05-12 14:16:53.710 [http-nio-8080-exec-9] DEBUG c.z.f.t.m.TransactionMapper.findById     : <==      Total: 1
2026-05-12 14:16:53.909 [http-nio-8080-exec-8] INFO  c.z.f.t.service.MinioStorageService      : Deleted from MinIO [object=transactions/tx_32_b4e7d9a8-0334-4d7c-866e-c52d5fd86c97.jpg]
2026-05-12 14:16:54.426 [http-nio-8080-exec-9] INFO  c.z.f.t.service.MinioStorageService      : Deleted from MinIO [object=transactions/tx_32_b4e7d9a8-0334-4d7c-866e-c52d5fd86c97.jpg]
2026-05-12 14:16:55.283 [http-nio-8080-exec-9] INFO  c.z.f.t.service.MinioStorageService      : Uploaded to MinIO [object=transactions/tx_32_7e033ac1-27b0-4156-b6b9-e97e22b7fbb4.jpg, size=30972B, type=image/jpeg]
2026-05-12 14:16:55.286 [http-nio-8080-exec-9] DEBUG c.z.f.t.m.TransactionMapper.updateImage  : ==>  Preparing: UPDATE transactions SET image_url = ? WHERE id = ? AND user_id = ?
2026-05-12 14:16:55.286 [http-nio-8080-exec-9] DEBUG c.z.f.t.m.TransactionMapper.updateImage  : ==> Parameters: transactions/tx_32_7e033ac1-27b0-4156-b6b9-e97e22b7fbb4.jpg(String), 32(Long), 1(Long)
2026-05-12 14:16:55.295 [http-nio-8080-exec-9] DEBUG c.z.f.t.m.TransactionMapper.updateImage  : <==    Updates: 1
2026-05-12 14:16:55.324 [http-nio-8080-exec-9] INFO  c.z.f.t.c.TransactionController          : Image uploaded [userId=1, txId=32, object=transactions/tx_32_7e033ac1-27b0-4156-b6b9-e97e22b7fbb4.jpg]
2026-05-12 14:16:55.352 [http-nio-8080-exec-8] INFO  c.z.f.t.service.MinioStorageService      : Uploaded to MinIO [object=transactions/tx_32_c1a4743c-947f-473d-99d3-029f801ad9f9.jpg, size=30972B, type=image/jpeg]
2026-05-12 14:16:55.352 [http-nio-8080-exec-8] DEBUG c.z.f.t.m.TransactionMapper.updateImage  : ==>  Preparing: UPDATE transactions SET image_url = ? WHERE id = ? AND user_id = ?
2026-05-12 14:16:55.353 [http-nio-8080-exec-8] DEBUG c.z.f.t.m.TransactionMapper.updateImage  : ==> Parameters: transactions/tx_32_c1a4743c-947f-473d-99d3-029f801ad9f9.jpg(String), 32(Long), 1(Long)
2026-05-12 14:16:55.359 [http-nio-8080-exec-8] DEBUG c.z.f.t.m.TransactionMapper.updateImage  : <==    Updates: 1
2026-05-12 14:16:55.370 [http-nio-8080-exec-8] INFO  c.z.f.t.c.TransactionController          : Image uploaded [userId=1, txId=32, object=transactions/tx_32_c1a4743c-947f-473d-99d3-029f801ad9f9.jpg]
2026-05-12 14:16:58.489 [http-nio-8080-exec-1] DEBUG c.z.f.t.filter.JwtAuthenticationFilter   : Authenticated [user=Andy, uri=/api/transactions/28/image-url]
2026-05-12 14:16:58.490 [http-nio-8080-exec-1] DEBUG c.z.f.t.m.UserMapper.findByUsername      : ==>  Preparing: SELECT * FROM users WHERE username = ?
2026-05-12 14:16:58.491 [http-nio-8080-exec-1] DEBUG c.z.f.t.m.UserMapper.findByUsername      : ==> Parameters: Andy(String)
2026-05-12 14:16:58.492 [http-nio-8080-exec-1] DEBUG c.z.f.t.m.UserMapper.findByUsername      : <==      Total: 1
2026-05-12 14:16:58.493 [http-nio-8080-exec-1] DEBUG c.z.f.t.m.TransactionMapper.findById     : ==>  Preparing: SELECT t.*, c.name as categoryName FROM transactions t LEFT JOIN categories c ON t.category_id = c.id WHERE t.id = ? AND t.user_id = ?
2026-05-12 14:16:58.493 [http-nio-8080-exec-1] DEBUG c.z.f.t.m.TransactionMapper.findById     : ==> Parameters: 28(Long), 1(Long)
2026-05-12 14:16:58.495 [http-nio-8080-exec-1] DEBUG c.z.f.t.m.TransactionMapper.findById     : <==      Total: 1
2026-05-12 14:16:58.569 [http-nio-8080-exec-4] DEBUG c.z.f.t.filter.JwtAuthenticationFilter   : Authenticated [user=Andy, uri=/api/transactions/24/image-url]
2026-05-12 14:16:58.569 [http-nio-8080-exec-4] DEBUG c.z.f.t.m.UserMapper.findByUsername      : ==>  Preparing: SELECT * FROM users WHERE username = ?
2026-05-12 14:16:58.569 [http-nio-8080-exec-4] DEBUG c.z.f.t.m.UserMapper.findByUsername      : ==> Parameters: Andy(String)
2026-05-12 14:16:58.571 [http-nio-8080-exec-4] DEBUG c.z.f.t.m.UserMapper.findByUsername      : <==      Total: 1
2026-05-12 14:16:58.571 [http-nio-8080-exec-4] DEBUG c.z.f.t.m.TransactionMapper.findById     : ==>  Preparing: SELECT t.*, c.name as categoryName FROM transactions t LEFT JOIN categories c ON t.category_id = c.id WHERE t.id = ? AND t.user_id = ?
2026-05-12 14:16:58.572 [http-nio-8080-exec-4] DEBUG c.z.f.t.m.TransactionMapper.findById     : ==> Parameters: 24(Long), 1(Long)
2026-05-12 14:16:58.574 [http-nio-8080-exec-4] DEBUG c.z.f.t.m.TransactionMapper.findById     : <==      Total: 1
2026-05-12 14:16:58.618 [http-nio-8080-exec-6] DEBUG c.z.f.t.filter.JwtAuthenticationFilter   : Authenticated [user=Andy, uri=/api/transactions/23/image-url]
2026-05-12 14:16:58.619 [http-nio-8080-exec-6] DEBUG c.z.f.t.m.UserMapper.findByUsername      : ==>  Preparing: SELECT * FROM users WHERE username = ?
2026-05-12 14:16:58.619 [http-nio-8080-exec-6] DEBUG c.z.f.t.m.UserMapper.findByUsername      : ==> Parameters: Andy(String)
2026-05-12 14:16:58.621 [http-nio-8080-exec-6] DEBUG c.z.f.t.m.UserMapper.findByUsername      : <==      Total: 1
2026-05-12 14:16:58.621 [http-nio-8080-exec-6] DEBUG c.z.f.t.m.TransactionMapper.findById     : ==>  Preparing: SELECT t.*, c.name as categoryName FROM transactions t LEFT JOIN categories c ON t.category_id = c.id WHERE t.id = ? AND t.user_id = ?
2026-05-12 14:16:58.621 [http-nio-8080-exec-6] DEBUG c.z.f.t.m.TransactionMapper.findById     : ==> Parameters: 23(Long), 1(Long)
2026-05-12 14:16:58.622 [http-nio-8080-exec-6] DEBUG c.z.f.t.m.TransactionMapper.findById     : <==      Total: 1
2026-05-12 14:16:59.315 [http-nio-8080-exec-9] DEBUG c.z.f.t.filter.JwtAuthenticationFilter   : Authenticated [user=Andy, uri=/api/transactions/29/image-url]
2026-05-12 14:16:59.317 [http-nio-8080-exec-9] DEBUG c.z.f.t.m.UserMapper.findByUsername      : ==>  Preparing: SELECT * FROM users WHERE username = ?
2026-05-12 14:16:59.317 [http-nio-8080-exec-9] DEBUG c.z.f.t.m.UserMapper.findByUsername      : ==> Parameters: Andy(String)
2026-05-12 14:16:59.318 [http-nio-8080-exec-9] DEBUG c.z.f.t.m.UserMapper.findByUsername      : <==      Total: 1
2026-05-12 14:16:59.319 [http-nio-8080-exec-9] DEBUG c.z.f.t.m.TransactionMapper.findById     : ==>  Preparing: SELECT t.*, c.name as categoryName FROM transactions t LEFT JOIN categories c ON t.category_id = c.id WHERE t.id = ? AND t.user_id = ?
2026-05-12 14:16:59.319 [http-nio-8080-exec-9] DEBUG c.z.f.t.m.TransactionMapper.findById     : ==> Parameters: 29(Long), 1(Long)
2026-05-12 14:16:59.321 [http-nio-8080-exec-9] DEBUG c.z.f.t.m.TransactionMapper.findById     : <==      Total: 1
2026-05-12 14:16:59.387 [http-nio-8080-exec-8] DEBUG c.z.f.t.filter.JwtAuthenticationFilter   : Authenticated [user=Andy, uri=/api/transactions/30/image-url]
2026-05-12 14:16:59.388 [http-nio-8080-exec-8] DEBUG c.z.f.t.m.UserMapper.findByUsername      : ==>  Preparing: SELECT * FROM users WHERE username = ?
2026-05-12 14:16:59.388 [http-nio-8080-exec-8] DEBUG c.z.f.t.m.UserMapper.findByUsername      : ==> Parameters: Andy(String)
2026-05-12 14:16:59.390 [http-nio-8080-exec-8] DEBUG c.z.f.t.m.UserMapper.findByUsername      : <==      Total: 1
2026-05-12 14:16:59.391 [http-nio-8080-exec-8] DEBUG c.z.f.t.m.TransactionMapper.findById     : ==>  Preparing: SELECT t.*, c.name as categoryName FROM transactions t LEFT JOIN categories c ON t.category_id = c.id WHERE t.id = ? AND t.user_id = ?
2026-05-12 14:16:59.392 [http-nio-8080-exec-8] DEBUG c.z.f.t.m.TransactionMapper.findById     : ==> Parameters: 30(Long), 1(Long)
2026-05-12 14:16:59.394 [http-nio-8080-exec-8] DEBUG c.z.f.t.m.TransactionMapper.findById     : <==      Total: 1
2026-05-12 14:16:59.456 [http-nio-8080-exec-1] DEBUG c.z.f.t.filter.JwtAuthenticationFilter   : Authenticated [user=Andy, uri=/api/transactions/31/image-url]
2026-05-12 14:16:59.457 [http-nio-8080-exec-1] DEBUG c.z.f.t.m.UserMapper.findByUsername      : ==>  Preparing: SELECT * FROM users WHERE username = ?
2026-05-12 14:16:59.458 [http-nio-8080-exec-1] DEBUG c.z.f.t.m.UserMapper.findByUsername      : ==> Parameters: Andy(String)
2026-05-12 14:16:59.459 [http-nio-8080-exec-1] DEBUG c.z.f.t.m.UserMapper.findByUsername      : <==      Total: 1
2026-05-12 14:16:59.460 [http-nio-8080-exec-1] DEBUG c.z.f.t.m.TransactionMapper.findById     : ==>  Preparing: SELECT t.*, c.name as categoryName FROM transactions t LEFT JOIN categories c ON t.category_id = c.id WHERE t.id = ? AND t.user_id = ?
2026-05-12 14:16:59.460 [http-nio-8080-exec-1] DEBUG c.z.f.t.m.TransactionMapper.findById     : ==> Parameters: 31(Long), 1(Long)
2026-05-12 14:16:59.462 [http-nio-8080-exec-1] DEBUG c.z.f.t.m.TransactionMapper.findById     : <==      Total: 1
2026-05-12 14:16:59.498 [http-nio-8080-exec-4] DEBUG c.z.f.t.filter.JwtAuthenticationFilter   : Authenticated [user=Andy, uri=/api/transactions/32/image-url]
2026-05-12 14:16:59.499 [http-nio-8080-exec-4] DEBUG c.z.f.t.m.UserMapper.findByUsername      : ==>  Preparing: SELECT * FROM users WHERE username = ?
2026-05-12 14:16:59.500 [http-nio-8080-exec-4] DEBUG c.z.f.t.m.UserMapper.findByUsername      : ==> Parameters: Andy(String)
2026-05-12 14:16:59.502 [http-nio-8080-exec-4] DEBUG c.z.f.t.m.UserMapper.findByUsername      : <==      Total: 1
2026-05-12 14:16:59.502 [http-nio-8080-exec-4] DEBUG c.z.f.t.m.TransactionMapper.findById     : ==>  Preparing: SELECT t.*, c.name as categoryName FROM transactions t LEFT JOIN categories c ON t.category_id = c.id WHERE t.id = ? AND t.user_id = ?
2026-05-12 14:16:59.503 [http-nio-8080-exec-4] DEBUG c.z.f.t.m.TransactionMapper.findById     : ==> Parameters: 32(Long), 1(Long)
2026-05-12 14:16:59.505 [http-nio-8080-exec-4] DEBUG c.z.f.t.m.TransactionMapper.findById     : <==      Total: 1
2026-05-12 14:16:59.600 [http-nio-8080-exec-6] DEBUG c.z.f.t.filter.JwtAuthenticationFilter   : Authenticated [user=Andy, uri=/api/transactions/33/image-url]
2026-05-12 14:16:59.601 [http-nio-8080-exec-6] DEBUG c.z.f.t.m.UserMapper.findByUsername      : ==>  Preparing: SELECT * FROM users WHERE username = ?
2026-05-12 14:16:59.601 [http-nio-8080-exec-6] DEBUG c.z.f.t.m.UserMapper.findByUsername      : ==> Parameters: Andy(String)
2026-05-12 14:16:59.603 [http-nio-8080-exec-6] DEBUG c.z.f.t.m.UserMapper.findByUsername      : <==      Total: 1
2026-05-12 14:16:59.604 [http-nio-8080-exec-6] DEBUG c.z.f.t.m.TransactionMapper.findById     : ==>  Preparing: SELECT t.*, c.name as categoryName FROM transactions t LEFT JOIN categories c ON t.category_id = c.id WHERE t.id = ? AND t.user_id = ?
2026-05-12 14:16:59.605 [http-nio-8080-exec-6] DEBUG c.z.f.t.m.TransactionMapper.findById     : ==> Parameters: 33(Long), 1(Long)
2026-05-12 14:16:59.607 [http-nio-8080-exec-6] DEBUG c.z.f.t.m.TransactionMapper.findById     : <==      Total: 1
2026-05-12 14:16:59.825 [http-nio-8080-exec-9] DEBUG c.z.f.t.filter.JwtAuthenticationFilter   : Authenticated [user=Andy, uri=/api/transactions/34/image-url]
2026-05-12 14:16:59.826 [http-nio-8080-exec-9] DEBUG c.z.f.t.m.UserMapper.findByUsername      : ==>  Preparing: SELECT * FROM users WHERE username = ?
2026-05-12 14:16:59.826 [http-nio-8080-exec-9] DEBUG c.z.f.t.m.UserMapper.findByUsername      : ==> Parameters: Andy(String)
2026-05-12 14:16:59.828 [http-nio-8080-exec-9] DEBUG c.z.f.t.m.UserMapper.findByUsername      : <==      Total: 1
2026-05-12 14:16:59.828 [http-nio-8080-exec-9] DEBUG c.z.f.t.m.TransactionMapper.findById     : ==>  Preparing: SELECT t.*, c.name as categoryName FROM transactions t LEFT JOIN categories c ON t.category_id = c.id WHERE t.id = ? AND t.user_id = ?
2026-05-12 14:16:59.828 [http-nio-8080-exec-9] DEBUG c.z.f.t.m.TransactionMapper.findById     : ==> Parameters: 34(Long), 1(Long)
2026-05-12 14:16:59.831 [http-nio-8080-exec-9] DEBUG c.z.f.t.m.TransactionMapper.findById     : <==      Total: 1
2026-05-12 14:31:14.943 [SpringApplicationShutdownHook] INFO  o.s.b.w.e.tomcat.GracefulShutdown        : Commencing graceful shutdown. Waiting for active requests to complete
2026-05-12 14:31:16.954 [tomcat-shutdown] INFO  o.s.b.w.e.tomcat.GracefulShutdown        : Graceful shutdown complete
2026-05-12 14:41:58.649 [main] INFO  c.z.f.tracker.FinanceTrackerApplication  : The following 1 profile is active: "dev"
2026-05-12 14:41:59.907 [main] INFO  .s.d.r.c.RepositoryConfigurationDelegate : Multiple Spring Data modules found, entering strict repository configuration mode
2026-05-12 14:41:59.914 [main] INFO  .s.d.r.c.RepositoryConfigurationDelegate : Bootstrapping Spring Data Redis repositories in DEFAULT mode.
2026-05-12 14:41:59.999 [main] INFO  .s.d.r.c.RepositoryConfigurationDelegate : Finished Spring Data repository scanning in 24 ms. Found 0 Redis repository interfaces.
2026-05-12 14:42:03.248 [main] INFO  o.s.b.w.embedded.tomcat.TomcatWebServer  : Tomcat initialized with port 8080 (http)
2026-05-12 14:42:03.289 [main] INFO  o.a.coyote.http11.Http11NioProtocol      : Initializing ProtocolHandler ["http-nio-8080"]
2026-05-12 14:42:03.296 [main] INFO  o.apache.catalina.core.StandardService   : Starting service [Tomcat]
2026-05-12 14:42:03.296 [main] INFO  o.apache.catalina.core.StandardEngine    : Starting Servlet engine: [Apache Tomcat/10.1.49]
2026-05-12 14:42:03.413 [main] INFO  o.a.c.c.C.[Tomcat].[localhost].[/]       : Initializing Spring embedded WebApplicationContext
2026-05-12 14:42:03.414 [main] INFO  w.s.c.ServletWebServerApplicationContext : Root WebApplicationContext: initialization completed in 4733 ms
2026-05-12 14:42:03.554 [main] DEBUG c.z.f.t.filter.JwtAuthenticationFilter   : Filter 'jwtAuthenticationFilter' configured for use
2026-05-12 14:42:06.999 [main] INFO  o.a.coyote.http11.Http11NioProtocol      : Starting ProtocolHandler ["http-nio-8080"]
2026-05-12 14:42:07.044 [main] INFO  o.s.b.w.embedded.tomcat.TomcatWebServer  : Tomcat started on port 8080 (http) with context path '/'
2026-05-12 14:42:07.073 [main] INFO  c.z.f.tracker.FinanceTrackerApplication  : Started FinanceTrackerApplication in 10.874 seconds (process running for 12.57)
2026-05-12 14:42:13.128 [http-nio-8080-exec-1] INFO  o.a.c.c.C.[Tomcat].[localhost].[/]       : Initializing Spring DispatcherServlet 'dispatcherServlet'
2026-05-12 14:42:13.380 [http-nio-8080-exec-1] DEBUG c.z.f.t.filter.JwtAuthenticationFilter   : Authenticated [user=Andy, uri=/api/transactions/summary]
2026-05-12 14:42:13.820 [http-nio-8080-exec-1] DEBUG c.z.f.t.m.UserMapper.findByUsername      : ==>  Preparing: SELECT * FROM users WHERE username = ?
2026-05-12 14:42:13.901 [http-nio-8080-exec-1] DEBUG c.z.f.t.m.UserMapper.findByUsername      : ==> Parameters: Andy(String)
2026-05-12 14:42:13.981 [http-nio-8080-exec-1] DEBUG c.z.f.t.m.UserMapper.findByUsername      : <==      Total: 1
2026-05-12 14:42:14.722 [http-nio-8080-exec-1] DEBUG c.z.f.t.m.T.getTotalBalance              : ==>  Preparing: SELECT COALESCE( SUM(CASE WHEN type = 'INCOME' THEN amount ELSE ABS(amount) * -1 END), 0 ) FROM transactions WHERE user_id = ?
2026-05-12 14:42:14.729 [http-nio-8080-exec-1] DEBUG c.z.f.t.m.T.getTotalBalance              : ==> Parameters: 1(Long)
2026-05-12 14:42:14.738 [http-nio-8080-exec-1] DEBUG c.z.f.t.m.T.getTotalBalance              : <==      Total: 1
2026-05-12 14:42:14.740 [http-nio-8080-exec-1] DEBUG c.z.f.t.m.T.getMonthlyBalance            : ==>  Preparing: SELECT SUM(CASE WHEN type = 'INCOME' THEN amount ELSE 0 END) as income, SUM(CASE WHEN type = 'EXPENSE' THEN ABS(amount) ELSE 0 END) as expense, SUM(CASE WHEN type = 'INCOME' THEN amount ELSE ABS(amount) * -1 END) as net FROM transactions WHERE user_id = ? AND DATE_FORMAT(date, '%Y-%m') = ?
2026-05-12 14:42:14.741 [http-nio-8080-exec-1] DEBUG c.z.f.t.m.T.getMonthlyBalance            : ==> Parameters: 1(Long), 2026-05(String)
2026-05-12 14:42:14.744 [http-nio-8080-exec-1] DEBUG c.z.f.t.m.T.getMonthlyBalance            : <==      Total: 1
2026-05-12 14:42:14.746 [http-nio-8080-exec-1] DEBUG c.z.f.t.m.T.getIncomeVsExpense           : ==>  Preparing: SELECT SUM(CASE WHEN type = 'INCOME' THEN amount ELSE 0 END) as totalIncome, SUM(CASE WHEN type = 'EXPENSE' THEN ABS(amount) ELSE 0 END) as totalExpense FROM transactions WHERE user_id = ?
2026-05-12 14:42:14.747 [http-nio-8080-exec-1] DEBUG c.z.f.t.m.T.getIncomeVsExpense           : ==> Parameters: 1(Long)
2026-05-12 14:42:14.750 [http-nio-8080-exec-1] DEBUG c.z.f.t.m.T.getIncomeVsExpense           : <==      Total: 1
2026-05-12 14:42:14.751 [http-nio-8080-exec-1] DEBUG c.z.f.t.m.T.getCategorySummary           : ==>  Preparing: SELECT c.name as name, SUM(ABS(t.amount)) as value FROM transactions t INNER JOIN categories c ON t.category_id = c.id WHERE t.user_id = ? AND t.type = ? GROUP BY c.name
2026-05-12 14:42:14.753 [http-nio-8080-exec-1] DEBUG c.z.f.t.m.T.getCategorySummary           : ==> Parameters: 1(Long), INCOME(String)
2026-05-12 14:42:14.757 [http-nio-8080-exec-1] DEBUG c.z.f.t.m.T.getCategorySummary           : <==      Total: 4
2026-05-12 14:42:14.758 [http-nio-8080-exec-1] DEBUG c.z.f.t.m.T.getCategorySummary           : ==>  Preparing: SELECT c.name as name, SUM(ABS(t.amount)) as value FROM transactions t INNER JOIN categories c ON t.category_id = c.id WHERE t.user_id = ? AND t.type = ? GROUP BY c.name
2026-05-12 14:42:14.759 [http-nio-8080-exec-1] DEBUG c.z.f.t.m.T.getCategorySummary           : ==> Parameters: 1(Long), EXPENSE(String)
2026-05-12 14:42:14.763 [http-nio-8080-exec-1] DEBUG c.z.f.t.m.T.getCategorySummary           : <==      Total: 7
2026-05-12 14:42:15.143 [http-nio-8080-exec-3] DEBUG c.z.f.t.filter.JwtAuthenticationFilter   : Authenticated [user=Andy, uri=/api/transactions/daily-trends]
2026-05-12 14:42:15.147 [http-nio-8080-exec-3] DEBUG c.z.f.t.m.UserMapper.findByUsername      : ==>  Preparing: SELECT * FROM users WHERE username = ?
2026-05-12 14:42:15.147 [http-nio-8080-exec-3] DEBUG c.z.f.t.m.UserMapper.findByUsername      : ==> Parameters: Andy(String)
2026-05-12 14:42:15.149 [http-nio-8080-exec-3] DEBUG c.z.f.t.m.UserMapper.findByUsername      : <==      Total: 1
2026-05-12 14:42:15.153 [http-nio-8080-exec-3] DEBUG c.z.f.t.m.T.getDailyTrends               : ==>  Preparing: SELECT DATE(t.date) as date, SUM(CASE WHEN t.type = 'INCOME' THEN t.amount ELSE 0 END) as income, SUM(CASE WHEN t.type = 'EXPENSE' THEN t.amount ELSE 0 END) as expense FROM transactions t WHERE t.user_id = ? AND t.date >= DATE_SUB(CURDATE(), INTERVAL ? DAY) GROUP BY DATE(t.date) ORDER BY date ASC
2026-05-12 14:42:15.156 [http-nio-8080-exec-3] DEBUG c.z.f.t.m.T.getDailyTrends               : ==> Parameters: 1(Long), 30(Integer)
2026-05-12 14:42:15.162 [http-nio-8080-exec-3] DEBUG c.z.f.t.m.T.getDailyTrends               : <==      Total: 11
2026-05-12 14:42:15.308 [http-nio-8080-exec-5] DEBUG c.z.f.t.filter.JwtAuthenticationFilter   : Authenticated [user=Andy, uri=/api/transactions/history]
2026-05-12 14:42:15.317 [http-nio-8080-exec-5] DEBUG c.z.f.t.m.UserMapper.findByUsername      : ==>  Preparing: SELECT * FROM users WHERE username = ?
2026-05-12 14:42:15.318 [http-nio-8080-exec-5] DEBUG c.z.f.t.m.UserMapper.findByUsername      : ==> Parameters: Andy(String)
2026-05-12 14:42:15.320 [http-nio-8080-exec-5] DEBUG c.z.f.t.m.UserMapper.findByUsername      : <==      Total: 1
2026-05-12 14:42:15.363 [http-nio-8080-exec-5] DEBUG c.z.f.t.m.T.findAllFiltered              : ==>  Preparing: SELECT t.*, c.name as categoryName FROM transactions t LEFT JOIN categories c ON t.category_id = c.id WHERE t.user_id = ? ORDER BY t.date DESC, t.id DESC LIMIT ? OFFSET ?
2026-05-12 14:42:15.364 [http-nio-8080-exec-5] DEBUG c.z.f.t.m.T.findAllFiltered              : ==> Parameters: 1(Long), 5(Integer), 0(Integer)
2026-05-12 14:42:15.373 [http-nio-8080-exec-5] DEBUG c.z.f.t.m.T.findAllFiltered              : <==      Total: 5
2026-05-12 14:42:16.548 [http-nio-8080-exec-5] DEBUG c.z.f.t.m.T.countFiltered                : ==>  Preparing: SELECT COUNT(*) FROM transactions t WHERE user_id = ?
2026-05-12 14:42:16.548 [http-nio-8080-exec-5] DEBUG c.z.f.t.m.T.countFiltered                : ==> Parameters: 1(Long)
2026-05-12 14:42:16.551 [http-nio-8080-exec-5] DEBUG c.z.f.t.m.T.countFiltered                : <==      Total: 1
2026-05-12 14:42:16.552 [http-nio-8080-exec-5] DEBUG c.z.f.t.c.TransactionController          : History query [userId=1, page=0, size=5, total=32]
2026-05-12 14:42:16.679 [http-nio-8080-exec-7] DEBUG c.z.f.t.filter.JwtAuthenticationFilter   : Authenticated [user=Andy, uri=/api/recurring/upcoming]
2026-05-12 14:42:16.680 [http-nio-8080-exec-7] DEBUG c.z.f.t.m.UserMapper.findByUsername      : ==>  Preparing: SELECT * FROM users WHERE username = ?
2026-05-12 14:42:16.680 [http-nio-8080-exec-7] DEBUG c.z.f.t.m.UserMapper.findByUsername      : ==> Parameters: Andy(String)
2026-05-12 14:42:16.682 [http-nio-8080-exec-7] DEBUG c.z.f.t.m.UserMapper.findByUsername      : <==      Total: 1
2026-05-12 14:42:16.683 [http-nio-8080-exec-7] DEBUG c.z.f.t.m.RecurringMapper.findUpcoming   : ==>  Preparing: SELECT r.*, c.name as categoryName FROM recurring_transactions r LEFT JOIN categories c ON r.category_id = c.id WHERE r.user_id = ? AND r.is_active = TRUE AND r.next_due_date <= DATE_ADD(CURDATE(), INTERVAL ? DAY) ORDER BY r.next_due_date ASC
2026-05-12 14:42:16.684 [http-nio-8080-exec-7] DEBUG c.z.f.t.m.RecurringMapper.findUpcoming   : ==> Parameters: 1(Long), 7(Integer)
2026-05-12 14:42:16.686 [http-nio-8080-exec-7] DEBUG c.z.f.t.m.RecurringMapper.findUpcoming   : <==      Total: 0
2026-05-12 14:42:19.676 [http-nio-8080-exec-9] DEBUG c.z.f.t.filter.JwtAuthenticationFilter   : Authenticated [user=Andy, uri=/api/categories]
2026-05-12 14:42:19.679 [http-nio-8080-exec-9] DEBUG c.z.f.t.m.UserMapper.findByUsername      : ==>  Preparing: SELECT * FROM users WHERE username = ?
2026-05-12 14:42:19.680 [http-nio-8080-exec-9] DEBUG c.z.f.t.m.UserMapper.findByUsername      : ==> Parameters: Andy(String)
2026-05-12 14:42:19.682 [http-nio-8080-exec-9] DEBUG c.z.f.t.m.UserMapper.findByUsername      : <==      Total: 1
2026-05-12 14:42:19.686 [http-nio-8080-exec-9] DEBUG c.z.f.t.m.C.findByUserIdAndType          : ==>  Preparing: SELECT * FROM categories WHERE user_id = ? AND type = ? ORDER BY name ASC
2026-05-12 14:42:19.686 [http-nio-8080-exec-9] DEBUG c.z.f.t.m.C.findByUserIdAndType          : ==> Parameters: 1(Long), EXPENSE(String)
2026-05-12 14:42:19.690 [http-nio-8080-exec-9] DEBUG c.z.f.t.m.C.findByUserIdAndType          : <==      Total: 10
2026-05-12 14:42:19.764 [http-nio-8080-exec-1] DEBUG c.z.f.t.filter.JwtAuthenticationFilter   : Authenticated [user=Andy, uri=/api/transactions/history]
2026-05-12 14:42:19.766 [http-nio-8080-exec-1] DEBUG c.z.f.t.m.UserMapper.findByUsername      : ==>  Preparing: SELECT * FROM users WHERE username = ?
2026-05-12 14:42:19.766 [http-nio-8080-exec-1] DEBUG c.z.f.t.m.UserMapper.findByUsername      : ==> Parameters: Andy(String)
2026-05-12 14:42:19.768 [http-nio-8080-exec-1] DEBUG c.z.f.t.m.UserMapper.findByUsername      : <==      Total: 1
2026-05-12 14:42:19.769 [http-nio-8080-exec-1] DEBUG c.z.f.t.m.T.findAllFiltered              : ==>  Preparing: SELECT t.*, c.name as categoryName FROM transactions t LEFT JOIN categories c ON t.category_id = c.id WHERE t.user_id = ? ORDER BY t.date DESC, t.id DESC LIMIT ? OFFSET ?
2026-05-12 14:42:19.769 [http-nio-8080-exec-1] DEBUG c.z.f.t.m.T.findAllFiltered              : ==> Parameters: 1(Long), 15(Integer), 0(Integer)
2026-05-12 14:42:19.776 [http-nio-8080-exec-1] DEBUG c.z.f.t.m.T.findAllFiltered              : <==      Total: 15
2026-05-12 14:42:19.788 [http-nio-8080-exec-1] DEBUG c.z.f.t.m.T.countFiltered                : ==>  Preparing: SELECT COUNT(*) FROM transactions t WHERE user_id = ?
2026-05-12 14:42:19.789 [http-nio-8080-exec-1] DEBUG c.z.f.t.m.T.countFiltered                : ==> Parameters: 1(Long)
2026-05-12 14:42:19.791 [http-nio-8080-exec-1] DEBUG c.z.f.t.m.T.countFiltered                : <==      Total: 1
2026-05-12 14:42:19.791 [http-nio-8080-exec-1] DEBUG c.z.f.t.c.TransactionController          : History query [userId=1, page=0, size=15, total=32]
2026-05-12 14:42:19.856 [http-nio-8080-exec-3] DEBUG c.z.f.t.filter.JwtAuthenticationFilter   : Authenticated [user=Andy, uri=/api/categories]
2026-05-12 14:42:19.857 [http-nio-8080-exec-3] DEBUG c.z.f.t.m.UserMapper.findByUsername      : ==>  Preparing: SELECT * FROM users WHERE username = ?
2026-05-12 14:42:19.857 [http-nio-8080-exec-3] DEBUG c.z.f.t.m.UserMapper.findByUsername      : ==> Parameters: Andy(String)
2026-05-12 14:42:19.859 [http-nio-8080-exec-3] DEBUG c.z.f.t.m.UserMapper.findByUsername      : <==      Total: 1
2026-05-12 14:42:19.862 [http-nio-8080-exec-3] DEBUG c.z.f.t.m.C.findByUserIdAndType          : ==>  Preparing: SELECT * FROM categories WHERE user_id = ? AND type = ? ORDER BY name ASC
2026-05-12 14:42:19.863 [http-nio-8080-exec-3] DEBUG c.z.f.t.m.C.findByUserIdAndType          : ==> Parameters: 1(Long), INCOME(String)
2026-05-12 14:42:19.866 [http-nio-8080-exec-3] DEBUG c.z.f.t.m.C.findByUserIdAndType          : <==      Total: 5
2026-05-12 14:44:33.271 [http-nio-8080-exec-5] DEBUG c.z.f.t.filter.JwtAuthenticationFilter   : Authenticated [user=Andy, uri=/api/transactions/summary]
2026-05-12 14:44:33.274 [http-nio-8080-exec-5] DEBUG c.z.f.t.m.UserMapper.findByUsername      : ==>  Preparing: SELECT * FROM users WHERE username = ?
2026-05-12 14:44:33.275 [http-nio-8080-exec-5] DEBUG c.z.f.t.m.UserMapper.findByUsername      : ==> Parameters: Andy(String)
2026-05-12 14:44:33.278 [http-nio-8080-exec-5] DEBUG c.z.f.t.m.UserMapper.findByUsername      : <==      Total: 1
2026-05-12 14:44:33.477 [http-nio-8080-exec-7] DEBUG c.z.f.t.filter.JwtAuthenticationFilter   : Authenticated [user=Andy, uri=/api/transactions/daily-trends]
2026-05-12 14:44:33.478 [http-nio-8080-exec-7] DEBUG c.z.f.t.m.UserMapper.findByUsername      : ==>  Preparing: SELECT * FROM users WHERE username = ?
2026-05-12 14:44:33.479 [http-nio-8080-exec-7] DEBUG c.z.f.t.m.UserMapper.findByUsername      : ==> Parameters: Andy(String)
2026-05-12 14:44:33.481 [http-nio-8080-exec-7] DEBUG c.z.f.t.m.UserMapper.findByUsername      : <==      Total: 1
2026-05-12 14:44:33.623 [http-nio-8080-exec-9] DEBUG c.z.f.t.filter.JwtAuthenticationFilter   : Authenticated [user=Andy, uri=/api/transactions/history]
2026-05-12 14:44:33.625 [http-nio-8080-exec-9] DEBUG c.z.f.t.m.UserMapper.findByUsername      : ==>  Preparing: SELECT * FROM users WHERE username = ?
2026-05-12 14:44:33.626 [http-nio-8080-exec-9] DEBUG c.z.f.t.m.UserMapper.findByUsername      : ==> Parameters: Andy(String)
2026-05-12 14:44:33.628 [http-nio-8080-exec-9] DEBUG c.z.f.t.m.UserMapper.findByUsername      : <==      Total: 1
2026-05-12 14:44:33.629 [http-nio-8080-exec-9] DEBUG c.z.f.t.m.T.findAllFiltered              : ==>  Preparing: SELECT t.*, c.name as categoryName FROM transactions t LEFT JOIN categories c ON t.category_id = c.id WHERE t.user_id = ? ORDER BY t.date DESC, t.id DESC LIMIT ? OFFSET ?
2026-05-12 14:44:33.630 [http-nio-8080-exec-9] DEBUG c.z.f.t.m.T.findAllFiltered              : ==> Parameters: 1(Long), 5(Integer), 0(Integer)
2026-05-12 14:44:33.634 [http-nio-8080-exec-9] DEBUG c.z.f.t.m.T.findAllFiltered              : <==      Total: 5
2026-05-12 14:44:51.326 [http-nio-8080-exec-9] DEBUG c.z.f.t.m.T.countFiltered                : ==>  Preparing: SELECT COUNT(*) FROM transactions t WHERE user_id = ?
2026-05-12 14:44:51.334 [http-nio-8080-exec-9] DEBUG c.z.f.t.m.T.countFiltered                : ==> Parameters: 1(Long)
2026-05-12 14:44:51.341 [http-nio-8080-exec-9] DEBUG c.z.f.t.m.T.countFiltered                : <==      Total: 1
2026-05-12 14:44:51.344 [http-nio-8080-exec-9] DEBUG c.z.f.t.c.TransactionController          : History query [userId=1, page=0, size=5, total=32]
2026-05-12 14:44:51.496 [http-nio-8080-exec-1] DEBUG c.z.f.t.filter.JwtAuthenticationFilter   : Authenticated [user=Andy, uri=/api/recurring/upcoming]
2026-05-12 14:44:51.497 [http-nio-8080-exec-1] DEBUG c.z.f.t.m.UserMapper.findByUsername      : ==>  Preparing: SELECT * FROM users WHERE username = ?
2026-05-12 14:44:51.497 [http-nio-8080-exec-1] DEBUG c.z.f.t.m.UserMapper.findByUsername      : ==> Parameters: Andy(String)
2026-05-12 14:44:51.499 [http-nio-8080-exec-1] DEBUG c.z.f.t.m.UserMapper.findByUsername      : <==      Total: 1
2026-05-12 14:44:51.500 [http-nio-8080-exec-1] DEBUG c.z.f.t.m.RecurringMapper.findUpcoming   : ==>  Preparing: SELECT r.*, c.name as categoryName FROM recurring_transactions r LEFT JOIN categories c ON r.category_id = c.id WHERE r.user_id = ? AND r.is_active = TRUE AND r.next_due_date <= DATE_ADD(CURDATE(), INTERVAL ? DAY) ORDER BY r.next_due_date ASC
2026-05-12 14:44:51.501 [http-nio-8080-exec-1] DEBUG c.z.f.t.m.RecurringMapper.findUpcoming   : ==> Parameters: 1(Long), 7(Integer)
2026-05-12 14:44:51.503 [http-nio-8080-exec-1] DEBUG c.z.f.t.m.RecurringMapper.findUpcoming   : <==      Total: 0
2026-05-12 14:45:04.593 [http-nio-8080-exec-3] DEBUG c.z.f.t.filter.JwtAuthenticationFilter   : Authenticated [user=Andy, uri=/api/categories]
2026-05-12 14:45:04.596 [http-nio-8080-exec-3] DEBUG c.z.f.t.m.UserMapper.findByUsername      : ==>  Preparing: SELECT * FROM users WHERE username = ?
2026-05-12 14:45:04.597 [http-nio-8080-exec-3] DEBUG c.z.f.t.m.UserMapper.findByUsername      : ==> Parameters: Andy(String)
2026-05-12 14:45:04.600 [http-nio-8080-exec-3] DEBUG c.z.f.t.m.UserMapper.findByUsername      : <==      Total: 1
2026-05-12 14:45:04.766 [http-nio-8080-exec-5] DEBUG c.z.f.t.filter.JwtAuthenticationFilter   : Authenticated [user=Andy, uri=/api/transactions/history]
2026-05-12 14:45:04.767 [http-nio-8080-exec-5] DEBUG c.z.f.t.m.UserMapper.findByUsername      : ==>  Preparing: SELECT * FROM users WHERE username = ?
2026-05-12 14:45:04.768 [http-nio-8080-exec-5] DEBUG c.z.f.t.m.UserMapper.findByUsername      : ==> Parameters: Andy(String)
2026-05-12 14:45:04.770 [http-nio-8080-exec-5] DEBUG c.z.f.t.m.UserMapper.findByUsername      : <==      Total: 1
2026-05-12 14:45:04.771 [http-nio-8080-exec-5] DEBUG c.z.f.t.m.T.findAllFiltered              : ==>  Preparing: SELECT t.*, c.name as categoryName FROM transactions t LEFT JOIN categories c ON t.category_id = c.id WHERE t.user_id = ? ORDER BY t.date DESC, t.id DESC LIMIT ? OFFSET ?
2026-05-12 14:45:04.772 [http-nio-8080-exec-5] DEBUG c.z.f.t.m.T.findAllFiltered              : ==> Parameters: 1(Long), 15(Integer), 0(Integer)
2026-05-12 14:45:04.780 [http-nio-8080-exec-5] DEBUG c.z.f.t.m.T.findAllFiltered              : <==      Total: 15
2026-05-12 14:45:22.185 [http-nio-8080-exec-6] DEBUG c.z.f.t.filter.JwtAuthenticationFilter   : Authenticated [user=Andy, uri=/api/categories]
2026-05-12 14:45:22.189 [http-nio-8080-exec-6] DEBUG c.z.f.t.m.UserMapper.findByUsername      : ==>  Preparing: SELECT * FROM users WHERE username = ?
2026-05-12 14:45:22.190 [http-nio-8080-exec-6] DEBUG c.z.f.t.m.UserMapper.findByUsername      : ==> Parameters: Andy(String)
2026-05-12 14:45:22.194 [http-nio-8080-exec-6] DEBUG c.z.f.t.m.UserMapper.findByUsername      : <==      Total: 1
2026-05-12 14:45:52.221 [http-nio-8080-exec-5] DEBUG c.z.f.t.m.T.countFiltered                : ==>  Preparing: SELECT COUNT(*) FROM transactions t WHERE user_id = ?
2026-05-12 14:45:52.222 [http-nio-8080-exec-5] DEBUG c.z.f.t.m.T.countFiltered                : ==> Parameters: 1(Long)
2026-05-12 14:45:52.225 [http-nio-8080-exec-5] DEBUG c.z.f.t.m.T.countFiltered                : <==      Total: 1
2026-05-12 14:45:52.226 [http-nio-8080-exec-5] DEBUG c.z.f.t.c.TransactionController          : History query [userId=1, page=0, size=15, total=32]
2026-05-12 14:46:47.689 [http-nio-8080-exec-9] DEBUG c.z.f.t.filter.JwtAuthenticationFilter   : Authenticated [user=Andy, uri=/api/transactions/summary]
2026-05-12 14:46:47.692 [http-nio-8080-exec-9] DEBUG c.z.f.t.m.UserMapper.findByUsername      : ==>  Preparing: SELECT * FROM users WHERE username = ?
2026-05-12 14:46:47.692 [http-nio-8080-exec-9] DEBUG c.z.f.t.m.UserMapper.findByUsername      : ==> Parameters: Andy(String)
2026-05-12 14:46:47.694 [http-nio-8080-exec-9] DEBUG c.z.f.t.m.UserMapper.findByUsername      : <==      Total: 1
2026-05-12 14:46:47.953 [http-nio-8080-exec-1] DEBUG c.z.f.t.filter.JwtAuthenticationFilter   : Authenticated [user=Andy, uri=/api/transactions/daily-trends]
2026-05-12 14:46:47.954 [http-nio-8080-exec-1] DEBUG c.z.f.t.m.UserMapper.findByUsername      : ==>  Preparing: SELECT * FROM users WHERE username = ?
2026-05-12 14:46:47.955 [http-nio-8080-exec-1] DEBUG c.z.f.t.m.UserMapper.findByUsername      : ==> Parameters: Andy(String)
2026-05-12 14:46:47.958 [http-nio-8080-exec-1] DEBUG c.z.f.t.m.UserMapper.findByUsername      : <==      Total: 1
2026-05-12 14:46:48.229 [http-nio-8080-exec-3] DEBUG c.z.f.t.filter.JwtAuthenticationFilter   : Authenticated [user=Andy, uri=/api/transactions/history]
2026-05-12 14:46:48.230 [http-nio-8080-exec-3] DEBUG c.z.f.t.m.UserMapper.findByUsername      : ==>  Preparing: SELECT * FROM users WHERE username = ?
2026-05-12 14:46:48.231 [http-nio-8080-exec-3] DEBUG c.z.f.t.m.UserMapper.findByUsername      : ==> Parameters: Andy(String)
2026-05-12 14:46:48.233 [http-nio-8080-exec-3] DEBUG c.z.f.t.m.UserMapper.findByUsername      : <==      Total: 1
2026-05-12 14:46:48.235 [http-nio-8080-exec-3] DEBUG c.z.f.t.m.T.findAllFiltered              : ==>  Preparing: SELECT t.*, c.name as categoryName FROM transactions t LEFT JOIN categories c ON t.category_id = c.id WHERE t.user_id = ? ORDER BY t.date DESC, t.id DESC LIMIT ? OFFSET ?
2026-05-12 14:46:48.235 [http-nio-8080-exec-3] DEBUG c.z.f.t.m.T.findAllFiltered              : ==> Parameters: 1(Long), 5(Integer), 0(Integer)
2026-05-12 14:46:48.239 [http-nio-8080-exec-3] DEBUG c.z.f.t.m.T.findAllFiltered              : <==      Total: 5
2026-05-12 14:46:52.517 [http-nio-8080-exec-3] DEBUG c.z.f.t.m.T.countFiltered                : ==>  Preparing: SELECT COUNT(*) FROM transactions t WHERE user_id = ?
2026-05-12 14:46:52.517 [http-nio-8080-exec-3] DEBUG c.z.f.t.m.T.countFiltered                : ==> Parameters: 1(Long)
2026-05-12 14:46:52.520 [http-nio-8080-exec-3] DEBUG c.z.f.t.m.T.countFiltered                : <==      Total: 1
2026-05-12 14:46:52.520 [http-nio-8080-exec-3] DEBUG c.z.f.t.c.TransactionController          : History query [userId=1, page=0, size=5, total=32]
2026-05-12 14:46:52.611 [http-nio-8080-exec-6] DEBUG c.z.f.t.filter.JwtAuthenticationFilter   : Authenticated [user=Andy, uri=/api/recurring/upcoming]
2026-05-12 14:46:52.612 [http-nio-8080-exec-6] DEBUG c.z.f.t.m.UserMapper.findByUsername      : ==>  Preparing: SELECT * FROM users WHERE username = ?
2026-05-12 14:46:52.612 [http-nio-8080-exec-6] DEBUG c.z.f.t.m.UserMapper.findByUsername      : ==> Parameters: Andy(String)
2026-05-12 14:46:52.614 [http-nio-8080-exec-6] DEBUG c.z.f.t.m.UserMapper.findByUsername      : <==      Total: 1
2026-05-12 14:46:52.615 [http-nio-8080-exec-6] DEBUG c.z.f.t.m.RecurringMapper.findUpcoming   : ==>  Preparing: SELECT r.*, c.name as categoryName FROM recurring_transactions r LEFT JOIN categories c ON r.category_id = c.id WHERE r.user_id = ? AND r.is_active = TRUE AND r.next_due_date <= DATE_ADD(CURDATE(), INTERVAL ? DAY) ORDER BY r.next_due_date ASC
2026-05-12 14:46:52.615 [http-nio-8080-exec-6] DEBUG c.z.f.t.m.RecurringMapper.findUpcoming   : ==> Parameters: 1(Long), 7(Integer)
2026-05-12 14:46:52.617 [http-nio-8080-exec-6] DEBUG c.z.f.t.m.RecurringMapper.findUpcoming   : <==      Total: 0
2026-05-12 14:46:56.559 [http-nio-8080-exec-5] DEBUG c.z.f.t.filter.JwtAuthenticationFilter   : Authenticated [user=Andy, uri=/api/categories]
2026-05-12 14:46:56.562 [http-nio-8080-exec-5] DEBUG c.z.f.t.m.UserMapper.findByUsername      : ==>  Preparing: SELECT * FROM users WHERE username = ?
2026-05-12 14:46:56.562 [http-nio-8080-exec-5] DEBUG c.z.f.t.m.UserMapper.findByUsername      : ==> Parameters: Andy(String)
2026-05-12 14:46:56.564 [http-nio-8080-exec-5] DEBUG c.z.f.t.m.UserMapper.findByUsername      : <==      Total: 1
2026-05-12 14:46:56.643 [http-nio-8080-exec-9] DEBUG c.z.f.t.filter.JwtAuthenticationFilter   : Authenticated [user=Andy, uri=/api/transactions/history]
2026-05-12 14:46:56.644 [http-nio-8080-exec-9] DEBUG c.z.f.t.m.UserMapper.findByUsername      : ==>  Preparing: SELECT * FROM users WHERE username = ?
2026-05-12 14:46:56.645 [http-nio-8080-exec-9] DEBUG c.z.f.t.m.UserMapper.findByUsername      : ==> Parameters: Andy(String)
2026-05-12 14:46:56.646 [http-nio-8080-exec-9] DEBUG c.z.f.t.m.UserMapper.findByUsername      : <==      Total: 1
2026-05-12 14:46:56.647 [http-nio-8080-exec-9] DEBUG c.z.f.t.m.T.findAllFiltered              : ==>  Preparing: SELECT t.*, c.name as categoryName FROM transactions t LEFT JOIN categories c ON t.category_id = c.id WHERE t.user_id = ? ORDER BY t.date DESC, t.id DESC LIMIT ? OFFSET ?
2026-05-12 14:46:56.647 [http-nio-8080-exec-9] DEBUG c.z.f.t.m.T.findAllFiltered              : ==> Parameters: 1(Long), 15(Integer), 0(Integer)
2026-05-12 14:46:56.651 [http-nio-8080-exec-9] DEBUG c.z.f.t.m.T.findAllFiltered              : <==      Total: 15
2026-05-12 14:46:58.134 [http-nio-8080-exec-10] DEBUG c.z.f.t.filter.JwtAuthenticationFilter   : Authenticated [user=Andy, uri=/api/categories]
2026-05-12 14:46:58.137 [http-nio-8080-exec-10] DEBUG c.z.f.t.m.UserMapper.findByUsername      : ==>  Preparing: SELECT * FROM users WHERE username = ?
2026-05-12 14:46:58.137 [http-nio-8080-exec-10] DEBUG c.z.f.t.m.UserMapper.findByUsername      : ==> Parameters: Andy(String)
2026-05-12 14:46:58.140 [http-nio-8080-exec-10] DEBUG c.z.f.t.m.UserMapper.findByUsername      : <==      Total: 1
2026-05-12 14:46:58.713 [http-nio-8080-exec-9] DEBUG c.z.f.t.m.T.countFiltered                : ==>  Preparing: SELECT COUNT(*) FROM transactions t WHERE user_id = ?
2026-05-12 14:46:58.714 [http-nio-8080-exec-9] DEBUG c.z.f.t.m.T.countFiltered                : ==> Parameters: 1(Long)
2026-05-12 14:46:58.716 [http-nio-8080-exec-9] DEBUG c.z.f.t.m.T.countFiltered                : <==      Total: 1
2026-05-12 14:46:58.716 [http-nio-8080-exec-9] DEBUG c.z.f.t.c.TransactionController          : History query [userId=1, page=0, size=15, total=32]
2026-05-12 14:50:37.929 [http-nio-8080-exec-3] DEBUG c.z.f.t.filter.JwtAuthenticationFilter   : Authenticated [user=Andy, uri=/api/transactions/summary]
2026-05-12 14:50:37.932 [http-nio-8080-exec-3] DEBUG c.z.f.t.m.UserMapper.findByUsername      : ==>  Preparing: SELECT * FROM users WHERE username = ?
2026-05-12 14:50:37.932 [http-nio-8080-exec-3] DEBUG c.z.f.t.m.UserMapper.findByUsername      : ==> Parameters: Andy(String)
2026-05-12 14:50:37.934 [http-nio-8080-exec-3] DEBUG c.z.f.t.m.UserMapper.findByUsername      : <==      Total: 1
2026-05-12 14:50:37.936 [http-nio-8080-exec-3] DEBUG c.z.f.t.m.T.getTotalBalance              : ==>  Preparing: SELECT COALESCE( SUM(CASE WHEN type = 'INCOME' THEN amount ELSE ABS(amount) * -1 END), 0 ) FROM transactions WHERE user_id = ?
2026-05-12 14:50:37.937 [http-nio-8080-exec-3] DEBUG c.z.f.t.m.T.getTotalBalance              : ==> Parameters: 1(Long)
2026-05-12 14:50:37.939 [http-nio-8080-exec-3] DEBUG c.z.f.t.m.T.getTotalBalance              : <==      Total: 1
2026-05-12 14:50:37.940 [http-nio-8080-exec-3] DEBUG c.z.f.t.m.T.getMonthlyBalance            : ==>  Preparing: SELECT SUM(CASE WHEN type = 'INCOME' THEN amount ELSE 0 END) as income, SUM(CASE WHEN type = 'EXPENSE' THEN ABS(amount) ELSE 0 END) as expense, SUM(CASE WHEN type = 'INCOME' THEN amount ELSE ABS(amount) * -1 END) as net FROM transactions WHERE user_id = ? AND DATE_FORMAT(date, '%Y-%m') = ?
2026-05-12 14:50:37.940 [http-nio-8080-exec-3] DEBUG c.z.f.t.m.T.getMonthlyBalance            : ==> Parameters: 1(Long), 2026-05(String)
2026-05-12 14:50:37.942 [http-nio-8080-exec-3] DEBUG c.z.f.t.m.T.getMonthlyBalance            : <==      Total: 1
2026-05-12 14:50:37.942 [http-nio-8080-exec-3] DEBUG c.z.f.t.m.T.getIncomeVsExpense           : ==>  Preparing: SELECT SUM(CASE WHEN type = 'INCOME' THEN amount ELSE 0 END) as totalIncome, SUM(CASE WHEN type = 'EXPENSE' THEN ABS(amount) ELSE 0 END) as totalExpense FROM transactions WHERE user_id = ?
2026-05-12 14:50:37.943 [http-nio-8080-exec-3] DEBUG c.z.f.t.m.T.getIncomeVsExpense           : ==> Parameters: 1(Long)
2026-05-12 14:50:37.944 [http-nio-8080-exec-3] DEBUG c.z.f.t.m.T.getIncomeVsExpense           : <==      Total: 1
2026-05-12 14:50:37.945 [http-nio-8080-exec-3] DEBUG c.z.f.t.m.T.getCategorySummary           : ==>  Preparing: SELECT c.name as name, SUM(ABS(t.amount)) as value FROM transactions t INNER JOIN categories c ON t.category_id = c.id WHERE t.user_id = ? AND t.type = ? GROUP BY c.name
2026-05-12 14:50:37.945 [http-nio-8080-exec-3] DEBUG c.z.f.t.m.T.getCategorySummary           : ==> Parameters: 1(Long), INCOME(String)
2026-05-12 14:50:37.947 [http-nio-8080-exec-3] DEBUG c.z.f.t.m.T.getCategorySummary           : <==      Total: 4
2026-05-12 14:50:37.947 [http-nio-8080-exec-3] DEBUG c.z.f.t.m.T.getCategorySummary           : ==>  Preparing: SELECT c.name as name, SUM(ABS(t.amount)) as value FROM transactions t INNER JOIN categories c ON t.category_id = c.id WHERE t.user_id = ? AND t.type = ? GROUP BY c.name
2026-05-12 14:50:37.947 [http-nio-8080-exec-3] DEBUG c.z.f.t.m.T.getCategorySummary           : ==> Parameters: 1(Long), EXPENSE(String)
2026-05-12 14:50:37.949 [http-nio-8080-exec-3] DEBUG c.z.f.t.m.T.getCategorySummary           : <==      Total: 7
2026-05-12 14:50:38.216 [http-nio-8080-exec-6] DEBUG c.z.f.t.filter.JwtAuthenticationFilter   : Authenticated [user=Andy, uri=/api/transactions/daily-trends]
2026-05-12 14:50:38.217 [http-nio-8080-exec-6] DEBUG c.z.f.t.m.UserMapper.findByUsername      : ==>  Preparing: SELECT * FROM users WHERE username = ?
2026-05-12 14:50:38.217 [http-nio-8080-exec-6] DEBUG c.z.f.t.m.UserMapper.findByUsername      : ==> Parameters: Andy(String)
2026-05-12 14:50:38.219 [http-nio-8080-exec-6] DEBUG c.z.f.t.m.UserMapper.findByUsername      : <==      Total: 1
2026-05-12 14:50:38.222 [http-nio-8080-exec-6] DEBUG c.z.f.t.m.T.getDailyTrends               : ==>  Preparing: SELECT DATE(t.date) as date, SUM(CASE WHEN t.type = 'INCOME' THEN t.amount ELSE 0 END) as income, SUM(CASE WHEN t.type = 'EXPENSE' THEN t.amount ELSE 0 END) as expense FROM transactions t WHERE t.user_id = ? AND t.date >= DATE_SUB(CURDATE(), INTERVAL ? DAY) GROUP BY DATE(t.date) ORDER BY date ASC
2026-05-12 14:50:38.222 [http-nio-8080-exec-6] DEBUG c.z.f.t.m.T.getDailyTrends               : ==> Parameters: 1(Long), 30(Integer)
2026-05-12 14:50:38.225 [http-nio-8080-exec-6] DEBUG c.z.f.t.m.T.getDailyTrends               : <==      Total: 11
2026-05-12 14:50:38.488 [http-nio-8080-exec-5] DEBUG c.z.f.t.filter.JwtAuthenticationFilter   : Authenticated [user=Andy, uri=/api/transactions/history]
2026-05-12 14:50:38.490 [http-nio-8080-exec-5] DEBUG c.z.f.t.m.UserMapper.findByUsername      : ==>  Preparing: SELECT * FROM users WHERE username = ?
2026-05-12 14:50:38.490 [http-nio-8080-exec-5] DEBUG c.z.f.t.m.UserMapper.findByUsername      : ==> Parameters: Andy(String)
2026-05-12 14:50:38.492 [http-nio-8080-exec-5] DEBUG c.z.f.t.m.UserMapper.findByUsername      : <==      Total: 1
2026-05-12 14:50:38.493 [http-nio-8080-exec-5] DEBUG c.z.f.t.m.T.findAllFiltered              : ==>  Preparing: SELECT t.*, c.name as categoryName FROM transactions t LEFT JOIN categories c ON t.category_id = c.id WHERE t.user_id = ? ORDER BY t.date DESC, t.id DESC LIMIT ? OFFSET ?
2026-05-12 14:50:38.494 [http-nio-8080-exec-5] DEBUG c.z.f.t.m.T.findAllFiltered              : ==> Parameters: 1(Long), 5(Integer), 0(Integer)
2026-05-12 14:50:38.497 [http-nio-8080-exec-5] DEBUG c.z.f.t.m.T.findAllFiltered              : <==      Total: 5
2026-05-12 14:50:42.669 [http-nio-8080-exec-5] DEBUG c.z.f.t.m.T.countFiltered                : ==>  Preparing: SELECT COUNT(*) FROM transactions t WHERE user_id = ?
2026-05-12 14:50:42.669 [http-nio-8080-exec-5] DEBUG c.z.f.t.m.T.countFiltered                : ==> Parameters: 1(Long)
2026-05-12 14:50:42.671 [http-nio-8080-exec-5] DEBUG c.z.f.t.m.T.countFiltered                : <==      Total: 1
2026-05-12 14:50:42.672 [http-nio-8080-exec-5] DEBUG c.z.f.t.c.TransactionController          : History query [userId=1, page=0, size=5, total=32]
2026-05-12 14:50:42.873 [http-nio-8080-exec-10] DEBUG c.z.f.t.filter.JwtAuthenticationFilter   : Authenticated [user=Andy, uri=/api/recurring/upcoming]
2026-05-12 14:50:42.874 [http-nio-8080-exec-10] DEBUG c.z.f.t.m.UserMapper.findByUsername      : ==>  Preparing: SELECT * FROM users WHERE username = ?
2026-05-12 14:50:42.874 [http-nio-8080-exec-10] DEBUG c.z.f.t.m.UserMapper.findByUsername      : ==> Parameters: Andy(String)
2026-05-12 14:50:42.876 [http-nio-8080-exec-10] DEBUG c.z.f.t.m.UserMapper.findByUsername      : <==      Total: 1
2026-05-12 14:50:42.877 [http-nio-8080-exec-10] DEBUG c.z.f.t.m.RecurringMapper.findUpcoming   : ==>  Preparing: SELECT r.*, c.name as categoryName FROM recurring_transactions r LEFT JOIN categories c ON r.category_id = c.id WHERE r.user_id = ? AND r.is_active = TRUE AND r.next_due_date <= DATE_ADD(CURDATE(), INTERVAL ? DAY) ORDER BY r.next_due_date ASC
2026-05-12 14:50:42.877 [http-nio-8080-exec-10] DEBUG c.z.f.t.m.RecurringMapper.findUpcoming   : ==> Parameters: 1(Long), 7(Integer)
2026-05-12 14:50:42.879 [http-nio-8080-exec-10] DEBUG c.z.f.t.m.RecurringMapper.findUpcoming   : <==      Total: 0
2026-05-12 14:50:45.654 [http-nio-8080-exec-9] DEBUG c.z.f.t.filter.JwtAuthenticationFilter   : Authenticated [user=Andy, uri=/api/categories]
2026-05-12 14:50:45.656 [http-nio-8080-exec-9] DEBUG c.z.f.t.m.UserMapper.findByUsername      : ==>  Preparing: SELECT * FROM users WHERE username = ?
2026-05-12 14:50:45.657 [http-nio-8080-exec-9] DEBUG c.z.f.t.m.UserMapper.findByUsername      : ==> Parameters: Andy(String)
2026-05-12 14:50:45.659 [http-nio-8080-exec-9] DEBUG c.z.f.t.m.UserMapper.findByUsername      : <==      Total: 1
2026-05-12 14:50:45.795 [http-nio-8080-exec-3] DEBUG c.z.f.t.filter.JwtAuthenticationFilter   : Authenticated [user=Andy, uri=/api/transactions/history]
2026-05-12 14:50:45.796 [http-nio-8080-exec-3] DEBUG c.z.f.t.m.UserMapper.findByUsername      : ==>  Preparing: SELECT * FROM users WHERE username = ?
2026-05-12 14:50:45.797 [http-nio-8080-exec-3] DEBUG c.z.f.t.m.UserMapper.findByUsername      : ==> Parameters: Andy(String)
2026-05-12 14:50:45.798 [http-nio-8080-exec-3] DEBUG c.z.f.t.m.UserMapper.findByUsername      : <==      Total: 1
2026-05-12 14:50:45.799 [http-nio-8080-exec-3] DEBUG c.z.f.t.m.T.findAllFiltered              : ==>  Preparing: SELECT t.*, c.name as categoryName FROM transactions t LEFT JOIN categories c ON t.category_id = c.id WHERE t.user_id = ? ORDER BY t.date DESC, t.id DESC LIMIT ? OFFSET ?
2026-05-12 14:50:45.799 [http-nio-8080-exec-3] DEBUG c.z.f.t.m.T.findAllFiltered              : ==> Parameters: 1(Long), 15(Integer), 0(Integer)
2026-05-12 14:50:45.804 [http-nio-8080-exec-3] DEBUG c.z.f.t.m.T.findAllFiltered              : <==      Total: 15
2026-05-12 14:50:45.812 [http-nio-8080-exec-3] DEBUG c.z.f.t.m.T.countFiltered                : ==>  Preparing: SELECT COUNT(*) FROM transactions t WHERE user_id = ?
2026-05-12 14:50:45.813 [http-nio-8080-exec-3] DEBUG c.z.f.t.m.T.countFiltered                : ==> Parameters: 1(Long)
2026-05-12 14:50:45.814 [http-nio-8080-exec-3] DEBUG c.z.f.t.m.T.countFiltered                : <==      Total: 1
2026-05-12 14:50:45.815 [http-nio-8080-exec-3] DEBUG c.z.f.t.c.TransactionController          : History query [userId=1, page=0, size=15, total=32]
2026-05-12 14:50:45.917 [http-nio-8080-exec-6] DEBUG c.z.f.t.filter.JwtAuthenticationFilter   : Authenticated [user=Andy, uri=/api/categories]
2026-05-12 14:50:45.918 [http-nio-8080-exec-6] DEBUG c.z.f.t.m.UserMapper.findByUsername      : ==>  Preparing: SELECT * FROM users WHERE username = ?
2026-05-12 14:50:45.918 [http-nio-8080-exec-6] DEBUG c.z.f.t.m.UserMapper.findByUsername      : ==> Parameters: Andy(String)
2026-05-12 14:50:45.920 [http-nio-8080-exec-6] DEBUG c.z.f.t.m.UserMapper.findByUsername      : <==      Total: 1
2026-05-12 15:03:23.662 [http-nio-8080-exec-5] DEBUG c.z.f.t.filter.JwtAuthenticationFilter   : Authenticated [user=Andy, uri=/api/transactions/summary]
2026-05-12 15:03:23.665 [http-nio-8080-exec-5] DEBUG c.z.f.t.m.UserMapper.findByUsername      : ==>  Preparing: SELECT * FROM users WHERE username = ?
2026-05-12 15:03:23.666 [http-nio-8080-exec-5] DEBUG c.z.f.t.m.UserMapper.findByUsername      : ==> Parameters: Andy(String)
2026-05-12 15:03:23.667 [http-nio-8080-exec-5] DEBUG c.z.f.t.m.UserMapper.findByUsername      : <==      Total: 1
2026-05-12 15:03:23.669 [http-nio-8080-exec-5] DEBUG c.z.f.t.m.T.getTotalBalance              : ==>  Preparing: SELECT COALESCE( SUM(CASE WHEN type = 'INCOME' THEN amount ELSE ABS(amount) * -1 END), 0 ) FROM transactions WHERE user_id = ?
2026-05-12 15:03:23.670 [http-nio-8080-exec-5] DEBUG c.z.f.t.m.T.getTotalBalance              : ==> Parameters: 1(Long)
2026-05-12 15:03:23.672 [http-nio-8080-exec-5] DEBUG c.z.f.t.m.T.getTotalBalance              : <==      Total: 1
2026-05-12 15:03:23.673 [http-nio-8080-exec-5] DEBUG c.z.f.t.m.T.getMonthlyBalance            : ==>  Preparing: SELECT SUM(CASE WHEN type = 'INCOME' THEN amount ELSE 0 END) as income, SUM(CASE WHEN type = 'EXPENSE' THEN ABS(amount) ELSE 0 END) as expense, SUM(CASE WHEN type = 'INCOME' THEN amount ELSE ABS(amount) * -1 END) as net FROM transactions WHERE user_id = ? AND DATE_FORMAT(date, '%Y-%m') = ?
2026-05-12 15:03:23.674 [http-nio-8080-exec-5] DEBUG c.z.f.t.m.T.getMonthlyBalance            : ==> Parameters: 1(Long), 2026-05(String)
2026-05-12 15:03:23.676 [http-nio-8080-exec-5] DEBUG c.z.f.t.m.T.getMonthlyBalance            : <==      Total: 1
2026-05-12 15:03:23.677 [http-nio-8080-exec-5] DEBUG c.z.f.t.m.T.getIncomeVsExpense           : ==>  Preparing: SELECT SUM(CASE WHEN type = 'INCOME' THEN amount ELSE 0 END) as totalIncome, SUM(CASE WHEN type = 'EXPENSE' THEN ABS(amount) ELSE 0 END) as totalExpense FROM transactions WHERE user_id = ?
2026-05-12 15:03:23.677 [http-nio-8080-exec-5] DEBUG c.z.f.t.m.T.getIncomeVsExpense           : ==> Parameters: 1(Long)
2026-05-12 15:03:23.680 [http-nio-8080-exec-5] DEBUG c.z.f.t.m.T.getIncomeVsExpense           : <==      Total: 1
2026-05-12 15:03:23.680 [http-nio-8080-exec-5] DEBUG c.z.f.t.m.T.getCategorySummary           : ==>  Preparing: SELECT c.name as name, SUM(ABS(t.amount)) as value FROM transactions t INNER JOIN categories c ON t.category_id = c.id WHERE t.user_id = ? AND t.type = ? GROUP BY c.name
2026-05-12 15:03:23.681 [http-nio-8080-exec-5] DEBUG c.z.f.t.m.T.getCategorySummary           : ==> Parameters: 1(Long), INCOME(String)
2026-05-12 15:03:23.683 [http-nio-8080-exec-5] DEBUG c.z.f.t.m.T.getCategorySummary           : <==      Total: 4
2026-05-12 15:03:23.683 [http-nio-8080-exec-5] DEBUG c.z.f.t.m.T.getCategorySummary           : ==>  Preparing: SELECT c.name as name, SUM(ABS(t.amount)) as value FROM transactions t INNER JOIN categories c ON t.category_id = c.id WHERE t.user_id = ? AND t.type = ? GROUP BY c.name
2026-05-12 15:03:23.684 [http-nio-8080-exec-5] DEBUG c.z.f.t.m.T.getCategorySummary           : ==> Parameters: 1(Long), EXPENSE(String)
2026-05-12 15:03:23.686 [http-nio-8080-exec-5] DEBUG c.z.f.t.m.T.getCategorySummary           : <==      Total: 7
2026-05-12 15:03:23.896 [http-nio-8080-exec-10] DEBUG c.z.f.t.filter.JwtAuthenticationFilter   : Authenticated [user=Andy, uri=/api/transactions/daily-trends]
2026-05-12 15:03:23.896 [http-nio-8080-exec-10] DEBUG c.z.f.t.m.UserMapper.findByUsername      : ==>  Preparing: SELECT * FROM users WHERE username = ?
2026-05-12 15:03:23.897 [http-nio-8080-exec-10] DEBUG c.z.f.t.m.UserMapper.findByUsername      : ==> Parameters: Andy(String)
2026-05-12 15:03:23.898 [http-nio-8080-exec-10] DEBUG c.z.f.t.m.UserMapper.findByUsername      : <==      Total: 1
2026-05-12 15:03:23.899 [http-nio-8080-exec-10] DEBUG c.z.f.t.m.T.getDailyTrends               : ==>  Preparing: SELECT DATE(t.date) as date, SUM(CASE WHEN t.type = 'INCOME' THEN t.amount ELSE 0 END) as income, SUM(CASE WHEN t.type = 'EXPENSE' THEN t.amount ELSE 0 END) as expense FROM transactions t WHERE t.user_id = ? AND t.date >= DATE_SUB(CURDATE(), INTERVAL ? DAY) GROUP BY DATE(t.date) ORDER BY date ASC
2026-05-12 15:03:23.900 [http-nio-8080-exec-10] DEBUG c.z.f.t.m.T.getDailyTrends               : ==> Parameters: 1(Long), 30(Integer)
2026-05-12 15:03:23.902 [http-nio-8080-exec-10] DEBUG c.z.f.t.m.T.getDailyTrends               : <==      Total: 11
2026-05-12 15:03:23.997 [http-nio-8080-exec-9] DEBUG c.z.f.t.filter.JwtAuthenticationFilter   : Authenticated [user=Andy, uri=/api/transactions/history]
2026-05-12 15:03:23.997 [http-nio-8080-exec-9] DEBUG c.z.f.t.m.UserMapper.findByUsername      : ==>  Preparing: SELECT * FROM users WHERE username = ?
2026-05-12 15:03:23.998 [http-nio-8080-exec-9] DEBUG c.z.f.t.m.UserMapper.findByUsername      : ==> Parameters: Andy(String)
2026-05-12 15:03:23.999 [http-nio-8080-exec-9] DEBUG c.z.f.t.m.UserMapper.findByUsername      : <==      Total: 1
2026-05-12 15:03:23.999 [http-nio-8080-exec-9] DEBUG c.z.f.t.m.T.findAllFiltered              : ==>  Preparing: SELECT t.*, c.name as categoryName FROM transactions t LEFT JOIN categories c ON t.category_id = c.id WHERE t.user_id = ? ORDER BY t.date DESC, t.id DESC LIMIT ? OFFSET ?
2026-05-12 15:03:24.000 [http-nio-8080-exec-9] DEBUG c.z.f.t.m.T.findAllFiltered              : ==> Parameters: 1(Long), 5(Integer), 0(Integer)
2026-05-12 15:03:24.002 [http-nio-8080-exec-9] DEBUG c.z.f.t.m.T.findAllFiltered              : <==      Total: 5
2026-05-12 15:03:24.004 [http-nio-8080-exec-9] DEBUG c.z.f.t.m.T.countFiltered                : ==>  Preparing: SELECT COUNT(*) FROM transactions t WHERE user_id = ?
2026-05-12 15:03:24.004 [http-nio-8080-exec-9] DEBUG c.z.f.t.m.T.countFiltered                : ==> Parameters: 1(Long)
2026-05-12 15:03:24.005 [http-nio-8080-exec-9] DEBUG c.z.f.t.m.T.countFiltered                : <==      Total: 1
2026-05-12 15:03:24.006 [http-nio-8080-exec-9] DEBUG c.z.f.t.c.TransactionController          : History query [userId=1, page=0, size=5, total=32]
2026-05-12 15:03:24.119 [http-nio-8080-exec-3] DEBUG c.z.f.t.filter.JwtAuthenticationFilter   : Authenticated [user=Andy, uri=/api/recurring/upcoming]
2026-05-12 15:03:24.119 [http-nio-8080-exec-3] DEBUG c.z.f.t.m.UserMapper.findByUsername      : ==>  Preparing: SELECT * FROM users WHERE username = ?
2026-05-12 15:03:24.120 [http-nio-8080-exec-3] DEBUG c.z.f.t.m.UserMapper.findByUsername      : ==> Parameters: Andy(String)
2026-05-12 15:03:24.121 [http-nio-8080-exec-3] DEBUG c.z.f.t.m.UserMapper.findByUsername      : <==      Total: 1
2026-05-12 15:03:24.121 [http-nio-8080-exec-3] DEBUG c.z.f.t.m.RecurringMapper.findUpcoming   : ==>  Preparing: SELECT r.*, c.name as categoryName FROM recurring_transactions r LEFT JOIN categories c ON r.category_id = c.id WHERE r.user_id = ? AND r.is_active = TRUE AND r.next_due_date <= DATE_ADD(CURDATE(), INTERVAL ? DAY) ORDER BY r.next_due_date ASC
2026-05-12 15:03:24.122 [http-nio-8080-exec-3] DEBUG c.z.f.t.m.RecurringMapper.findUpcoming   : ==> Parameters: 1(Long), 7(Integer)
2026-05-12 15:03:24.123 [http-nio-8080-exec-3] DEBUG c.z.f.t.m.RecurringMapper.findUpcoming   : <==      Total: 0
2026-05-12 15:03:31.089 [http-nio-8080-exec-6] DEBUG c.z.f.t.filter.JwtAuthenticationFilter   : Authenticated [user=Andy, uri=/api/categories]
2026-05-12 15:03:31.092 [http-nio-8080-exec-6] DEBUG c.z.f.t.m.UserMapper.findByUsername      : ==>  Preparing: SELECT * FROM users WHERE username = ?
2026-05-12 15:03:31.092 [http-nio-8080-exec-6] DEBUG c.z.f.t.m.UserMapper.findByUsername      : ==> Parameters: Andy(String)
2026-05-12 15:03:31.093 [http-nio-8080-exec-6] DEBUG c.z.f.t.m.UserMapper.findByUsername      : <==      Total: 1
2026-05-12 15:03:31.175 [http-nio-8080-exec-5] DEBUG c.z.f.t.filter.JwtAuthenticationFilter   : Authenticated [user=Andy, uri=/api/transactions/history]
2026-05-12 15:03:31.177 [http-nio-8080-exec-5] DEBUG c.z.f.t.m.UserMapper.findByUsername      : ==>  Preparing: SELECT * FROM users WHERE username = ?
2026-05-12 15:03:31.177 [http-nio-8080-exec-5] DEBUG c.z.f.t.m.UserMapper.findByUsername      : ==> Parameters: Andy(String)
2026-05-12 15:03:31.179 [http-nio-8080-exec-5] DEBUG c.z.f.t.m.UserMapper.findByUsername      : <==      Total: 1
2026-05-12 15:03:31.179 [http-nio-8080-exec-5] DEBUG c.z.f.t.m.T.findAllFiltered              : ==>  Preparing: SELECT t.*, c.name as categoryName FROM transactions t LEFT JOIN categories c ON t.category_id = c.id WHERE t.user_id = ? ORDER BY t.date DESC, t.id DESC LIMIT ? OFFSET ?
2026-05-12 15:03:31.180 [http-nio-8080-exec-5] DEBUG c.z.f.t.m.T.findAllFiltered              : ==> Parameters: 1(Long), 15(Integer), 0(Integer)
2026-05-12 15:03:31.184 [http-nio-8080-exec-5] DEBUG c.z.f.t.m.T.findAllFiltered              : <==      Total: 15
2026-05-12 15:03:31.192 [http-nio-8080-exec-5] DEBUG c.z.f.t.m.T.countFiltered                : ==>  Preparing: SELECT COUNT(*) FROM transactions t WHERE user_id = ?
2026-05-12 15:03:31.193 [http-nio-8080-exec-5] DEBUG c.z.f.t.m.T.countFiltered                : ==> Parameters: 1(Long)
2026-05-12 15:03:31.195 [http-nio-8080-exec-5] DEBUG c.z.f.t.m.T.countFiltered                : <==      Total: 1
2026-05-12 15:03:31.195 [http-nio-8080-exec-5] DEBUG c.z.f.t.c.TransactionController          : History query [userId=1, page=0, size=15, total=32]
2026-05-12 15:03:31.300 [http-nio-8080-exec-10] DEBUG c.z.f.t.filter.JwtAuthenticationFilter   : Authenticated [user=Andy, uri=/api/categories]
2026-05-12 15:03:31.308 [http-nio-8080-exec-10] DEBUG c.z.f.t.m.UserMapper.findByUsername      : ==>  Preparing: SELECT * FROM users WHERE username = ?
2026-05-12 15:03:31.308 [http-nio-8080-exec-10] DEBUG c.z.f.t.m.UserMapper.findByUsername      : ==> Parameters: Andy(String)
2026-05-12 15:03:31.310 [http-nio-8080-exec-10] DEBUG c.z.f.t.m.UserMapper.findByUsername      : <==      Total: 1
2026-05-12 15:42:01.094 [http-nio-8080-exec-9] DEBUG c.z.f.t.filter.JwtAuthenticationFilter   : Authenticated [user=Andy, uri=/api/transactions/summary]
2026-05-12 15:42:01.097 [http-nio-8080-exec-9] DEBUG c.z.f.t.m.UserMapper.findByUsername      : ==>  Preparing: SELECT * FROM users WHERE username = ?
2026-05-12 15:42:01.097 [http-nio-8080-exec-9] DEBUG c.z.f.t.m.UserMapper.findByUsername      : ==> Parameters: Andy(String)
2026-05-12 15:42:01.099 [http-nio-8080-exec-9] DEBUG c.z.f.t.m.UserMapper.findByUsername      : <==      Total: 1
2026-05-12 15:42:01.101 [http-nio-8080-exec-9] DEBUG c.z.f.t.m.T.getTotalBalance              : ==>  Preparing: SELECT COALESCE( SUM(CASE WHEN type = 'INCOME' THEN amount ELSE ABS(amount) * -1 END), 0 ) FROM transactions WHERE user_id = ?
2026-05-12 15:42:01.102 [http-nio-8080-exec-9] DEBUG c.z.f.t.m.T.getTotalBalance              : ==> Parameters: 1(Long)
2026-05-12 15:42:01.103 [http-nio-8080-exec-9] DEBUG c.z.f.t.m.T.getTotalBalance              : <==      Total: 1
2026-05-12 15:42:01.104 [http-nio-8080-exec-9] DEBUG c.z.f.t.m.T.getMonthlyBalance            : ==>  Preparing: SELECT SUM(CASE WHEN type = 'INCOME' THEN amount ELSE 0 END) as income, SUM(CASE WHEN type = 'EXPENSE' THEN ABS(amount) ELSE 0 END) as expense, SUM(CASE WHEN type = 'INCOME' THEN amount ELSE ABS(amount) * -1 END) as net FROM transactions WHERE user_id = ? AND DATE_FORMAT(date, '%Y-%m') = ?
2026-05-12 15:42:01.104 [http-nio-8080-exec-9] DEBUG c.z.f.t.m.T.getMonthlyBalance            : ==> Parameters: 1(Long), 2026-05(String)
2026-05-12 15:42:01.106 [http-nio-8080-exec-9] DEBUG c.z.f.t.m.T.getMonthlyBalance            : <==      Total: 1
2026-05-12 15:42:01.107 [http-nio-8080-exec-9] DEBUG c.z.f.t.m.T.getIncomeVsExpense           : ==>  Preparing: SELECT SUM(CASE WHEN type = 'INCOME' THEN amount ELSE 0 END) as totalIncome, SUM(CASE WHEN type = 'EXPENSE' THEN ABS(amount) ELSE 0 END) as totalExpense FROM transactions WHERE user_id = ?
2026-05-12 15:42:01.107 [http-nio-8080-exec-9] DEBUG c.z.f.t.m.T.getIncomeVsExpense           : ==> Parameters: 1(Long)
2026-05-12 15:42:01.109 [http-nio-8080-exec-9] DEBUG c.z.f.t.m.T.getIncomeVsExpense           : <==      Total: 1
2026-05-12 15:42:01.109 [http-nio-8080-exec-9] DEBUG c.z.f.t.m.T.getCategorySummary           : ==>  Preparing: SELECT c.name as name, SUM(ABS(t.amount)) as value FROM transactions t INNER JOIN categories c ON t.category_id = c.id WHERE t.user_id = ? AND t.type = ? GROUP BY c.name
2026-05-12 15:42:01.110 [http-nio-8080-exec-9] DEBUG c.z.f.t.m.T.getCategorySummary           : ==> Parameters: 1(Long), INCOME(String)
2026-05-12 15:42:01.112 [http-nio-8080-exec-9] DEBUG c.z.f.t.m.T.getCategorySummary           : <==      Total: 4
2026-05-12 15:42:01.113 [http-nio-8080-exec-9] DEBUG c.z.f.t.m.T.getCategorySummary           : ==>  Preparing: SELECT c.name as name, SUM(ABS(t.amount)) as value FROM transactions t INNER JOIN categories c ON t.category_id = c.id WHERE t.user_id = ? AND t.type = ? GROUP BY c.name
2026-05-12 15:42:01.114 [http-nio-8080-exec-9] DEBUG c.z.f.t.m.T.getCategorySummary           : ==> Parameters: 1(Long), EXPENSE(String)
2026-05-12 15:42:01.117 [http-nio-8080-exec-9] DEBUG c.z.f.t.m.T.getCategorySummary           : <==      Total: 7
2026-05-12 15:42:01.341 [http-nio-8080-exec-3] DEBUG c.z.f.t.filter.JwtAuthenticationFilter   : Authenticated [user=Andy, uri=/api/transactions/daily-trends]
2026-05-12 15:42:01.342 [http-nio-8080-exec-3] DEBUG c.z.f.t.m.UserMapper.findByUsername      : ==>  Preparing: SELECT * FROM users WHERE username = ?
2026-05-12 15:42:01.342 [http-nio-8080-exec-3] DEBUG c.z.f.t.m.UserMapper.findByUsername      : ==> Parameters: Andy(String)
2026-05-12 15:42:01.344 [http-nio-8080-exec-3] DEBUG c.z.f.t.m.UserMapper.findByUsername      : <==      Total: 1
2026-05-12 15:42:01.346 [http-nio-8080-exec-3] DEBUG c.z.f.t.m.T.getDailyTrends               : ==>  Preparing: SELECT DATE(t.date) as date, SUM(CASE WHEN t.type = 'INCOME' THEN t.amount ELSE 0 END) as income, SUM(CASE WHEN t.type = 'EXPENSE' THEN t.amount ELSE 0 END) as expense FROM transactions t WHERE t.user_id = ? AND t.date >= DATE_SUB(CURDATE(), INTERVAL ? DAY) GROUP BY DATE(t.date) ORDER BY date ASC
2026-05-12 15:42:01.347 [http-nio-8080-exec-3] DEBUG c.z.f.t.m.T.getDailyTrends               : ==> Parameters: 1(Long), 30(Integer)
2026-05-12 15:42:01.351 [http-nio-8080-exec-3] DEBUG c.z.f.t.m.T.getDailyTrends               : <==      Total: 11
2026-05-12 15:42:01.473 [http-nio-8080-exec-6] DEBUG c.z.f.t.filter.JwtAuthenticationFilter   : Authenticated [user=Andy, uri=/api/transactions/history]
2026-05-12 15:42:01.474 [http-nio-8080-exec-6] DEBUG c.z.f.t.m.UserMapper.findByUsername      : ==>  Preparing: SELECT * FROM users WHERE username = ?
2026-05-12 15:42:01.474 [http-nio-8080-exec-6] DEBUG c.z.f.t.m.UserMapper.findByUsername      : ==> Parameters: Andy(String)
2026-05-12 15:42:01.476 [http-nio-8080-exec-6] DEBUG c.z.f.t.m.UserMapper.findByUsername      : <==      Total: 1
2026-05-12 15:42:01.477 [http-nio-8080-exec-6] DEBUG c.z.f.t.m.T.findAllFiltered              : ==>  Preparing: SELECT t.*, c.name as categoryName FROM transactions t LEFT JOIN categories c ON t.category_id = c.id WHERE t.user_id = ? ORDER BY t.date DESC, t.id DESC LIMIT ? OFFSET ?
2026-05-12 15:42:01.477 [http-nio-8080-exec-6] DEBUG c.z.f.t.m.T.findAllFiltered              : ==> Parameters: 1(Long), 5(Integer), 0(Integer)
2026-05-12 15:42:01.480 [http-nio-8080-exec-6] DEBUG c.z.f.t.m.T.findAllFiltered              : <==      Total: 5
2026-05-12 15:42:01.482 [http-nio-8080-exec-6] DEBUG c.z.f.t.m.T.countFiltered                : ==>  Preparing: SELECT COUNT(*) FROM transactions t WHERE user_id = ?
2026-05-12 15:42:01.482 [http-nio-8080-exec-6] DEBUG c.z.f.t.m.T.countFiltered                : ==> Parameters: 1(Long)
2026-05-12 15:42:01.484 [http-nio-8080-exec-6] DEBUG c.z.f.t.m.T.countFiltered                : <==      Total: 1
2026-05-12 15:42:01.484 [http-nio-8080-exec-6] DEBUG c.z.f.t.c.TransactionController          : History query [userId=1, page=0, size=5, total=32]
2026-05-12 15:42:01.599 [http-nio-8080-exec-5] DEBUG c.z.f.t.filter.JwtAuthenticationFilter   : Authenticated [user=Andy, uri=/api/recurring/upcoming]
2026-05-12 15:42:01.599 [http-nio-8080-exec-5] DEBUG c.z.f.t.m.UserMapper.findByUsername      : ==>  Preparing: SELECT * FROM users WHERE username = ?
2026-05-12 15:42:01.600 [http-nio-8080-exec-5] DEBUG c.z.f.t.m.UserMapper.findByUsername      : ==> Parameters: Andy(String)
2026-05-12 15:42:01.601 [http-nio-8080-exec-5] DEBUG c.z.f.t.m.UserMapper.findByUsername      : <==      Total: 1
2026-05-12 15:42:01.601 [http-nio-8080-exec-5] DEBUG c.z.f.t.m.RecurringMapper.findUpcoming   : ==>  Preparing: SELECT r.*, c.name as categoryName FROM recurring_transactions r LEFT JOIN categories c ON r.category_id = c.id WHERE r.user_id = ? AND r.is_active = TRUE AND r.next_due_date <= DATE_ADD(CURDATE(), INTERVAL ? DAY) ORDER BY r.next_due_date ASC
2026-05-12 15:42:01.602 [http-nio-8080-exec-5] DEBUG c.z.f.t.m.RecurringMapper.findUpcoming   : ==> Parameters: 1(Long), 7(Integer)
2026-05-12 15:42:01.603 [http-nio-8080-exec-5] DEBUG c.z.f.t.m.RecurringMapper.findUpcoming   : <==      Total: 0
2026-05-12 15:42:09.132 [http-nio-8080-exec-10] DEBUG c.z.f.t.filter.JwtAuthenticationFilter   : Authenticated [user=Andy, uri=/api/categories]
2026-05-12 15:42:09.134 [http-nio-8080-exec-10] DEBUG c.z.f.t.m.UserMapper.findByUsername      : ==>  Preparing: SELECT * FROM users WHERE username = ?
2026-05-12 15:42:09.135 [http-nio-8080-exec-10] DEBUG c.z.f.t.m.UserMapper.findByUsername      : ==> Parameters: Andy(String)
2026-05-12 15:42:09.136 [http-nio-8080-exec-10] DEBUG c.z.f.t.m.UserMapper.findByUsername      : <==      Total: 1
2026-05-12 15:42:09.232 [http-nio-8080-exec-9] DEBUG c.z.f.t.filter.JwtAuthenticationFilter   : Authenticated [user=Andy, uri=/api/transactions/history]
2026-05-12 15:42:09.234 [http-nio-8080-exec-9] DEBUG c.z.f.t.m.UserMapper.findByUsername      : ==>  Preparing: SELECT * FROM users WHERE username = ?
2026-05-12 15:42:09.234 [http-nio-8080-exec-9] DEBUG c.z.f.t.m.UserMapper.findByUsername      : ==> Parameters: Andy(String)
2026-05-12 15:42:09.236 [http-nio-8080-exec-9] DEBUG c.z.f.t.m.UserMapper.findByUsername      : <==      Total: 1
2026-05-12 15:42:09.236 [http-nio-8080-exec-9] DEBUG c.z.f.t.m.T.findAllFiltered              : ==>  Preparing: SELECT t.*, c.name as categoryName FROM transactions t LEFT JOIN categories c ON t.category_id = c.id WHERE t.user_id = ? ORDER BY t.date DESC, t.id DESC LIMIT ? OFFSET ?
2026-05-12 15:42:09.237 [http-nio-8080-exec-9] DEBUG c.z.f.t.m.T.findAllFiltered              : ==> Parameters: 1(Long), 15(Integer), 0(Integer)
2026-05-12 15:42:09.241 [http-nio-8080-exec-9] DEBUG c.z.f.t.m.T.findAllFiltered              : <==      Total: 15
2026-05-12 15:42:09.248 [http-nio-8080-exec-9] DEBUG c.z.f.t.m.T.countFiltered                : ==>  Preparing: SELECT COUNT(*) FROM transactions t WHERE user_id = ?
2026-05-12 15:42:09.248 [http-nio-8080-exec-9] DEBUG c.z.f.t.m.T.countFiltered                : ==> Parameters: 1(Long)
2026-05-12 15:42:09.250 [http-nio-8080-exec-9] DEBUG c.z.f.t.m.T.countFiltered                : <==      Total: 1
2026-05-12 15:42:09.251 [http-nio-8080-exec-9] DEBUG c.z.f.t.c.TransactionController          : History query [userId=1, page=0, size=15, total=32]
2026-05-12 15:42:09.319 [http-nio-8080-exec-3] DEBUG c.z.f.t.filter.JwtAuthenticationFilter   : Authenticated [user=Andy, uri=/api/categories]
2026-05-12 15:42:09.320 [http-nio-8080-exec-3] DEBUG c.z.f.t.m.UserMapper.findByUsername      : ==>  Preparing: SELECT * FROM users WHERE username = ?
2026-05-12 15:42:09.321 [http-nio-8080-exec-3] DEBUG c.z.f.t.m.UserMapper.findByUsername      : ==> Parameters: Andy(String)
2026-05-12 15:42:09.322 [http-nio-8080-exec-3] DEBUG c.z.f.t.m.UserMapper.findByUsername      : <==      Total: 1
2026-05-12 15:42:17.366 [http-nio-8080-exec-6] DEBUG c.z.f.t.filter.JwtAuthenticationFilter   : Authenticated [user=Andy, uri=/api/transactions/trends]
2026-05-12 15:42:17.368 [http-nio-8080-exec-6] DEBUG c.z.f.t.m.UserMapper.findByUsername      : ==>  Preparing: SELECT * FROM users WHERE username = ?
2026-05-12 15:42:17.368 [http-nio-8080-exec-6] DEBUG c.z.f.t.m.UserMapper.findByUsername      : ==> Parameters: Andy(String)
2026-05-12 15:42:17.370 [http-nio-8080-exec-6] DEBUG c.z.f.t.m.UserMapper.findByUsername      : <==      Total: 1
2026-05-12 15:42:17.373 [http-nio-8080-exec-6] DEBUG c.z.f.t.m.T.getTimeSeriesData            : ==>  Preparing: SELECT DATE_FORMAT(date, '%Y-%m') as timeLabel, SUM(ABS(amount)) as total FROM transactions WHERE user_id = ? AND type = ? GROUP BY timeLabel ORDER BY timeLabel ASC
2026-05-12 15:42:17.373 [http-nio-8080-exec-6] DEBUG c.z.f.t.m.T.getTimeSeriesData            : ==> Parameters: 1(Long), INCOME(String)
2026-05-12 15:42:17.375 [http-nio-8080-exec-6] DEBUG c.z.f.t.m.T.getTimeSeriesData            : <==      Total: 4
2026-05-12 15:42:17.519 [http-nio-8080-exec-5] DEBUG c.z.f.t.filter.JwtAuthenticationFilter   : Authenticated [user=Andy, uri=/api/transactions/trends]
2026-05-12 15:42:17.520 [http-nio-8080-exec-5] DEBUG c.z.f.t.m.UserMapper.findByUsername      : ==>  Preparing: SELECT * FROM users WHERE username = ?
2026-05-12 15:42:17.520 [http-nio-8080-exec-5] DEBUG c.z.f.t.m.UserMapper.findByUsername      : ==> Parameters: Andy(String)
2026-05-12 15:42:17.522 [http-nio-8080-exec-5] DEBUG c.z.f.t.m.UserMapper.findByUsername      : <==      Total: 1
2026-05-12 15:42:17.524 [http-nio-8080-exec-5] DEBUG c.z.f.t.m.T.getTimeSeriesData            : ==>  Preparing: SELECT DATE_FORMAT(date, '%Y-%m') as timeLabel, SUM(ABS(amount)) as total FROM transactions WHERE user_id = ? AND type = ? GROUP BY timeLabel ORDER BY timeLabel ASC
2026-05-12 15:42:17.525 [http-nio-8080-exec-5] DEBUG c.z.f.t.m.T.getTimeSeriesData            : ==> Parameters: 1(Long), EXPENSE(String)
2026-05-12 15:42:17.527 [http-nio-8080-exec-5] DEBUG c.z.f.t.m.T.getTimeSeriesData            : <==      Total: 5
2026-05-12 15:42:17.668 [http-nio-8080-exec-10] DEBUG c.z.f.t.filter.JwtAuthenticationFilter   : Authenticated [user=Andy, uri=/api/transactions/summary]
2026-05-12 15:42:17.669 [http-nio-8080-exec-10] DEBUG c.z.f.t.m.UserMapper.findByUsername      : ==>  Preparing: SELECT * FROM users WHERE username = ?
2026-05-12 15:42:17.669 [http-nio-8080-exec-10] DEBUG c.z.f.t.m.UserMapper.findByUsername      : ==> Parameters: Andy(String)
2026-05-12 15:42:17.671 [http-nio-8080-exec-10] DEBUG c.z.f.t.m.UserMapper.findByUsername      : <==      Total: 1
2026-05-12 15:42:19.721 [http-nio-8080-exec-9] DEBUG c.z.f.t.filter.JwtAuthenticationFilter   : Authenticated [user=Andy, uri=/api/profile]
2026-05-12 15:42:19.723 [http-nio-8080-exec-9] DEBUG c.z.f.t.m.UserMapper.findByUsername      : ==>  Preparing: SELECT * FROM users WHERE username = ?
2026-05-12 15:42:19.723 [http-nio-8080-exec-9] DEBUG c.z.f.t.m.UserMapper.findByUsername      : ==> Parameters: Andy(String)
2026-05-12 15:42:19.725 [http-nio-8080-exec-9] DEBUG c.z.f.t.m.UserMapper.findByUsername      : <==      Total: 1
2026-05-12 15:42:19.927 [http-nio-8080-exec-3] DEBUG c.z.f.t.filter.JwtAuthenticationFilter   : Authenticated [user=Andy, uri=/api/profile/avatar-url]
2026-05-12 15:42:19.942 [http-nio-8080-exec-3] WARN  .w.s.m.s.DefaultHandlerExceptionResolver : Resolved [org.springframework.web.bind.MissingPathVariableException: Required URI template variable 'id' for method parameter type Long is not present]
2026-05-12 15:42:34.217 [http-nio-8080-exec-7] DEBUG c.z.f.t.filter.JwtAuthenticationFilter   : Authenticated [user=Andy, uri=/api/transactions/30/image-url]
2026-05-12 15:42:34.220 [http-nio-8080-exec-7] DEBUG c.z.f.t.m.UserMapper.findByUsername      : ==>  Preparing: SELECT * FROM users WHERE username = ?
2026-05-12 15:42:34.220 [http-nio-8080-exec-7] DEBUG c.z.f.t.m.UserMapper.findByUsername      : ==> Parameters: Andy(String)
2026-05-12 15:42:34.221 [http-nio-8080-exec-7] DEBUG c.z.f.t.m.UserMapper.findByUsername      : <==      Total: 1
2026-05-12 15:42:34.222 [http-nio-8080-exec-7] DEBUG c.z.f.t.m.TransactionMapper.findById     : ==>  Preparing: SELECT t.*, c.name as categoryName FROM transactions t LEFT JOIN categories c ON t.category_id = c.id WHERE t.id = ? AND t.user_id = ?
2026-05-12 15:42:34.222 [http-nio-8080-exec-7] DEBUG c.z.f.t.m.TransactionMapper.findById     : ==> Parameters: 30(Long), 1(Long)
2026-05-12 15:42:34.224 [http-nio-8080-exec-7] DEBUG c.z.f.t.m.TransactionMapper.findById     : <==      Total: 1
2026-05-12 15:52:26.078 [http-nio-8080-exec-8] DEBUG c.z.f.t.filter.JwtAuthenticationFilter   : Authenticated [user=Andy, uri=/api/transactions/summary]
2026-05-12 15:52:26.082 [http-nio-8080-exec-8] DEBUG c.z.f.t.m.UserMapper.findByUsername      : ==>  Preparing: SELECT * FROM users WHERE username = ?
2026-05-12 15:52:26.084 [http-nio-8080-exec-8] DEBUG c.z.f.t.m.UserMapper.findByUsername      : ==> Parameters: Andy(String)
2026-05-12 15:52:26.087 [http-nio-8080-exec-8] DEBUG c.z.f.t.m.UserMapper.findByUsername      : <==      Total: 1
2026-05-12 15:52:26.090 [http-nio-8080-exec-8] DEBUG c.z.f.t.m.T.getTotalBalance              : ==>  Preparing: SELECT COALESCE( SUM(CASE WHEN type = 'INCOME' THEN amount ELSE ABS(amount) * -1 END), 0 ) FROM transactions WHERE user_id = ?
2026-05-12 15:52:26.091 [http-nio-8080-exec-8] DEBUG c.z.f.t.m.T.getTotalBalance              : ==> Parameters: 1(Long)
2026-05-12 15:52:26.093 [http-nio-8080-exec-8] DEBUG c.z.f.t.m.T.getTotalBalance              : <==      Total: 1
2026-05-12 15:52:26.094 [http-nio-8080-exec-8] DEBUG c.z.f.t.m.T.getMonthlyBalance            : ==>  Preparing: SELECT SUM(CASE WHEN type = 'INCOME' THEN amount ELSE 0 END) as income, SUM(CASE WHEN type = 'EXPENSE' THEN ABS(amount) ELSE 0 END) as expense, SUM(CASE WHEN type = 'INCOME' THEN amount ELSE ABS(amount) * -1 END) as net FROM transactions WHERE user_id = ? AND DATE_FORMAT(date, '%Y-%m') = ?
2026-05-12 15:52:26.095 [http-nio-8080-exec-8] DEBUG c.z.f.t.m.T.getMonthlyBalance            : ==> Parameters: 1(Long), 2026-05(String)
2026-05-12 15:52:26.098 [http-nio-8080-exec-8] DEBUG c.z.f.t.m.T.getMonthlyBalance            : <==      Total: 1
2026-05-12 15:52:26.099 [http-nio-8080-exec-8] DEBUG c.z.f.t.m.T.getIncomeVsExpense           : ==>  Preparing: SELECT SUM(CASE WHEN type = 'INCOME' THEN amount ELSE 0 END) as totalIncome, SUM(CASE WHEN type = 'EXPENSE' THEN ABS(amount) ELSE 0 END) as totalExpense FROM transactions WHERE user_id = ?
2026-05-12 15:52:26.099 [http-nio-8080-exec-8] DEBUG c.z.f.t.m.T.getIncomeVsExpense           : ==> Parameters: 1(Long)
2026-05-12 15:52:26.103 [http-nio-8080-exec-8] DEBUG c.z.f.t.m.T.getIncomeVsExpense           : <==      Total: 1
2026-05-12 15:52:26.103 [http-nio-8080-exec-8] DEBUG c.z.f.t.m.T.getCategorySummary           : ==>  Preparing: SELECT c.name as name, SUM(ABS(t.amount)) as value FROM transactions t INNER JOIN categories c ON t.category_id = c.id WHERE t.user_id = ? AND t.type = ? GROUP BY c.name
2026-05-12 15:52:26.104 [http-nio-8080-exec-8] DEBUG c.z.f.t.m.T.getCategorySummary           : ==> Parameters: 1(Long), INCOME(String)
2026-05-12 15:52:26.107 [http-nio-8080-exec-8] DEBUG c.z.f.t.m.T.getCategorySummary           : <==      Total: 4
2026-05-12 15:52:26.108 [http-nio-8080-exec-8] DEBUG c.z.f.t.m.T.getCategorySummary           : ==>  Preparing: SELECT c.name as name, SUM(ABS(t.amount)) as value FROM transactions t INNER JOIN categories c ON t.category_id = c.id WHERE t.user_id = ? AND t.type = ? GROUP BY c.name
2026-05-12 15:52:26.109 [http-nio-8080-exec-8] DEBUG c.z.f.t.m.T.getCategorySummary           : ==> Parameters: 1(Long), EXPENSE(String)
2026-05-12 15:52:26.113 [http-nio-8080-exec-8] DEBUG c.z.f.t.m.T.getCategorySummary           : <==      Total: 7
2026-05-12 15:52:26.390 [http-nio-8080-exec-1] DEBUG c.z.f.t.filter.JwtAuthenticationFilter   : Authenticated [user=Andy, uri=/api/transactions/daily-trends]
2026-05-12 15:52:26.391 [http-nio-8080-exec-1] DEBUG c.z.f.t.m.UserMapper.findByUsername      : ==>  Preparing: SELECT * FROM users WHERE username = ?
2026-05-12 15:52:26.391 [http-nio-8080-exec-1] DEBUG c.z.f.t.m.UserMapper.findByUsername      : ==> Parameters: Andy(String)
2026-05-12 15:52:26.393 [http-nio-8080-exec-1] DEBUG c.z.f.t.m.UserMapper.findByUsername      : <==      Total: 1
2026-05-12 15:52:26.395 [http-nio-8080-exec-1] DEBUG c.z.f.t.m.T.getDailyTrends               : ==>  Preparing: SELECT DATE(t.date) as date, SUM(CASE WHEN t.type = 'INCOME' THEN t.amount ELSE 0 END) as income, SUM(CASE WHEN t.type = 'EXPENSE' THEN t.amount ELSE 0 END) as expense FROM transactions t WHERE t.user_id = ? AND t.date >= DATE_SUB(CURDATE(), INTERVAL ? DAY) GROUP BY DATE(t.date) ORDER BY date ASC
2026-05-12 15:52:26.396 [http-nio-8080-exec-1] DEBUG c.z.f.t.m.T.getDailyTrends               : ==> Parameters: 1(Long), 30(Integer)
2026-05-12 15:52:26.400 [http-nio-8080-exec-1] DEBUG c.z.f.t.m.T.getDailyTrends               : <==      Total: 11
2026-05-12 15:52:26.564 [http-nio-8080-exec-2] DEBUG c.z.f.t.filter.JwtAuthenticationFilter   : Authenticated [user=Andy, uri=/api/transactions/history]
2026-05-12 15:52:26.565 [http-nio-8080-exec-2] DEBUG c.z.f.t.m.UserMapper.findByUsername      : ==>  Preparing: SELECT * FROM users WHERE username = ?
2026-05-12 15:52:26.565 [http-nio-8080-exec-2] DEBUG c.z.f.t.m.UserMapper.findByUsername      : ==> Parameters: Andy(String)
2026-05-12 15:52:26.567 [http-nio-8080-exec-2] DEBUG c.z.f.t.m.UserMapper.findByUsername      : <==      Total: 1
2026-05-12 15:52:26.567 [http-nio-8080-exec-2] DEBUG c.z.f.t.m.T.findAllFiltered              : ==>  Preparing: SELECT t.*, c.name as categoryName FROM transactions t LEFT JOIN categories c ON t.category_id = c.id WHERE t.user_id = ? ORDER BY t.date DESC, t.id DESC LIMIT ? OFFSET ?
2026-05-12 15:52:26.567 [http-nio-8080-exec-2] DEBUG c.z.f.t.m.T.findAllFiltered              : ==> Parameters: 1(Long), 5(Integer), 0(Integer)
2026-05-12 15:52:26.569 [http-nio-8080-exec-2] DEBUG c.z.f.t.m.T.findAllFiltered              : <==      Total: 5
2026-05-12 15:52:26.571 [http-nio-8080-exec-2] DEBUG c.z.f.t.m.T.countFiltered                : ==>  Preparing: SELECT COUNT(*) FROM transactions t WHERE user_id = ?
2026-05-12 15:52:26.571 [http-nio-8080-exec-2] DEBUG c.z.f.t.m.T.countFiltered                : ==> Parameters: 1(Long)
2026-05-12 15:52:26.572 [http-nio-8080-exec-2] DEBUG c.z.f.t.m.T.countFiltered                : <==      Total: 1
2026-05-12 15:52:26.572 [http-nio-8080-exec-2] DEBUG c.z.f.t.c.TransactionController          : History query [userId=1, page=0, size=5, total=32]
2026-05-12 15:52:26.692 [http-nio-8080-exec-4] DEBUG c.z.f.t.filter.JwtAuthenticationFilter   : Authenticated [user=Andy, uri=/api/recurring/upcoming]
2026-05-12 15:52:26.692 [http-nio-8080-exec-4] DEBUG c.z.f.t.m.UserMapper.findByUsername      : ==>  Preparing: SELECT * FROM users WHERE username = ?
2026-05-12 15:52:26.692 [http-nio-8080-exec-4] DEBUG c.z.f.t.m.UserMapper.findByUsername      : ==> Parameters: Andy(String)
2026-05-12 15:52:26.693 [http-nio-8080-exec-4] DEBUG c.z.f.t.m.UserMapper.findByUsername      : <==      Total: 1
2026-05-12 15:52:26.694 [http-nio-8080-exec-4] DEBUG c.z.f.t.m.RecurringMapper.findUpcoming   : ==>  Preparing: SELECT r.*, c.name as categoryName FROM recurring_transactions r LEFT JOIN categories c ON r.category_id = c.id WHERE r.user_id = ? AND r.is_active = TRUE AND r.next_due_date <= DATE_ADD(CURDATE(), INTERVAL ? DAY) ORDER BY r.next_due_date ASC
2026-05-12 15:52:26.694 [http-nio-8080-exec-4] DEBUG c.z.f.t.m.RecurringMapper.findUpcoming   : ==> Parameters: 1(Long), 7(Integer)
2026-05-12 15:52:26.696 [http-nio-8080-exec-4] DEBUG c.z.f.t.m.RecurringMapper.findUpcoming   : <==      Total: 0
2026-05-12 15:52:29.533 [http-nio-8080-exec-7] DEBUG c.z.f.t.filter.JwtAuthenticationFilter   : Authenticated [user=Andy, uri=/api/categories]
2026-05-12 15:52:29.535 [http-nio-8080-exec-7] DEBUG c.z.f.t.m.UserMapper.findByUsername      : ==>  Preparing: SELECT * FROM users WHERE username = ?
2026-05-12 15:52:29.536 [http-nio-8080-exec-7] DEBUG c.z.f.t.m.UserMapper.findByUsername      : ==> Parameters: Andy(String)
2026-05-12 15:52:29.537 [http-nio-8080-exec-7] DEBUG c.z.f.t.m.UserMapper.findByUsername      : <==      Total: 1
2026-05-12 15:52:29.540 [http-nio-8080-exec-7] DEBUG c.z.f.t.m.C.findByUserIdAndType          : ==>  Preparing: SELECT * FROM categories WHERE user_id = ? AND type = ? ORDER BY name ASC
2026-05-12 15:52:29.540 [http-nio-8080-exec-7] DEBUG c.z.f.t.m.C.findByUserIdAndType          : ==> Parameters: 1(Long), EXPENSE(String)
2026-05-12 15:52:29.543 [http-nio-8080-exec-7] DEBUG c.z.f.t.m.C.findByUserIdAndType          : <==      Total: 10
2026-05-12 15:52:29.631 [http-nio-8080-exec-8] DEBUG c.z.f.t.filter.JwtAuthenticationFilter   : Authenticated [user=Andy, uri=/api/transactions/history]
2026-05-12 15:52:29.632 [http-nio-8080-exec-8] DEBUG c.z.f.t.m.UserMapper.findByUsername      : ==>  Preparing: SELECT * FROM users WHERE username = ?
2026-05-12 15:52:29.632 [http-nio-8080-exec-8] DEBUG c.z.f.t.m.UserMapper.findByUsername      : ==> Parameters: Andy(String)
2026-05-12 15:52:29.634 [http-nio-8080-exec-8] DEBUG c.z.f.t.m.UserMapper.findByUsername      : <==      Total: 1
2026-05-12 15:52:29.634 [http-nio-8080-exec-8] DEBUG c.z.f.t.m.T.findAllFiltered              : ==>  Preparing: SELECT t.*, c.name as categoryName FROM transactions t LEFT JOIN categories c ON t.category_id = c.id WHERE t.user_id = ? ORDER BY t.date DESC, t.id DESC LIMIT ? OFFSET ?
2026-05-12 15:52:29.635 [http-nio-8080-exec-8] DEBUG c.z.f.t.m.T.findAllFiltered              : ==> Parameters: 1(Long), 15(Integer), 0(Integer)
2026-05-12 15:52:29.645 [http-nio-8080-exec-8] DEBUG c.z.f.t.m.T.findAllFiltered              : <==      Total: 15
2026-05-12 15:52:29.654 [http-nio-8080-exec-8] DEBUG c.z.f.t.m.T.countFiltered                : ==>  Preparing: SELECT COUNT(*) FROM transactions t WHERE user_id = ?
2026-05-12 15:52:29.654 [http-nio-8080-exec-8] DEBUG c.z.f.t.m.T.countFiltered                : ==> Parameters: 1(Long)
2026-05-12 15:52:29.656 [http-nio-8080-exec-8] DEBUG c.z.f.t.m.T.countFiltered                : <==      Total: 1
2026-05-12 15:52:29.656 [http-nio-8080-exec-8] DEBUG c.z.f.t.c.TransactionController          : History query [userId=1, page=0, size=15, total=32]
2026-05-12 15:52:29.767 [http-nio-8080-exec-1] DEBUG c.z.f.t.filter.JwtAuthenticationFilter   : Authenticated [user=Andy, uri=/api/categories]
2026-05-12 15:52:29.768 [http-nio-8080-exec-1] DEBUG c.z.f.t.m.UserMapper.findByUsername      : ==>  Preparing: SELECT * FROM users WHERE username = ?
2026-05-12 15:52:29.769 [http-nio-8080-exec-1] DEBUG c.z.f.t.m.UserMapper.findByUsername      : ==> Parameters: Andy(String)
2026-05-12 15:52:29.771 [http-nio-8080-exec-1] DEBUG c.z.f.t.m.UserMapper.findByUsername      : <==      Total: 1
2026-05-12 15:52:29.774 [http-nio-8080-exec-1] DEBUG c.z.f.t.m.C.findByUserIdAndType          : ==>  Preparing: SELECT * FROM categories WHERE user_id = ? AND type = ? ORDER BY name ASC
2026-05-12 15:52:29.774 [http-nio-8080-exec-1] DEBUG c.z.f.t.m.C.findByUserIdAndType          : ==> Parameters: 1(Long), INCOME(String)
2026-05-12 15:52:29.777 [http-nio-8080-exec-1] DEBUG c.z.f.t.m.C.findByUserIdAndType          : <==      Total: 5
2026-05-12 15:55:09.422 [http-nio-8080-exec-2] DEBUG c.z.f.t.filter.JwtAuthenticationFilter   : Authenticated [user=Andy, uri=/api/transactions/summary]
2026-05-12 15:55:09.425 [http-nio-8080-exec-2] DEBUG c.z.f.t.m.UserMapper.findByUsername      : ==>  Preparing: SELECT * FROM users WHERE username = ?
2026-05-12 15:55:09.425 [http-nio-8080-exec-2] DEBUG c.z.f.t.m.UserMapper.findByUsername      : ==> Parameters: Andy(String)
2026-05-12 15:55:09.426 [http-nio-8080-exec-2] DEBUG c.z.f.t.m.UserMapper.findByUsername      : <==      Total: 1
2026-05-12 15:55:09.734 [http-nio-8080-exec-4] DEBUG c.z.f.t.filter.JwtAuthenticationFilter   : Authenticated [user=Andy, uri=/api/transactions/daily-trends]
2026-05-12 15:55:09.735 [http-nio-8080-exec-4] DEBUG c.z.f.t.m.UserMapper.findByUsername      : ==>  Preparing: SELECT * FROM users WHERE username = ?
2026-05-12 15:55:09.737 [http-nio-8080-exec-4] DEBUG c.z.f.t.m.UserMapper.findByUsername      : ==> Parameters: Andy(String)
2026-05-12 15:55:09.741 [http-nio-8080-exec-4] DEBUG c.z.f.t.m.UserMapper.findByUsername      : <==      Total: 1
2026-05-12 15:55:09.893 [http-nio-8080-exec-7] DEBUG c.z.f.t.filter.JwtAuthenticationFilter   : Authenticated [user=Andy, uri=/api/transactions/history]
2026-05-12 15:55:09.894 [http-nio-8080-exec-7] DEBUG c.z.f.t.m.UserMapper.findByUsername      : ==>  Preparing: SELECT * FROM users WHERE username = ?
2026-05-12 15:55:09.894 [http-nio-8080-exec-7] DEBUG c.z.f.t.m.UserMapper.findByUsername      : ==> Parameters: Andy(String)
2026-05-12 15:55:09.896 [http-nio-8080-exec-7] DEBUG c.z.f.t.m.UserMapper.findByUsername      : <==      Total: 1
2026-05-12 15:55:09.896 [http-nio-8080-exec-7] DEBUG c.z.f.t.m.T.findAllFiltered              : ==>  Preparing: SELECT t.*, c.name as categoryName FROM transactions t LEFT JOIN categories c ON t.category_id = c.id WHERE t.user_id = ? ORDER BY t.date DESC, t.id DESC LIMIT ? OFFSET ?
2026-05-12 15:55:09.897 [http-nio-8080-exec-7] DEBUG c.z.f.t.m.T.findAllFiltered              : ==> Parameters: 1(Long), 5(Integer), 0(Integer)
2026-05-12 15:55:09.900 [http-nio-8080-exec-7] DEBUG c.z.f.t.m.T.findAllFiltered              : <==      Total: 5
2026-05-12 15:55:09.903 [http-nio-8080-exec-7] DEBUG c.z.f.t.m.T.countFiltered                : ==>  Preparing: SELECT COUNT(*) FROM transactions t WHERE user_id = ?
2026-05-12 15:55:09.904 [http-nio-8080-exec-7] DEBUG c.z.f.t.m.T.countFiltered                : ==> Parameters: 1(Long)
2026-05-12 15:55:09.905 [http-nio-8080-exec-7] DEBUG c.z.f.t.m.T.countFiltered                : <==      Total: 1
2026-05-12 15:55:09.905 [http-nio-8080-exec-7] DEBUG c.z.f.t.c.TransactionController          : History query [userId=1, page=0, size=5, total=32]
2026-05-12 15:55:10.095 [http-nio-8080-exec-8] DEBUG c.z.f.t.filter.JwtAuthenticationFilter   : Authenticated [user=Andy, uri=/api/recurring/upcoming]
2026-05-12 15:55:10.096 [http-nio-8080-exec-8] DEBUG c.z.f.t.m.UserMapper.findByUsername      : ==>  Preparing: SELECT * FROM users WHERE username = ?
2026-05-12 15:55:10.096 [http-nio-8080-exec-8] DEBUG c.z.f.t.m.UserMapper.findByUsername      : ==> Parameters: Andy(String)
2026-05-12 15:55:10.098 [http-nio-8080-exec-8] DEBUG c.z.f.t.m.UserMapper.findByUsername      : <==      Total: 1
2026-05-12 15:55:10.098 [http-nio-8080-exec-8] DEBUG c.z.f.t.m.RecurringMapper.findUpcoming   : ==>  Preparing: SELECT r.*, c.name as categoryName FROM recurring_transactions r LEFT JOIN categories c ON r.category_id = c.id WHERE r.user_id = ? AND r.is_active = TRUE AND r.next_due_date <= DATE_ADD(CURDATE(), INTERVAL ? DAY) ORDER BY r.next_due_date ASC
2026-05-12 15:55:10.098 [http-nio-8080-exec-8] DEBUG c.z.f.t.m.RecurringMapper.findUpcoming   : ==> Parameters: 1(Long), 7(Integer)
2026-05-12 15:55:10.100 [http-nio-8080-exec-8] DEBUG c.z.f.t.m.RecurringMapper.findUpcoming   : <==      Total: 0
2026-05-12 15:55:11.995 [http-nio-8080-exec-1] DEBUG c.z.f.t.filter.JwtAuthenticationFilter   : Authenticated [user=Andy, uri=/api/categories]
2026-05-12 15:55:11.996 [http-nio-8080-exec-1] DEBUG c.z.f.t.m.UserMapper.findByUsername      : ==>  Preparing: SELECT * FROM users WHERE username = ?
2026-05-12 15:55:11.996 [http-nio-8080-exec-1] DEBUG c.z.f.t.m.UserMapper.findByUsername      : ==> Parameters: Andy(String)
2026-05-12 15:55:11.997 [http-nio-8080-exec-1] DEBUG c.z.f.t.m.UserMapper.findByUsername      : <==      Total: 1
2026-05-12 15:55:12.071 [http-nio-8080-exec-2] DEBUG c.z.f.t.filter.JwtAuthenticationFilter   : Authenticated [user=Andy, uri=/api/transactions/history]
2026-05-12 15:55:12.073 [http-nio-8080-exec-2] DEBUG c.z.f.t.m.UserMapper.findByUsername      : ==>  Preparing: SELECT * FROM users WHERE username = ?
2026-05-12 15:55:12.073 [http-nio-8080-exec-2] DEBUG c.z.f.t.m.UserMapper.findByUsername      : ==> Parameters: Andy(String)
2026-05-12 15:55:12.075 [http-nio-8080-exec-2] DEBUG c.z.f.t.m.UserMapper.findByUsername      : <==      Total: 1
2026-05-12 15:55:12.076 [http-nio-8080-exec-2] DEBUG c.z.f.t.m.T.findAllFiltered              : ==>  Preparing: SELECT t.*, c.name as categoryName FROM transactions t LEFT JOIN categories c ON t.category_id = c.id WHERE t.user_id = ? ORDER BY t.date DESC, t.id DESC LIMIT ? OFFSET ?
2026-05-12 15:55:12.076 [http-nio-8080-exec-2] DEBUG c.z.f.t.m.T.findAllFiltered              : ==> Parameters: 1(Long), 15(Integer), 0(Integer)
2026-05-12 15:55:12.079 [http-nio-8080-exec-2] DEBUG c.z.f.t.m.T.findAllFiltered              : <==      Total: 15
2026-05-12 15:55:12.087 [http-nio-8080-exec-2] DEBUG c.z.f.t.m.T.countFiltered                : ==>  Preparing: SELECT COUNT(*) FROM transactions t WHERE user_id = ?
2026-05-12 15:55:12.087 [http-nio-8080-exec-2] DEBUG c.z.f.t.m.T.countFiltered                : ==> Parameters: 1(Long)
2026-05-12 15:55:12.089 [http-nio-8080-exec-2] DEBUG c.z.f.t.m.T.countFiltered                : <==      Total: 1
2026-05-12 15:55:12.090 [http-nio-8080-exec-2] DEBUG c.z.f.t.c.TransactionController          : History query [userId=1, page=0, size=15, total=32]
2026-05-12 15:55:12.169 [http-nio-8080-exec-4] DEBUG c.z.f.t.filter.JwtAuthenticationFilter   : Authenticated [user=Andy, uri=/api/categories]
2026-05-12 15:55:12.170 [http-nio-8080-exec-4] DEBUG c.z.f.t.m.UserMapper.findByUsername      : ==>  Preparing: SELECT * FROM users WHERE username = ?
2026-05-12 15:55:12.170 [http-nio-8080-exec-4] DEBUG c.z.f.t.m.UserMapper.findByUsername      : ==> Parameters: Andy(String)
2026-05-12 15:55:12.172 [http-nio-8080-exec-4] DEBUG c.z.f.t.m.UserMapper.findByUsername      : <==      Total: 1
2026-05-12 16:01:09.850 [SpringApplicationShutdownHook] INFO  o.s.b.w.e.tomcat.GracefulShutdown        : Commencing graceful shutdown. Waiting for active requests to complete
2026-05-12 16:01:11.862 [tomcat-shutdown] INFO  o.s.b.w.e.tomcat.GracefulShutdown        : Graceful shutdown complete
