2026-05-13 14:06:17.349 [main] INFO  c.z.f.tracker.FinanceTrackerApplication  : The following 1 profile is active: "dev"
2026-05-13 14:06:18.128 [main] INFO  .s.d.r.c.RepositoryConfigurationDelegate : Multiple Spring Data modules found, entering strict repository configuration mode
2026-05-13 14:06:18.132 [main] INFO  .s.d.r.c.RepositoryConfigurationDelegate : Bootstrapping Spring Data Redis repositories in DEFAULT mode.
2026-05-13 14:06:18.165 [main] INFO  .s.d.r.c.RepositoryConfigurationDelegate : Finished Spring Data repository scanning in 11 ms. Found 0 Redis repository interfaces.
2026-05-13 14:06:19.015 [main] INFO  o.s.b.w.embedded.tomcat.TomcatWebServer  : Tomcat initialized with port 8080 (http)
2026-05-13 14:06:19.032 [main] INFO  o.a.coyote.http11.Http11NioProtocol      : Initializing ProtocolHandler ["http-nio-8080"]
2026-05-13 14:06:19.036 [main] INFO  o.apache.catalina.core.StandardService   : Starting service [Tomcat]
2026-05-13 14:06:19.036 [main] INFO  o.apache.catalina.core.StandardEngine    : Starting Servlet engine: [Apache Tomcat/10.1.49]
2026-05-13 14:06:19.099 [main] INFO  o.a.c.c.C.[Tomcat].[localhost].[/]       : Initializing Spring embedded WebApplicationContext
2026-05-13 14:06:19.100 [main] INFO  w.s.c.ServletWebServerApplicationContext : Root WebApplicationContext: initialization completed in 1723 ms
2026-05-13 14:06:19.177 [main] DEBUG c.z.f.t.filter.JwtAuthenticationFilter   : Filter 'jwtAuthenticationFilter' configured for use
2026-05-13 14:06:20.921 [main] INFO  o.a.coyote.http11.Http11NioProtocol      : Starting ProtocolHandler ["http-nio-8080"]
2026-05-13 14:06:20.955 [main] INFO  o.s.b.w.embedded.tomcat.TomcatWebServer  : Tomcat started on port 8080 (http) with context path '/'
2026-05-13 14:06:20.977 [main] INFO  c.z.f.tracker.FinanceTrackerApplication  : Started FinanceTrackerApplication in 5.317 seconds (process running for 6.856)
2026-05-13 14:15:53.820 [SpringApplicationShutdownHook] INFO  o.s.b.w.e.tomcat.GracefulShutdown        : Commencing graceful shutdown. Waiting for active requests to complete
2026-05-13 14:15:55.847 [tomcat-shutdown] INFO  o.s.b.w.e.tomcat.GracefulShutdown        : Graceful shutdown complete
2026-05-13 14:16:01.311 [main] INFO  c.z.f.tracker.FinanceTrackerApplication  : The following 1 profile is active: "dev"
2026-05-13 14:16:02.047 [main] INFO  .s.d.r.c.RepositoryConfigurationDelegate : Multiple Spring Data modules found, entering strict repository configuration mode
2026-05-13 14:16:02.050 [main] INFO  .s.d.r.c.RepositoryConfigurationDelegate : Bootstrapping Spring Data Redis repositories in DEFAULT mode.
2026-05-13 14:16:02.084 [main] INFO  .s.d.r.c.RepositoryConfigurationDelegate : Finished Spring Data repository scanning in 10 ms. Found 0 Redis repository interfaces.
2026-05-13 14:16:02.911 [main] INFO  o.s.b.w.embedded.tomcat.TomcatWebServer  : Tomcat initialized with port 8080 (http)
2026-05-13 14:16:02.927 [main] INFO  o.a.coyote.http11.Http11NioProtocol      : Initializing ProtocolHandler ["http-nio-8080"]
2026-05-13 14:16:02.929 [main] INFO  o.apache.catalina.core.StandardService   : Starting service [Tomcat]
2026-05-13 14:16:02.929 [main] INFO  o.apache.catalina.core.StandardEngine    : Starting Servlet engine: [Apache Tomcat/10.1.49]
2026-05-13 14:16:02.993 [main] INFO  o.a.c.c.C.[Tomcat].[localhost].[/]       : Initializing Spring embedded WebApplicationContext
2026-05-13 14:16:02.994 [main] INFO  w.s.c.ServletWebServerApplicationContext : Root WebApplicationContext: initialization completed in 1662 ms
2026-05-13 14:16:03.077 [main] DEBUG c.z.f.t.filter.JwtAuthenticationFilter   : Filter 'jwtAuthenticationFilter' configured for use
2026-05-13 14:16:05.193 [main] INFO  o.a.coyote.http11.Http11NioProtocol      : Starting ProtocolHandler ["http-nio-8080"]
2026-05-13 14:16:05.229 [main] INFO  o.s.b.w.embedded.tomcat.TomcatWebServer  : Tomcat started on port 8080 (http) with context path '/'
2026-05-13 14:16:05.244 [main] INFO  c.z.f.tracker.FinanceTrackerApplication  : Started FinanceTrackerApplication in 5.475 seconds (process running for 6.447)
2026-05-13 14:17:15.577 [http-nio-8080-exec-1] INFO  o.a.c.c.C.[Tomcat].[localhost].[/]       : Initializing Spring DispatcherServlet 'dispatcherServlet'
2026-05-13 14:17:15.861 [http-nio-8080-exec-1] WARN  c.z.f.t.filter.JwtAuthenticationFilter   : JWT processing error [uri=/api/transactions/summary, error=JWT expired 17897856 milliseconds ago at 2026-05-13T01:18:58.000Z. Current time: 2026-05-13T06:17:15.856Z. Allowed clock skew: 0 milliseconds.]
2026-05-13 14:17:16.177 [http-nio-8080-exec-3] WARN  c.z.f.t.filter.JwtAuthenticationFilter   : JWT processing error [uri=/api/transactions/daily-trends, error=JWT expired 17898176 milliseconds ago at 2026-05-13T01:18:58.000Z. Current time: 2026-05-13T06:17:16.176Z. Allowed clock skew: 0 milliseconds.]
2026-05-13 14:17:16.335 [http-nio-8080-exec-5] WARN  c.z.f.t.filter.JwtAuthenticationFilter   : JWT processing error [uri=/api/transactions/history, error=JWT expired 17898335 milliseconds ago at 2026-05-13T01:18:58.000Z. Current time: 2026-05-13T06:17:16.335Z. Allowed clock skew: 0 milliseconds.]
2026-05-13 14:17:16.472 [http-nio-8080-exec-7] WARN  c.z.f.t.filter.JwtAuthenticationFilter   : JWT processing error [uri=/api/recurring/upcoming, error=JWT expired 17898471 milliseconds ago at 2026-05-13T01:18:58.000Z. Current time: 2026-05-13T06:17:16.471Z. Allowed clock skew: 0 milliseconds.]
2026-05-13 14:17:23.709 [http-nio-8080-exec-9] WARN  c.z.f.t.filter.JwtAuthenticationFilter   : JWT processing error [uri=/api/profile, error=JWT expired 17905708 milliseconds ago at 2026-05-13T01:18:58.000Z. Current time: 2026-05-13T06:17:23.708Z. Allowed clock skew: 0 milliseconds.]
2026-05-13 14:17:34.924 [http-nio-8080-exec-1] DEBUG c.z.f.tracker.controller.AuthController  : Login attempt: [username=Andy]
2026-05-13 14:17:35.336 [http-nio-8080-exec-1] DEBUG c.z.f.t.m.UserMapper.findByUsername      : ==>  Preparing: SELECT * FROM users WHERE username = ?
2026-05-13 14:17:35.402 [http-nio-8080-exec-1] DEBUG c.z.f.t.m.UserMapper.findByUsername      : ==> Parameters: Andy(String)
2026-05-13 14:17:35.489 [http-nio-8080-exec-1] DEBUG c.z.f.t.m.UserMapper.findByUsername      : <==      Total: 1
2026-05-13 14:17:35.757 [http-nio-8080-exec-1] INFO  c.z.f.tracker.controller.AuthController  : Login success: [username=Andy]
2026-05-13 14:17:36.211 [http-nio-8080-exec-3] DEBUG c.z.f.t.filter.JwtAuthenticationFilter   : Authenticated [user=Andy, uri=/api/transactions/summary]
2026-05-13 14:17:36.224 [http-nio-8080-exec-3] DEBUG c.z.f.t.m.UserMapper.findByUsername      : ==>  Preparing: SELECT * FROM users WHERE username = ?
2026-05-13 14:17:36.225 [http-nio-8080-exec-3] DEBUG c.z.f.t.m.UserMapper.findByUsername      : ==> Parameters: Andy(String)
2026-05-13 14:17:36.228 [http-nio-8080-exec-3] DEBUG c.z.f.t.m.UserMapper.findByUsername      : <==      Total: 1
2026-05-13 14:17:36.868 [http-nio-8080-exec-3] DEBUG c.z.f.t.m.T.getTotalBalance              : ==>  Preparing: SELECT COALESCE( SUM(CASE WHEN type = 'INCOME' THEN amount ELSE ABS(amount) * -1 END), 0 ) FROM transactions WHERE user_id = ?
2026-05-13 14:17:36.874 [http-nio-8080-exec-3] DEBUG c.z.f.t.m.T.getTotalBalance              : ==> Parameters: 1(Long)
2026-05-13 14:17:36.901 [http-nio-8080-exec-3] DEBUG c.z.f.t.m.T.getTotalBalance              : <==      Total: 1
2026-05-13 14:17:36.902 [http-nio-8080-exec-3] DEBUG c.z.f.t.m.T.getMonthlyBalance            : ==>  Preparing: SELECT SUM(CASE WHEN type = 'INCOME' THEN amount ELSE 0 END) as income, SUM(CASE WHEN type = 'EXPENSE' THEN ABS(amount) ELSE 0 END) as expense, SUM(CASE WHEN type = 'INCOME' THEN amount ELSE ABS(amount) * -1 END) as net FROM transactions WHERE user_id = ? AND DATE_FORMAT(date, '%Y-%m') = ?
2026-05-13 14:17:36.904 [http-nio-8080-exec-3] DEBUG c.z.f.t.m.T.getMonthlyBalance            : ==> Parameters: 1(Long), 2026-05(String)
2026-05-13 14:17:36.908 [http-nio-8080-exec-3] DEBUG c.z.f.t.m.T.getMonthlyBalance            : <==      Total: 1
2026-05-13 14:17:36.909 [http-nio-8080-exec-3] DEBUG c.z.f.t.m.T.getIncomeVsExpense           : ==>  Preparing: SELECT SUM(CASE WHEN type = 'INCOME' THEN amount ELSE 0 END) as totalIncome, SUM(CASE WHEN type = 'EXPENSE' THEN ABS(amount) ELSE 0 END) as totalExpense FROM transactions WHERE user_id = ?
2026-05-13 14:17:36.910 [http-nio-8080-exec-3] DEBUG c.z.f.t.m.T.getIncomeVsExpense           : ==> Parameters: 1(Long)
2026-05-13 14:17:36.913 [http-nio-8080-exec-3] DEBUG c.z.f.t.m.T.getIncomeVsExpense           : <==      Total: 1
2026-05-13 14:17:36.914 [http-nio-8080-exec-3] DEBUG c.z.f.t.m.T.getCategorySummary           : ==>  Preparing: SELECT c.name as name, SUM(ABS(t.amount)) as value FROM transactions t INNER JOIN categories c ON t.category_id = c.id WHERE t.user_id = ? AND t.type = ? GROUP BY c.name
2026-05-13 14:17:36.916 [http-nio-8080-exec-3] DEBUG c.z.f.t.m.T.getCategorySummary           : ==> Parameters: 1(Long), INCOME(String)
2026-05-13 14:17:36.935 [http-nio-8080-exec-3] DEBUG c.z.f.t.m.T.getCategorySummary           : <==      Total: 4
2026-05-13 14:17:36.935 [http-nio-8080-exec-3] DEBUG c.z.f.t.m.T.getCategorySummary           : ==>  Preparing: SELECT c.name as name, SUM(ABS(t.amount)) as value FROM transactions t INNER JOIN categories c ON t.category_id = c.id WHERE t.user_id = ? AND t.type = ? GROUP BY c.name
2026-05-13 14:17:36.936 [http-nio-8080-exec-3] DEBUG c.z.f.t.m.T.getCategorySummary           : ==> Parameters: 1(Long), EXPENSE(String)
2026-05-13 14:17:36.940 [http-nio-8080-exec-3] DEBUG c.z.f.t.m.T.getCategorySummary           : <==      Total: 7
2026-05-13 14:17:37.116 [http-nio-8080-exec-5] DEBUG c.z.f.t.filter.JwtAuthenticationFilter   : Authenticated [user=Andy, uri=/api/transactions/daily-trends]
2026-05-13 14:17:37.119 [http-nio-8080-exec-5] DEBUG c.z.f.t.m.UserMapper.findByUsername      : ==>  Preparing: SELECT * FROM users WHERE username = ?
2026-05-13 14:17:37.119 [http-nio-8080-exec-5] DEBUG c.z.f.t.m.UserMapper.findByUsername      : ==> Parameters: Andy(String)
2026-05-13 14:17:37.121 [http-nio-8080-exec-5] DEBUG c.z.f.t.m.UserMapper.findByUsername      : <==      Total: 1
2026-05-13 14:17:37.126 [http-nio-8080-exec-5] DEBUG c.z.f.t.m.T.getDailyTrends               : ==>  Preparing: SELECT DATE(t.date) as date, SUM(CASE WHEN t.type = 'INCOME' THEN t.amount ELSE 0 END) as income, SUM(CASE WHEN t.type = 'EXPENSE' THEN t.amount ELSE 0 END) as expense FROM transactions t WHERE t.user_id = ? AND t.date >= DATE_SUB(CURDATE(), INTERVAL ? DAY) GROUP BY DATE(t.date) ORDER BY date ASC
2026-05-13 14:17:37.130 [http-nio-8080-exec-5] DEBUG c.z.f.t.m.T.getDailyTrends               : ==> Parameters: 1(Long), 30(Integer)
2026-05-13 14:17:37.137 [http-nio-8080-exec-5] DEBUG c.z.f.t.m.T.getDailyTrends               : <==      Total: 10
2026-05-13 14:17:37.269 [http-nio-8080-exec-7] DEBUG c.z.f.t.filter.JwtAuthenticationFilter   : Authenticated [user=Andy, uri=/api/transactions/history]
2026-05-13 14:17:37.299 [http-nio-8080-exec-7] DEBUG c.z.f.t.m.UserMapper.findByUsername      : ==>  Preparing: SELECT * FROM users WHERE username = ?
2026-05-13 14:17:37.299 [http-nio-8080-exec-7] DEBUG c.z.f.t.m.UserMapper.findByUsername      : ==> Parameters: Andy(String)
2026-05-13 14:17:37.302 [http-nio-8080-exec-7] DEBUG c.z.f.t.m.UserMapper.findByUsername      : <==      Total: 1
2026-05-13 14:17:37.335 [http-nio-8080-exec-7] DEBUG c.z.f.t.m.T.findAllFiltered              : ==>  Preparing: SELECT t.*, c.name as categoryName FROM transactions t LEFT JOIN categories c ON t.category_id = c.id WHERE t.user_id = ? ORDER BY t.date DESC, t.id DESC LIMIT ? OFFSET ?
2026-05-13 14:17:37.336 [http-nio-8080-exec-7] DEBUG c.z.f.t.m.T.findAllFiltered              : ==> Parameters: 1(Long), 5(Integer), 0(Integer)
2026-05-13 14:17:37.345 [http-nio-8080-exec-7] DEBUG c.z.f.t.m.T.findAllFiltered              : <==      Total: 5
2026-05-13 14:17:37.346 [http-nio-8080-exec-7] DEBUG c.z.f.t.m.T.countFiltered                : ==>  Preparing: SELECT COUNT(*) FROM transactions t WHERE user_id = ?
2026-05-13 14:17:37.347 [http-nio-8080-exec-7] DEBUG c.z.f.t.m.T.countFiltered                : ==> Parameters: 1(Long)
2026-05-13 14:17:37.350 [http-nio-8080-exec-7] DEBUG c.z.f.t.m.T.countFiltered                : <==      Total: 1
2026-05-13 14:17:37.350 [http-nio-8080-exec-7] DEBUG c.z.f.t.c.TransactionController          : History query [userId=1, page=0, size=5, total=32]
2026-05-13 14:17:37.484 [http-nio-8080-exec-9] DEBUG c.z.f.t.filter.JwtAuthenticationFilter   : Authenticated [user=Andy, uri=/api/recurring/upcoming]
2026-05-13 14:17:37.486 [http-nio-8080-exec-9] DEBUG c.z.f.t.m.UserMapper.findByUsername      : ==>  Preparing: SELECT * FROM users WHERE username = ?
2026-05-13 14:17:37.487 [http-nio-8080-exec-9] DEBUG c.z.f.t.m.UserMapper.findByUsername      : ==> Parameters: Andy(String)
2026-05-13 14:17:37.489 [http-nio-8080-exec-9] DEBUG c.z.f.t.m.UserMapper.findByUsername      : <==      Total: 1
2026-05-13 14:17:37.490 [http-nio-8080-exec-9] DEBUG c.z.f.t.m.RecurringMapper.findUpcoming   : ==>  Preparing: SELECT r.*, c.name as categoryName FROM recurring_transactions r LEFT JOIN categories c ON r.category_id = c.id WHERE r.user_id = ? AND r.is_active = TRUE AND r.next_due_date <= DATE_ADD(CURDATE(), INTERVAL ? DAY) ORDER BY r.next_due_date ASC
2026-05-13 14:17:37.491 [http-nio-8080-exec-9] DEBUG c.z.f.t.m.RecurringMapper.findUpcoming   : ==> Parameters: 1(Long), 7(Integer)
2026-05-13 14:17:37.498 [http-nio-8080-exec-9] DEBUG c.z.f.t.m.RecurringMapper.findUpcoming   : <==      Total: 0
2026-05-13 14:17:40.001 [http-nio-8080-exec-1] DEBUG c.z.f.t.filter.JwtAuthenticationFilter   : Authenticated [user=Andy, uri=/api/categories]
2026-05-13 14:17:40.004 [http-nio-8080-exec-1] DEBUG c.z.f.t.m.UserMapper.findByUsername      : ==>  Preparing: SELECT * FROM users WHERE username = ?
2026-05-13 14:17:40.005 [http-nio-8080-exec-1] DEBUG c.z.f.t.m.UserMapper.findByUsername      : ==> Parameters: Andy(String)
2026-05-13 14:17:40.007 [http-nio-8080-exec-1] DEBUG c.z.f.t.m.UserMapper.findByUsername      : <==      Total: 1
2026-05-13 14:17:40.012 [http-nio-8080-exec-1] DEBUG c.z.f.t.m.C.findByUserIdAndType          : ==>  Preparing: SELECT * FROM categories WHERE user_id = ? AND type = ? ORDER BY name ASC
2026-05-13 14:17:40.012 [http-nio-8080-exec-1] DEBUG c.z.f.t.m.C.findByUserIdAndType          : ==> Parameters: 1(Long), EXPENSE(String)
2026-05-13 14:17:40.019 [http-nio-8080-exec-1] DEBUG c.z.f.t.m.C.findByUserIdAndType          : <==      Total: 10
2026-05-13 14:17:40.092 [http-nio-8080-exec-3] DEBUG c.z.f.t.filter.JwtAuthenticationFilter   : Authenticated [user=Andy, uri=/api/transactions/history]
2026-05-13 14:17:40.094 [http-nio-8080-exec-3] DEBUG c.z.f.t.m.UserMapper.findByUsername      : ==>  Preparing: SELECT * FROM users WHERE username = ?
2026-05-13 14:17:40.094 [http-nio-8080-exec-3] DEBUG c.z.f.t.m.UserMapper.findByUsername      : ==> Parameters: Andy(String)
2026-05-13 14:17:40.096 [http-nio-8080-exec-3] DEBUG c.z.f.t.m.UserMapper.findByUsername      : <==      Total: 1
2026-05-13 14:17:40.097 [http-nio-8080-exec-3] DEBUG c.z.f.t.m.T.findAllFiltered              : ==>  Preparing: SELECT t.*, c.name as categoryName FROM transactions t LEFT JOIN categories c ON t.category_id = c.id WHERE t.user_id = ? ORDER BY t.date DESC, t.id DESC LIMIT ? OFFSET ?
2026-05-13 14:17:40.098 [http-nio-8080-exec-3] DEBUG c.z.f.t.m.T.findAllFiltered              : ==> Parameters: 1(Long), 15(Integer), 0(Integer)
2026-05-13 14:17:40.104 [http-nio-8080-exec-3] DEBUG c.z.f.t.m.T.findAllFiltered              : <==      Total: 15
2026-05-13 14:17:40.104 [http-nio-8080-exec-3] DEBUG c.z.f.t.m.T.countFiltered                : ==>  Preparing: SELECT COUNT(*) FROM transactions t WHERE user_id = ?
2026-05-13 14:17:40.104 [http-nio-8080-exec-3] DEBUG c.z.f.t.m.T.countFiltered                : ==> Parameters: 1(Long)
2026-05-13 14:17:40.106 [http-nio-8080-exec-3] DEBUG c.z.f.t.m.T.countFiltered                : <==      Total: 1
2026-05-13 14:17:40.107 [http-nio-8080-exec-3] DEBUG c.z.f.t.c.TransactionController          : History query [userId=1, page=0, size=15, total=32]
2026-05-13 14:17:40.187 [http-nio-8080-exec-5] DEBUG c.z.f.t.filter.JwtAuthenticationFilter   : Authenticated [user=Andy, uri=/api/categories]
2026-05-13 14:17:40.189 [http-nio-8080-exec-5] DEBUG c.z.f.t.m.UserMapper.findByUsername      : ==>  Preparing: SELECT * FROM users WHERE username = ?
2026-05-13 14:17:40.189 [http-nio-8080-exec-5] DEBUG c.z.f.t.m.UserMapper.findByUsername      : ==> Parameters: Andy(String)
2026-05-13 14:17:40.192 [http-nio-8080-exec-5] DEBUG c.z.f.t.m.UserMapper.findByUsername      : <==      Total: 1
2026-05-13 14:17:40.195 [http-nio-8080-exec-5] DEBUG c.z.f.t.m.C.findByUserIdAndType          : ==>  Preparing: SELECT * FROM categories WHERE user_id = ? AND type = ? ORDER BY name ASC
2026-05-13 14:17:40.196 [http-nio-8080-exec-5] DEBUG c.z.f.t.m.C.findByUserIdAndType          : ==> Parameters: 1(Long), INCOME(String)
2026-05-13 14:17:40.200 [http-nio-8080-exec-5] DEBUG c.z.f.t.m.C.findByUserIdAndType          : <==      Total: 5
2026-05-13 14:17:49.387 [http-nio-8080-exec-7] DEBUG c.z.f.t.filter.JwtAuthenticationFilter   : Authenticated [user=Andy, uri=/api/transactions/trends]
2026-05-13 14:17:49.391 [http-nio-8080-exec-7] DEBUG c.z.f.t.m.UserMapper.findByUsername      : ==>  Preparing: SELECT * FROM users WHERE username = ?
2026-05-13 14:17:49.391 [http-nio-8080-exec-7] DEBUG c.z.f.t.m.UserMapper.findByUsername      : ==> Parameters: Andy(String)
2026-05-13 14:17:49.393 [http-nio-8080-exec-7] DEBUG c.z.f.t.m.UserMapper.findByUsername      : <==      Total: 1
2026-05-13 14:17:49.398 [http-nio-8080-exec-7] DEBUG c.z.f.t.m.T.getTimeSeriesData            : ==>  Preparing: SELECT DATE_FORMAT(date, '%Y-%m') as timeLabel, SUM(ABS(amount)) as total FROM transactions WHERE user_id = ? AND type = ? GROUP BY timeLabel ORDER BY timeLabel ASC
2026-05-13 14:17:49.398 [http-nio-8080-exec-7] DEBUG c.z.f.t.m.T.getTimeSeriesData            : ==> Parameters: 1(Long), INCOME(String)
2026-05-13 14:17:49.401 [http-nio-8080-exec-7] DEBUG c.z.f.t.m.T.getTimeSeriesData            : <==      Total: 4
2026-05-13 14:17:49.503 [http-nio-8080-exec-9] DEBUG c.z.f.t.filter.JwtAuthenticationFilter   : Authenticated [user=Andy, uri=/api/transactions/trends]
2026-05-13 14:17:49.504 [http-nio-8080-exec-9] DEBUG c.z.f.t.m.UserMapper.findByUsername      : ==>  Preparing: SELECT * FROM users WHERE username = ?
2026-05-13 14:17:49.505 [http-nio-8080-exec-9] DEBUG c.z.f.t.m.UserMapper.findByUsername      : ==> Parameters: Andy(String)
2026-05-13 14:17:49.507 [http-nio-8080-exec-9] DEBUG c.z.f.t.m.UserMapper.findByUsername      : <==      Total: 1
2026-05-13 14:17:49.510 [http-nio-8080-exec-9] DEBUG c.z.f.t.m.T.getTimeSeriesData            : ==>  Preparing: SELECT DATE_FORMAT(date, '%Y-%m') as timeLabel, SUM(ABS(amount)) as total FROM transactions WHERE user_id = ? AND type = ? GROUP BY timeLabel ORDER BY timeLabel ASC
2026-05-13 14:17:49.510 [http-nio-8080-exec-9] DEBUG c.z.f.t.m.T.getTimeSeriesData            : ==> Parameters: 1(Long), EXPENSE(String)
2026-05-13 14:17:49.513 [http-nio-8080-exec-9] DEBUG c.z.f.t.m.T.getTimeSeriesData            : <==      Total: 5
2026-05-13 14:17:49.611 [http-nio-8080-exec-1] DEBUG c.z.f.t.filter.JwtAuthenticationFilter   : Authenticated [user=Andy, uri=/api/transactions/summary]
2026-05-13 14:17:49.612 [http-nio-8080-exec-1] DEBUG c.z.f.t.m.UserMapper.findByUsername      : ==>  Preparing: SELECT * FROM users WHERE username = ?
2026-05-13 14:17:49.612 [http-nio-8080-exec-1] DEBUG c.z.f.t.m.UserMapper.findByUsername      : ==> Parameters: Andy(String)
2026-05-13 14:17:49.614 [http-nio-8080-exec-1] DEBUG c.z.f.t.m.UserMapper.findByUsername      : <==      Total: 1
2026-05-13 14:17:51.271 [http-nio-8080-exec-3] DEBUG c.z.f.t.filter.JwtAuthenticationFilter   : Authenticated [user=Andy, uri=/api/categories]
2026-05-13 14:17:51.274 [http-nio-8080-exec-3] DEBUG c.z.f.t.m.UserMapper.findByUsername      : ==>  Preparing: SELECT * FROM users WHERE username = ?
2026-05-13 14:17:51.274 [http-nio-8080-exec-3] DEBUG c.z.f.t.m.UserMapper.findByUsername      : ==> Parameters: Andy(String)
2026-05-13 14:17:51.278 [http-nio-8080-exec-3] DEBUG c.z.f.t.m.UserMapper.findByUsername      : <==      Total: 1
2026-05-13 14:17:51.494 [http-nio-8080-exec-5] DEBUG c.z.f.t.filter.JwtAuthenticationFilter   : Authenticated [user=Andy, uri=/api/transactions/history]
2026-05-13 14:17:51.496 [http-nio-8080-exec-5] DEBUG c.z.f.t.m.UserMapper.findByUsername      : ==>  Preparing: SELECT * FROM users WHERE username = ?
2026-05-13 14:17:51.497 [http-nio-8080-exec-5] DEBUG c.z.f.t.m.UserMapper.findByUsername      : ==> Parameters: Andy(String)
2026-05-13 14:17:51.499 [http-nio-8080-exec-5] DEBUG c.z.f.t.m.UserMapper.findByUsername      : <==      Total: 1
2026-05-13 14:17:51.500 [http-nio-8080-exec-5] DEBUG c.z.f.t.m.T.findAllFiltered              : ==>  Preparing: SELECT t.*, c.name as categoryName FROM transactions t LEFT JOIN categories c ON t.category_id = c.id WHERE t.user_id = ? ORDER BY t.date DESC, t.id DESC LIMIT ? OFFSET ?
2026-05-13 14:17:51.500 [http-nio-8080-exec-5] DEBUG c.z.f.t.m.T.findAllFiltered              : ==> Parameters: 1(Long), 15(Integer), 0(Integer)
2026-05-13 14:17:51.508 [http-nio-8080-exec-5] DEBUG c.z.f.t.m.T.findAllFiltered              : <==      Total: 15
2026-05-13 14:17:51.508 [http-nio-8080-exec-5] DEBUG c.z.f.t.m.T.countFiltered                : ==>  Preparing: SELECT COUNT(*) FROM transactions t WHERE user_id = ?
2026-05-13 14:17:51.509 [http-nio-8080-exec-5] DEBUG c.z.f.t.m.T.countFiltered                : ==> Parameters: 1(Long)
2026-05-13 14:17:51.512 [http-nio-8080-exec-5] DEBUG c.z.f.t.m.T.countFiltered                : <==      Total: 1
2026-05-13 14:17:51.513 [http-nio-8080-exec-5] DEBUG c.z.f.t.c.TransactionController          : History query [userId=1, page=0, size=15, total=32]
2026-05-13 14:17:51.605 [http-nio-8080-exec-7] DEBUG c.z.f.t.filter.JwtAuthenticationFilter   : Authenticated [user=Andy, uri=/api/categories]
2026-05-13 14:17:51.607 [http-nio-8080-exec-7] DEBUG c.z.f.t.m.UserMapper.findByUsername      : ==>  Preparing: SELECT * FROM users WHERE username = ?
2026-05-13 14:17:51.608 [http-nio-8080-exec-7] DEBUG c.z.f.t.m.UserMapper.findByUsername      : ==> Parameters: Andy(String)
2026-05-13 14:17:51.611 [http-nio-8080-exec-7] DEBUG c.z.f.t.m.UserMapper.findByUsername      : <==      Total: 1
2026-05-13 14:17:57.594 [http-nio-8080-exec-9] DEBUG c.z.f.t.filter.JwtAuthenticationFilter   : Authenticated [user=Andy, uri=/api/transactions/35/image]
2026-05-13 14:17:57.636 [http-nio-8080-exec-9] DEBUG c.z.f.t.m.UserMapper.findByUsername      : ==>  Preparing: SELECT * FROM users WHERE username = ?
2026-05-13 14:17:57.637 [http-nio-8080-exec-9] DEBUG c.z.f.t.m.UserMapper.findByUsername      : ==> Parameters: Andy(String)
2026-05-13 14:17:57.643 [http-nio-8080-exec-9] DEBUG c.z.f.t.m.UserMapper.findByUsername      : <==      Total: 1
2026-05-13 14:17:57.644 [http-nio-8080-exec-9] DEBUG c.z.f.t.m.TransactionMapper.findById     : ==>  Preparing: SELECT t.*, c.name as categoryName FROM transactions t LEFT JOIN categories c ON t.category_id = c.id WHERE t.id = ? AND t.user_id = ?
2026-05-13 14:17:57.645 [http-nio-8080-exec-9] DEBUG c.z.f.t.m.TransactionMapper.findById     : ==> Parameters: 35(Long), 1(Long)
2026-05-13 14:17:57.648 [http-nio-8080-exec-9] DEBUG c.z.f.t.m.TransactionMapper.findById     : <==      Total: 1
2026-05-13 14:17:58.037 [http-nio-8080-exec-9] INFO  c.z.f.t.service.MinioStorageService      : Uploaded to MinIO [object=transactions/tx_35_54adc550-22d2-487e-9424-0cffda6194fa.jpg, size=30972B, type=image/jpeg]
2026-05-13 14:17:58.039 [http-nio-8080-exec-9] DEBUG c.z.f.t.m.TransactionMapper.updateImage  : ==>  Preparing: UPDATE transactions SET image_url = ? WHERE id = ? AND user_id = ?
2026-05-13 14:17:58.040 [http-nio-8080-exec-9] DEBUG c.z.f.t.m.TransactionMapper.updateImage  : ==> Parameters: transactions/tx_35_54adc550-22d2-487e-9424-0cffda6194fa.jpg(String), 35(Long), 1(Long)
2026-05-13 14:17:58.050 [http-nio-8080-exec-9] DEBUG c.z.f.t.m.TransactionMapper.updateImage  : <==    Updates: 1
2026-05-13 14:17:58.072 [http-nio-8080-exec-9] INFO  c.z.f.t.c.TransactionController          : Image uploaded [userId=1, txId=35, object=transactions/tx_35_54adc550-22d2-487e-9424-0cffda6194fa.jpg]
2026-05-13 14:17:58.428 [http-nio-8080-exec-1] DEBUG c.z.f.t.filter.JwtAuthenticationFilter   : Authenticated [user=Andy, uri=/api/transactions/35/image]
2026-05-13 14:17:58.431 [http-nio-8080-exec-1] DEBUG c.z.f.t.m.UserMapper.findByUsername      : ==>  Preparing: SELECT * FROM users WHERE username = ?
2026-05-13 14:17:58.431 [http-nio-8080-exec-1] DEBUG c.z.f.t.m.UserMapper.findByUsername      : ==> Parameters: Andy(String)
2026-05-13 14:17:58.434 [http-nio-8080-exec-1] DEBUG c.z.f.t.m.UserMapper.findByUsername      : <==      Total: 1
2026-05-13 14:17:58.434 [http-nio-8080-exec-1] DEBUG c.z.f.t.m.TransactionMapper.findById     : ==>  Preparing: SELECT t.*, c.name as categoryName FROM transactions t LEFT JOIN categories c ON t.category_id = c.id WHERE t.id = ? AND t.user_id = ?
2026-05-13 14:17:58.435 [http-nio-8080-exec-1] DEBUG c.z.f.t.m.TransactionMapper.findById     : ==> Parameters: 35(Long), 1(Long)
2026-05-13 14:17:58.438 [http-nio-8080-exec-1] DEBUG c.z.f.t.m.TransactionMapper.findById     : <==      Total: 1
2026-05-13 14:17:58.438 [http-nio-8080-exec-1] DEBUG c.z.f.t.service.MinioStorageService      : Fetching from MinIO [object=transactions/tx_35_54adc550-22d2-487e-9424-0cffda6194fa.jpg]
2026-05-13 14:17:58.449 [http-nio-8080-exec-1] DEBUG c.z.f.t.service.MinioStorageService      : Fetched 30972 bytes from MinIO [object=transactions/tx_35_54adc550-22d2-487e-9424-0cffda6194fa.jpg]
2026-05-13 14:18:03.489 [http-nio-8080-exec-3] DEBUG c.z.f.t.filter.JwtAuthenticationFilter   : Authenticated [user=Andy, uri=/api/transactions/summary]
2026-05-13 14:18:03.491 [http-nio-8080-exec-3] DEBUG c.z.f.t.m.UserMapper.findByUsername      : ==>  Preparing: SELECT * FROM users WHERE username = ?
2026-05-13 14:18:03.492 [http-nio-8080-exec-3] DEBUG c.z.f.t.m.UserMapper.findByUsername      : ==> Parameters: Andy(String)
2026-05-13 14:18:03.494 [http-nio-8080-exec-3] DEBUG c.z.f.t.m.UserMapper.findByUsername      : <==      Total: 1
2026-05-13 14:18:03.496 [http-nio-8080-exec-3] DEBUG c.z.f.t.m.T.getTotalBalance              : ==>  Preparing: SELECT COALESCE( SUM(CASE WHEN type = 'INCOME' THEN amount ELSE ABS(amount) * -1 END), 0 ) FROM transactions WHERE user_id = ?
2026-05-13 14:18:03.497 [http-nio-8080-exec-3] DEBUG c.z.f.t.m.T.getTotalBalance              : ==> Parameters: 1(Long)
2026-05-13 14:18:03.498 [http-nio-8080-exec-3] DEBUG c.z.f.t.m.T.getTotalBalance              : <==      Total: 1
2026-05-13 14:18:03.499 [http-nio-8080-exec-3] DEBUG c.z.f.t.m.T.getMonthlyBalance            : ==>  Preparing: SELECT SUM(CASE WHEN type = 'INCOME' THEN amount ELSE 0 END) as income, SUM(CASE WHEN type = 'EXPENSE' THEN ABS(amount) ELSE 0 END) as expense, SUM(CASE WHEN type = 'INCOME' THEN amount ELSE ABS(amount) * -1 END) as net FROM transactions WHERE user_id = ? AND DATE_FORMAT(date, '%Y-%m') = ?
2026-05-13 14:18:03.500 [http-nio-8080-exec-3] DEBUG c.z.f.t.m.T.getMonthlyBalance            : ==> Parameters: 1(Long), 2026-05(String)
2026-05-13 14:18:03.502 [http-nio-8080-exec-3] DEBUG c.z.f.t.m.T.getMonthlyBalance            : <==      Total: 1
2026-05-13 14:18:03.502 [http-nio-8080-exec-3] DEBUG c.z.f.t.m.T.getIncomeVsExpense           : ==>  Preparing: SELECT SUM(CASE WHEN type = 'INCOME' THEN amount ELSE 0 END) as totalIncome, SUM(CASE WHEN type = 'EXPENSE' THEN ABS(amount) ELSE 0 END) as totalExpense FROM transactions WHERE user_id = ?
2026-05-13 14:18:03.502 [http-nio-8080-exec-3] DEBUG c.z.f.t.m.T.getIncomeVsExpense           : ==> Parameters: 1(Long)
2026-05-13 14:18:03.504 [http-nio-8080-exec-3] DEBUG c.z.f.t.m.T.getIncomeVsExpense           : <==      Total: 1
2026-05-13 14:18:03.505 [http-nio-8080-exec-3] DEBUG c.z.f.t.m.T.getCategorySummary           : ==>  Preparing: SELECT c.name as name, SUM(ABS(t.amount)) as value FROM transactions t INNER JOIN categories c ON t.category_id = c.id WHERE t.user_id = ? AND t.type = ? GROUP BY c.name
2026-05-13 14:18:03.505 [http-nio-8080-exec-3] DEBUG c.z.f.t.m.T.getCategorySummary           : ==> Parameters: 1(Long), INCOME(String)
2026-05-13 14:18:03.509 [http-nio-8080-exec-3] DEBUG c.z.f.t.m.T.getCategorySummary           : <==      Total: 4
2026-05-13 14:18:03.509 [http-nio-8080-exec-3] DEBUG c.z.f.t.m.T.getCategorySummary           : ==>  Preparing: SELECT c.name as name, SUM(ABS(t.amount)) as value FROM transactions t INNER JOIN categories c ON t.category_id = c.id WHERE t.user_id = ? AND t.type = ? GROUP BY c.name
2026-05-13 14:18:03.509 [http-nio-8080-exec-3] DEBUG c.z.f.t.m.T.getCategorySummary           : ==> Parameters: 1(Long), EXPENSE(String)
2026-05-13 14:18:03.512 [http-nio-8080-exec-3] DEBUG c.z.f.t.m.T.getCategorySummary           : <==      Total: 7
2026-05-13 14:18:03.634 [http-nio-8080-exec-5] DEBUG c.z.f.t.filter.JwtAuthenticationFilter   : Authenticated [user=Andy, uri=/api/transactions/daily-trends]
2026-05-13 14:18:03.636 [http-nio-8080-exec-5] DEBUG c.z.f.t.m.UserMapper.findByUsername      : ==>  Preparing: SELECT * FROM users WHERE username = ?
2026-05-13 14:18:03.636 [http-nio-8080-exec-5] DEBUG c.z.f.t.m.UserMapper.findByUsername      : ==> Parameters: Andy(String)
2026-05-13 14:18:03.639 [http-nio-8080-exec-5] DEBUG c.z.f.t.m.UserMapper.findByUsername      : <==      Total: 1
2026-05-13 14:18:03.642 [http-nio-8080-exec-5] DEBUG c.z.f.t.m.T.getDailyTrends               : ==>  Preparing: SELECT DATE(t.date) as date, SUM(CASE WHEN t.type = 'INCOME' THEN t.amount ELSE 0 END) as income, SUM(CASE WHEN t.type = 'EXPENSE' THEN t.amount ELSE 0 END) as expense FROM transactions t WHERE t.user_id = ? AND t.date >= DATE_SUB(CURDATE(), INTERVAL ? DAY) GROUP BY DATE(t.date) ORDER BY date ASC
2026-05-13 14:18:03.643 [http-nio-8080-exec-5] DEBUG c.z.f.t.m.T.getDailyTrends               : ==> Parameters: 1(Long), 30(Integer)
2026-05-13 14:18:03.649 [http-nio-8080-exec-5] DEBUG c.z.f.t.m.T.getDailyTrends               : <==      Total: 10
2026-05-13 14:18:03.812 [http-nio-8080-exec-7] DEBUG c.z.f.t.filter.JwtAuthenticationFilter   : Authenticated [user=Andy, uri=/api/transactions/history]
2026-05-13 14:18:03.814 [http-nio-8080-exec-7] DEBUG c.z.f.t.m.UserMapper.findByUsername      : ==>  Preparing: SELECT * FROM users WHERE username = ?
2026-05-13 14:18:03.814 [http-nio-8080-exec-7] DEBUG c.z.f.t.m.UserMapper.findByUsername      : ==> Parameters: Andy(String)
2026-05-13 14:18:03.816 [http-nio-8080-exec-7] DEBUG c.z.f.t.m.UserMapper.findByUsername      : <==      Total: 1
2026-05-13 14:18:03.817 [http-nio-8080-exec-7] DEBUG c.z.f.t.m.T.findAllFiltered              : ==>  Preparing: SELECT t.*, c.name as categoryName FROM transactions t LEFT JOIN categories c ON t.category_id = c.id WHERE t.user_id = ? ORDER BY t.date DESC, t.id DESC LIMIT ? OFFSET ?
2026-05-13 14:18:03.817 [http-nio-8080-exec-7] DEBUG c.z.f.t.m.T.findAllFiltered              : ==> Parameters: 1(Long), 5(Integer), 0(Integer)
2026-05-13 14:18:03.820 [http-nio-8080-exec-7] DEBUG c.z.f.t.m.T.findAllFiltered              : <==      Total: 5
2026-05-13 14:18:03.821 [http-nio-8080-exec-7] DEBUG c.z.f.t.m.T.countFiltered                : ==>  Preparing: SELECT COUNT(*) FROM transactions t WHERE user_id = ?
2026-05-13 14:18:03.821 [http-nio-8080-exec-7] DEBUG c.z.f.t.m.T.countFiltered                : ==> Parameters: 1(Long)
2026-05-13 14:18:03.824 [http-nio-8080-exec-7] DEBUG c.z.f.t.m.T.countFiltered                : <==      Total: 1
2026-05-13 14:18:03.825 [http-nio-8080-exec-7] DEBUG c.z.f.t.c.TransactionController          : History query [userId=1, page=0, size=5, total=32]
2026-05-13 14:18:03.944 [http-nio-8080-exec-9] DEBUG c.z.f.t.filter.JwtAuthenticationFilter   : Authenticated [user=Andy, uri=/api/recurring/upcoming]
2026-05-13 14:18:03.945 [http-nio-8080-exec-9] DEBUG c.z.f.t.m.UserMapper.findByUsername      : ==>  Preparing: SELECT * FROM users WHERE username = ?
2026-05-13 14:18:03.945 [http-nio-8080-exec-9] DEBUG c.z.f.t.m.UserMapper.findByUsername      : ==> Parameters: Andy(String)
2026-05-13 14:18:03.947 [http-nio-8080-exec-9] DEBUG c.z.f.t.m.UserMapper.findByUsername      : <==      Total: 1
2026-05-13 14:18:03.948 [http-nio-8080-exec-9] DEBUG c.z.f.t.m.RecurringMapper.findUpcoming   : ==>  Preparing: SELECT r.*, c.name as categoryName FROM recurring_transactions r LEFT JOIN categories c ON r.category_id = c.id WHERE r.user_id = ? AND r.is_active = TRUE AND r.next_due_date <= DATE_ADD(CURDATE(), INTERVAL ? DAY) ORDER BY r.next_due_date ASC
2026-05-13 14:18:03.948 [http-nio-8080-exec-9] DEBUG c.z.f.t.m.RecurringMapper.findUpcoming   : ==> Parameters: 1(Long), 7(Integer)
2026-05-13 14:18:03.950 [http-nio-8080-exec-9] DEBUG c.z.f.t.m.RecurringMapper.findUpcoming   : <==      Total: 0
2026-05-13 14:18:04.900 [http-nio-8080-exec-1] DEBUG c.z.f.t.filter.JwtAuthenticationFilter   : Authenticated [user=Andy, uri=/api/categories]
2026-05-13 14:18:04.902 [http-nio-8080-exec-1] DEBUG c.z.f.t.m.UserMapper.findByUsername      : ==>  Preparing: SELECT * FROM users WHERE username = ?
2026-05-13 14:18:04.902 [http-nio-8080-exec-1] DEBUG c.z.f.t.m.UserMapper.findByUsername      : ==> Parameters: Andy(String)
2026-05-13 14:18:04.904 [http-nio-8080-exec-1] DEBUG c.z.f.t.m.UserMapper.findByUsername      : <==      Total: 1
2026-05-13 14:18:04.906 [http-nio-8080-exec-1] DEBUG c.z.f.t.m.C.findByUserIdAndType          : ==>  Preparing: SELECT * FROM categories WHERE user_id = ? AND type = ? ORDER BY name ASC
2026-05-13 14:18:04.907 [http-nio-8080-exec-1] DEBUG c.z.f.t.m.C.findByUserIdAndType          : ==> Parameters: 1(Long), EXPENSE(String)
2026-05-13 14:18:04.910 [http-nio-8080-exec-1] DEBUG c.z.f.t.m.C.findByUserIdAndType          : <==      Total: 10
2026-05-13 14:18:04.995 [http-nio-8080-exec-3] DEBUG c.z.f.t.filter.JwtAuthenticationFilter   : Authenticated [user=Andy, uri=/api/transactions/history]
2026-05-13 14:18:04.996 [http-nio-8080-exec-3] DEBUG c.z.f.t.m.UserMapper.findByUsername      : ==>  Preparing: SELECT * FROM users WHERE username = ?
2026-05-13 14:18:04.996 [http-nio-8080-exec-3] DEBUG c.z.f.t.m.UserMapper.findByUsername      : ==> Parameters: Andy(String)
2026-05-13 14:18:04.998 [http-nio-8080-exec-3] DEBUG c.z.f.t.m.UserMapper.findByUsername      : <==      Total: 1
2026-05-13 14:18:04.999 [http-nio-8080-exec-3] DEBUG c.z.f.t.m.T.findAllFiltered              : ==>  Preparing: SELECT t.*, c.name as categoryName FROM transactions t LEFT JOIN categories c ON t.category_id = c.id WHERE t.user_id = ? ORDER BY t.date DESC, t.id DESC LIMIT ? OFFSET ?
2026-05-13 14:18:05.000 [http-nio-8080-exec-3] DEBUG c.z.f.t.m.T.findAllFiltered              : ==> Parameters: 1(Long), 15(Integer), 0(Integer)
2026-05-13 14:18:05.004 [http-nio-8080-exec-3] DEBUG c.z.f.t.m.T.findAllFiltered              : <==      Total: 15
2026-05-13 14:18:05.005 [http-nio-8080-exec-3] DEBUG c.z.f.t.m.T.countFiltered                : ==>  Preparing: SELECT COUNT(*) FROM transactions t WHERE user_id = ?
2026-05-13 14:18:05.006 [http-nio-8080-exec-3] DEBUG c.z.f.t.m.T.countFiltered                : ==> Parameters: 1(Long)
2026-05-13 14:18:05.008 [http-nio-8080-exec-3] DEBUG c.z.f.t.m.T.countFiltered                : <==      Total: 1
2026-05-13 14:18:05.008 [http-nio-8080-exec-3] DEBUG c.z.f.t.c.TransactionController          : History query [userId=1, page=0, size=15, total=32]
2026-05-13 14:18:05.088 [http-nio-8080-exec-5] DEBUG c.z.f.t.filter.JwtAuthenticationFilter   : Authenticated [user=Andy, uri=/api/categories]
2026-05-13 14:18:05.089 [http-nio-8080-exec-5] DEBUG c.z.f.t.m.UserMapper.findByUsername      : ==>  Preparing: SELECT * FROM users WHERE username = ?
2026-05-13 14:18:05.090 [http-nio-8080-exec-5] DEBUG c.z.f.t.m.UserMapper.findByUsername      : ==> Parameters: Andy(String)
2026-05-13 14:18:05.092 [http-nio-8080-exec-5] DEBUG c.z.f.t.m.UserMapper.findByUsername      : <==      Total: 1
2026-05-13 14:18:05.095 [http-nio-8080-exec-5] DEBUG c.z.f.t.m.C.findByUserIdAndType          : ==>  Preparing: SELECT * FROM categories WHERE user_id = ? AND type = ? ORDER BY name ASC
2026-05-13 14:18:05.095 [http-nio-8080-exec-5] DEBUG c.z.f.t.m.C.findByUserIdAndType          : ==> Parameters: 1(Long), INCOME(String)
2026-05-13 14:18:05.098 [http-nio-8080-exec-5] DEBUG c.z.f.t.m.C.findByUserIdAndType          : <==      Total: 5
2026-05-13 14:18:28.803 [http-nio-8080-exec-7] DEBUG c.z.f.t.filter.JwtAuthenticationFilter   : Authenticated [user=Andy, uri=/api/transactions/34/image]
2026-05-13 14:18:28.805 [http-nio-8080-exec-7] DEBUG c.z.f.t.m.UserMapper.findByUsername      : ==>  Preparing: SELECT * FROM users WHERE username = ?
2026-05-13 14:18:28.805 [http-nio-8080-exec-7] DEBUG c.z.f.t.m.UserMapper.findByUsername      : ==> Parameters: Andy(String)
2026-05-13 14:18:28.808 [http-nio-8080-exec-7] DEBUG c.z.f.t.m.UserMapper.findByUsername      : <==      Total: 1
2026-05-13 14:18:28.808 [http-nio-8080-exec-7] DEBUG c.z.f.t.m.TransactionMapper.findById     : ==>  Preparing: SELECT t.*, c.name as categoryName FROM transactions t LEFT JOIN categories c ON t.category_id = c.id WHERE t.id = ? AND t.user_id = ?
2026-05-13 14:18:28.809 [http-nio-8080-exec-7] DEBUG c.z.f.t.m.TransactionMapper.findById     : ==> Parameters: 34(Long), 1(Long)
2026-05-13 14:18:28.812 [http-nio-8080-exec-7] DEBUG c.z.f.t.m.TransactionMapper.findById     : <==      Total: 1
2026-05-13 14:18:28.812 [http-nio-8080-exec-7] DEBUG c.z.f.t.service.MinioStorageService      : Fetching from MinIO [object=transactions/tx_34_5a52ade7-c821-45c6-ab22-3102d0e4851c.jpg]
2026-05-13 14:18:28.842 [http-nio-8080-exec-7] DEBUG c.z.f.t.service.MinioStorageService      : Fetched 894934 bytes from MinIO [object=transactions/tx_34_5a52ade7-c821-45c6-ab22-3102d0e4851c.jpg]
2026-05-13 14:18:30.810 [http-nio-8080-exec-9] DEBUG c.z.f.t.filter.JwtAuthenticationFilter   : Authenticated [user=Andy, uri=/api/transactions/33/image]
2026-05-13 14:18:30.812 [http-nio-8080-exec-9] DEBUG c.z.f.t.m.UserMapper.findByUsername      : ==>  Preparing: SELECT * FROM users WHERE username = ?
2026-05-13 14:18:30.812 [http-nio-8080-exec-9] DEBUG c.z.f.t.m.UserMapper.findByUsername      : ==> Parameters: Andy(String)
2026-05-13 14:18:30.814 [http-nio-8080-exec-9] DEBUG c.z.f.t.m.UserMapper.findByUsername      : <==      Total: 1
2026-05-13 14:18:30.814 [http-nio-8080-exec-9] DEBUG c.z.f.t.m.TransactionMapper.findById     : ==>  Preparing: SELECT t.*, c.name as categoryName FROM transactions t LEFT JOIN categories c ON t.category_id = c.id WHERE t.id = ? AND t.user_id = ?
2026-05-13 14:18:30.815 [http-nio-8080-exec-9] DEBUG c.z.f.t.m.TransactionMapper.findById     : ==> Parameters: 33(Long), 1(Long)
2026-05-13 14:18:30.816 [http-nio-8080-exec-9] DEBUG c.z.f.t.m.TransactionMapper.findById     : <==      Total: 1
2026-05-13 14:18:30.817 [http-nio-8080-exec-9] DEBUG c.z.f.t.service.MinioStorageService      : Fetching from MinIO [object=transactions/tx_33_d538c701-cf2d-4e52-9974-7010187a4d7b.jpg]
2026-05-13 14:18:30.831 [http-nio-8080-exec-9] DEBUG c.z.f.t.service.MinioStorageService      : Fetched 894934 bytes from MinIO [object=transactions/tx_33_d538c701-cf2d-4e52-9974-7010187a4d7b.jpg]
2026-05-13 14:18:32.611 [http-nio-8080-exec-1] DEBUG c.z.f.t.filter.JwtAuthenticationFilter   : Authenticated [user=Andy, uri=/api/transactions/31/image]
2026-05-13 14:18:32.613 [http-nio-8080-exec-1] DEBUG c.z.f.t.m.UserMapper.findByUsername      : ==>  Preparing: SELECT * FROM users WHERE username = ?
2026-05-13 14:18:32.613 [http-nio-8080-exec-1] DEBUG c.z.f.t.m.UserMapper.findByUsername      : ==> Parameters: Andy(String)
2026-05-13 14:18:32.614 [http-nio-8080-exec-1] DEBUG c.z.f.t.m.UserMapper.findByUsername      : <==      Total: 1
2026-05-13 14:18:32.615 [http-nio-8080-exec-1] DEBUG c.z.f.t.m.TransactionMapper.findById     : ==>  Preparing: SELECT t.*, c.name as categoryName FROM transactions t LEFT JOIN categories c ON t.category_id = c.id WHERE t.id = ? AND t.user_id = ?
2026-05-13 14:18:32.615 [http-nio-8080-exec-1] DEBUG c.z.f.t.m.TransactionMapper.findById     : ==> Parameters: 31(Long), 1(Long)
2026-05-13 14:18:32.617 [http-nio-8080-exec-1] DEBUG c.z.f.t.m.TransactionMapper.findById     : <==      Total: 1
2026-05-13 14:18:32.617 [http-nio-8080-exec-1] DEBUG c.z.f.t.service.MinioStorageService      : Fetching from MinIO [object=transactions/tx_31_9133791b-dffe-4d7b-84bf-05ddc9ad6ee9.jpg]
2026-05-13 14:18:32.632 [http-nio-8080-exec-1] DEBUG c.z.f.t.service.MinioStorageService      : Fetched 899766 bytes from MinIO [object=transactions/tx_31_9133791b-dffe-4d7b-84bf-05ddc9ad6ee9.jpg]
2026-05-13 14:18:34.803 [http-nio-8080-exec-3] DEBUG c.z.f.t.filter.JwtAuthenticationFilter   : Authenticated [user=Andy, uri=/api/transactions/32/image]
2026-05-13 14:18:34.806 [http-nio-8080-exec-3] DEBUG c.z.f.t.m.UserMapper.findByUsername      : ==>  Preparing: SELECT * FROM users WHERE username = ?
2026-05-13 14:18:34.806 [http-nio-8080-exec-3] DEBUG c.z.f.t.m.UserMapper.findByUsername      : ==> Parameters: Andy(String)
2026-05-13 14:18:34.808 [http-nio-8080-exec-3] DEBUG c.z.f.t.m.UserMapper.findByUsername      : <==      Total: 1
2026-05-13 14:18:34.809 [http-nio-8080-exec-3] DEBUG c.z.f.t.m.TransactionMapper.findById     : ==>  Preparing: SELECT t.*, c.name as categoryName FROM transactions t LEFT JOIN categories c ON t.category_id = c.id WHERE t.id = ? AND t.user_id = ?
2026-05-13 14:18:34.809 [http-nio-8080-exec-3] DEBUG c.z.f.t.m.TransactionMapper.findById     : ==> Parameters: 32(Long), 1(Long)
2026-05-13 14:18:34.811 [http-nio-8080-exec-3] DEBUG c.z.f.t.m.TransactionMapper.findById     : <==      Total: 1
2026-05-13 14:18:34.812 [http-nio-8080-exec-3] DEBUG c.z.f.t.service.MinioStorageService      : Fetching from MinIO [object=transactions/tx_32_c1a4743c-947f-473d-99d3-029f801ad9f9.jpg]
2026-05-13 14:18:34.818 [http-nio-8080-exec-3] DEBUG c.z.f.t.service.MinioStorageService      : Fetched 30972 bytes from MinIO [object=transactions/tx_32_c1a4743c-947f-473d-99d3-029f801ad9f9.jpg]
2026-05-13 14:19:33.519 [HikariPool-1 housekeeper] WARN  com.zaxxer.hikari.pool.HikariPool        : HikariPool-1 - Retrograde clock change detected (housekeeper delta=28s99ms), soft-evicting connections from pool.
2026-05-13 14:22:55.958 [http-nio-8080-exec-5] DEBUG c.z.f.t.filter.JwtAuthenticationFilter   : Authenticated [user=Andy, uri=/api/profile]
2026-05-13 14:22:55.961 [http-nio-8080-exec-5] DEBUG c.z.f.t.m.UserMapper.findByUsername      : ==>  Preparing: SELECT * FROM users WHERE username = ?
2026-05-13 14:22:55.962 [http-nio-8080-exec-5] DEBUG c.z.f.t.m.UserMapper.findByUsername      : ==> Parameters: Andy(String)
2026-05-13 14:22:55.964 [http-nio-8080-exec-5] DEBUG c.z.f.t.m.UserMapper.findByUsername      : <==      Total: 1
2026-05-13 14:22:56.092 [http-nio-8080-exec-7] DEBUG c.z.f.t.filter.JwtAuthenticationFilter   : Authenticated [user=Andy, uri=/api/profile/avatar-url]
2026-05-13 14:22:56.101 [http-nio-8080-exec-7] WARN  .w.s.m.s.DefaultHandlerExceptionResolver : Resolved [org.springframework.web.bind.MissingPathVariableException: Required URI template variable 'id' for method parameter type Long is not present]
2026-05-13 14:22:59.914 [http-nio-8080-exec-9] DEBUG c.z.f.t.filter.JwtAuthenticationFilter   : Authenticated [user=Andy, uri=/api/categories]
2026-05-13 14:22:59.916 [http-nio-8080-exec-9] DEBUG c.z.f.t.m.UserMapper.findByUsername      : ==>  Preparing: SELECT * FROM users WHERE username = ?
2026-05-13 14:22:59.917 [http-nio-8080-exec-9] DEBUG c.z.f.t.m.UserMapper.findByUsername      : ==> Parameters: Andy(String)
2026-05-13 14:22:59.919 [http-nio-8080-exec-9] DEBUG c.z.f.t.m.UserMapper.findByUsername      : <==      Total: 1
2026-05-13 14:23:00.004 [http-nio-8080-exec-1] DEBUG c.z.f.t.filter.JwtAuthenticationFilter   : Authenticated [user=Andy, uri=/api/transactions/history]
2026-05-13 14:23:00.005 [http-nio-8080-exec-1] DEBUG c.z.f.t.m.UserMapper.findByUsername      : ==>  Preparing: SELECT * FROM users WHERE username = ?
2026-05-13 14:23:00.006 [http-nio-8080-exec-1] DEBUG c.z.f.t.m.UserMapper.findByUsername      : ==> Parameters: Andy(String)
2026-05-13 14:23:00.008 [http-nio-8080-exec-1] DEBUG c.z.f.t.m.UserMapper.findByUsername      : <==      Total: 1
2026-05-13 14:23:00.009 [http-nio-8080-exec-1] DEBUG c.z.f.t.m.T.findAllFiltered              : ==>  Preparing: SELECT t.*, c.name as categoryName FROM transactions t LEFT JOIN categories c ON t.category_id = c.id WHERE t.user_id = ? ORDER BY t.date DESC, t.id DESC LIMIT ? OFFSET ?
2026-05-13 14:23:00.010 [http-nio-8080-exec-1] DEBUG c.z.f.t.m.T.findAllFiltered              : ==> Parameters: 1(Long), 15(Integer), 0(Integer)
2026-05-13 14:23:00.016 [http-nio-8080-exec-1] DEBUG c.z.f.t.m.T.findAllFiltered              : <==      Total: 15
2026-05-13 14:23:00.017 [http-nio-8080-exec-1] DEBUG c.z.f.t.m.T.countFiltered                : ==>  Preparing: SELECT COUNT(*) FROM transactions t WHERE user_id = ?
2026-05-13 14:23:00.017 [http-nio-8080-exec-1] DEBUG c.z.f.t.m.T.countFiltered                : ==> Parameters: 1(Long)
2026-05-13 14:23:00.018 [http-nio-8080-exec-1] DEBUG c.z.f.t.m.T.countFiltered                : <==      Total: 1
2026-05-13 14:23:00.019 [http-nio-8080-exec-1] DEBUG c.z.f.t.c.TransactionController          : History query [userId=1, page=0, size=15, total=32]
2026-05-13 14:23:00.083 [http-nio-8080-exec-3] DEBUG c.z.f.t.filter.JwtAuthenticationFilter   : Authenticated [user=Andy, uri=/api/categories]
2026-05-13 14:23:00.084 [http-nio-8080-exec-3] DEBUG c.z.f.t.m.UserMapper.findByUsername      : ==>  Preparing: SELECT * FROM users WHERE username = ?
2026-05-13 14:23:00.085 [http-nio-8080-exec-3] DEBUG c.z.f.t.m.UserMapper.findByUsername      : ==> Parameters: Andy(String)
2026-05-13 14:23:00.087 [http-nio-8080-exec-3] DEBUG c.z.f.t.m.UserMapper.findByUsername      : <==      Total: 1
2026-05-13 14:25:54.537 [SpringApplicationShutdownHook] INFO  o.s.b.w.e.tomcat.GracefulShutdown        : Commencing graceful shutdown. Waiting for active requests to complete
2026-05-13 14:25:56.546 [tomcat-shutdown] INFO  o.s.b.w.e.tomcat.GracefulShutdown        : Graceful shutdown complete
2026-05-13 14:26:01.595 [main] INFO  c.z.f.tracker.FinanceTrackerApplication  : The following 1 profile is active: "dev"
2026-05-13 14:26:02.547 [main] INFO  .s.d.r.c.RepositoryConfigurationDelegate : Multiple Spring Data modules found, entering strict repository configuration mode
2026-05-13 14:26:02.552 [main] INFO  .s.d.r.c.RepositoryConfigurationDelegate : Bootstrapping Spring Data Redis repositories in DEFAULT mode.
2026-05-13 14:26:02.620 [main] INFO  .s.d.r.c.RepositoryConfigurationDelegate : Finished Spring Data repository scanning in 29 ms. Found 0 Redis repository interfaces.
2026-05-13 14:26:03.927 [main] INFO  o.s.b.w.embedded.tomcat.TomcatWebServer  : Tomcat initialized with port 8080 (http)
2026-05-13 14:26:03.952 [main] INFO  o.a.coyote.http11.Http11NioProtocol      : Initializing ProtocolHandler ["http-nio-8080"]
2026-05-13 14:26:03.956 [main] INFO  o.apache.catalina.core.StandardService   : Starting service [Tomcat]
2026-05-13 14:26:03.956 [main] INFO  o.apache.catalina.core.StandardEngine    : Starting Servlet engine: [Apache Tomcat/10.1.49]
2026-05-13 14:26:04.058 [main] INFO  o.a.c.c.C.[Tomcat].[localhost].[/]       : Initializing Spring embedded WebApplicationContext
2026-05-13 14:26:04.059 [main] INFO  w.s.c.ServletWebServerApplicationContext : Root WebApplicationContext: initialization completed in 2432 ms
2026-05-13 14:26:04.183 [main] DEBUG c.z.f.t.filter.JwtAuthenticationFilter   : Filter 'jwtAuthenticationFilter' configured for use
2026-05-13 14:26:07.054 [main] INFO  o.a.coyote.http11.Http11NioProtocol      : Starting ProtocolHandler ["http-nio-8080"]
2026-05-13 14:26:07.093 [main] INFO  o.s.b.w.embedded.tomcat.TomcatWebServer  : Tomcat started on port 8080 (http) with context path '/'
2026-05-13 14:26:07.114 [main] INFO  c.z.f.tracker.FinanceTrackerApplication  : Started FinanceTrackerApplication in 8.378 seconds (process running for 9.723)
2026-05-13 14:26:24.724 [http-nio-8080-exec-1] INFO  o.a.c.c.C.[Tomcat].[localhost].[/]       : Initializing Spring DispatcherServlet 'dispatcherServlet'
2026-05-13 14:26:24.969 [http-nio-8080-exec-1] DEBUG c.z.f.t.filter.JwtAuthenticationFilter   : Authenticated [user=Andy, uri=/api/transactions/summary]
2026-05-13 14:26:25.377 [http-nio-8080-exec-1] DEBUG c.z.f.t.m.UserMapper.findByUsername      : ==>  Preparing: SELECT * FROM users WHERE username = ?
2026-05-13 14:26:25.416 [http-nio-8080-exec-1] DEBUG c.z.f.t.m.UserMapper.findByUsername      : ==> Parameters: Andy(String)
2026-05-13 14:26:25.461 [http-nio-8080-exec-1] DEBUG c.z.f.t.m.UserMapper.findByUsername      : <==      Total: 1
2026-05-13 14:26:26.174 [http-nio-8080-exec-1] DEBUG c.z.f.t.m.T.getTotalBalance              : ==>  Preparing: SELECT COALESCE( SUM(CASE WHEN type = 'INCOME' THEN amount ELSE ABS(amount) * -1 END), 0 ) FROM transactions WHERE user_id = ?
2026-05-13 14:26:26.178 [http-nio-8080-exec-1] DEBUG c.z.f.t.m.T.getTotalBalance              : ==> Parameters: 1(Long)
2026-05-13 14:26:26.185 [http-nio-8080-exec-1] DEBUG c.z.f.t.m.T.getTotalBalance              : <==      Total: 1
2026-05-13 14:26:26.186 [http-nio-8080-exec-1] DEBUG c.z.f.t.m.T.getMonthlyBalance            : ==>  Preparing: SELECT SUM(CASE WHEN type = 'INCOME' THEN amount ELSE 0 END) as income, SUM(CASE WHEN type = 'EXPENSE' THEN ABS(amount) ELSE 0 END) as expense, SUM(CASE WHEN type = 'INCOME' THEN amount ELSE ABS(amount) * -1 END) as net FROM transactions WHERE user_id = ? AND DATE_FORMAT(date, '%Y-%m') = ?
2026-05-13 14:26:26.187 [http-nio-8080-exec-1] DEBUG c.z.f.t.m.T.getMonthlyBalance            : ==> Parameters: 1(Long), 2026-05(String)
2026-05-13 14:26:26.190 [http-nio-8080-exec-1] DEBUG c.z.f.t.m.T.getMonthlyBalance            : <==      Total: 1
2026-05-13 14:26:26.190 [http-nio-8080-exec-1] DEBUG c.z.f.t.m.T.getIncomeVsExpense           : ==>  Preparing: SELECT SUM(CASE WHEN type = 'INCOME' THEN amount ELSE 0 END) as totalIncome, SUM(CASE WHEN type = 'EXPENSE' THEN ABS(amount) ELSE 0 END) as totalExpense FROM transactions WHERE user_id = ?
2026-05-13 14:26:26.191 [http-nio-8080-exec-1] DEBUG c.z.f.t.m.T.getIncomeVsExpense           : ==> Parameters: 1(Long)
2026-05-13 14:26:26.194 [http-nio-8080-exec-1] DEBUG c.z.f.t.m.T.getIncomeVsExpense           : <==      Total: 1
2026-05-13 14:26:26.195 [http-nio-8080-exec-1] DEBUG c.z.f.t.m.T.getCategorySummary           : ==>  Preparing: SELECT c.name as name, SUM(ABS(t.amount)) as value FROM transactions t INNER JOIN categories c ON t.category_id = c.id WHERE t.user_id = ? AND t.type = ? GROUP BY c.name
2026-05-13 14:26:26.196 [http-nio-8080-exec-1] DEBUG c.z.f.t.m.T.getCategorySummary           : ==> Parameters: 1(Long), INCOME(String)
2026-05-13 14:26:26.198 [http-nio-8080-exec-1] DEBUG c.z.f.t.m.T.getCategorySummary           : <==      Total: 4
2026-05-13 14:26:26.199 [http-nio-8080-exec-1] DEBUG c.z.f.t.m.T.getCategorySummary           : ==>  Preparing: SELECT c.name as name, SUM(ABS(t.amount)) as value FROM transactions t INNER JOIN categories c ON t.category_id = c.id WHERE t.user_id = ? AND t.type = ? GROUP BY c.name
2026-05-13 14:26:26.199 [http-nio-8080-exec-1] DEBUG c.z.f.t.m.T.getCategorySummary           : ==> Parameters: 1(Long), EXPENSE(String)
2026-05-13 14:26:26.203 [http-nio-8080-exec-1] DEBUG c.z.f.t.m.T.getCategorySummary           : <==      Total: 7
2026-05-13 14:26:26.496 [http-nio-8080-exec-2] DEBUG c.z.f.t.filter.JwtAuthenticationFilter   : Authenticated [user=Andy, uri=/api/transactions/daily-trends]
2026-05-13 14:26:26.500 [http-nio-8080-exec-2] DEBUG c.z.f.t.m.UserMapper.findByUsername      : ==>  Preparing: SELECT * FROM users WHERE username = ?
2026-05-13 14:26:26.501 [http-nio-8080-exec-2] DEBUG c.z.f.t.m.UserMapper.findByUsername      : ==> Parameters: Andy(String)
2026-05-13 14:26:26.503 [http-nio-8080-exec-2] DEBUG c.z.f.t.m.UserMapper.findByUsername      : <==      Total: 1
2026-05-13 14:26:26.508 [http-nio-8080-exec-2] DEBUG c.z.f.t.m.T.getDailyTrends               : ==>  Preparing: SELECT DATE(t.date) as date, SUM(CASE WHEN t.type = 'INCOME' THEN t.amount ELSE 0 END) as income, SUM(CASE WHEN t.type = 'EXPENSE' THEN t.amount ELSE 0 END) as expense FROM transactions t WHERE t.user_id = ? AND t.date >= DATE_SUB(CURDATE(), INTERVAL ? DAY) GROUP BY DATE(t.date) ORDER BY date ASC
2026-05-13 14:26:26.511 [http-nio-8080-exec-2] DEBUG c.z.f.t.m.T.getDailyTrends               : ==> Parameters: 1(Long), 30(Integer)
2026-05-13 14:26:26.517 [http-nio-8080-exec-2] DEBUG c.z.f.t.m.T.getDailyTrends               : <==      Total: 10
2026-05-13 14:26:26.624 [http-nio-8080-exec-4] DEBUG c.z.f.t.filter.JwtAuthenticationFilter   : Authenticated [user=Andy, uri=/api/transactions/history]
2026-05-13 14:26:26.630 [http-nio-8080-exec-4] DEBUG c.z.f.t.m.UserMapper.findByUsername      : ==>  Preparing: SELECT * FROM users WHERE username = ?
2026-05-13 14:26:26.631 [http-nio-8080-exec-4] DEBUG c.z.f.t.m.UserMapper.findByUsername      : ==> Parameters: Andy(String)
2026-05-13 14:26:26.632 [http-nio-8080-exec-4] DEBUG c.z.f.t.m.UserMapper.findByUsername      : <==      Total: 1
2026-05-13 14:26:26.658 [http-nio-8080-exec-4] DEBUG c.z.f.t.m.T.findAllFiltered              : ==>  Preparing: SELECT t.*, c.name as categoryName FROM transactions t LEFT JOIN categories c ON t.category_id = c.id WHERE t.user_id = ? ORDER BY t.date DESC, t.id DESC LIMIT ? OFFSET ?
2026-05-13 14:26:26.659 [http-nio-8080-exec-4] DEBUG c.z.f.t.m.T.findAllFiltered              : ==> Parameters: 1(Long), 5(Integer), 0(Integer)
2026-05-13 14:26:26.665 [http-nio-8080-exec-4] DEBUG c.z.f.t.m.T.findAllFiltered              : <==      Total: 5
2026-05-13 14:26:26.666 [http-nio-8080-exec-4] DEBUG c.z.f.t.m.T.countFiltered                : ==>  Preparing: SELECT COUNT(*) FROM transactions t WHERE user_id = ?
2026-05-13 14:26:26.666 [http-nio-8080-exec-4] DEBUG c.z.f.t.m.T.countFiltered                : ==> Parameters: 1(Long)
2026-05-13 14:26:26.668 [http-nio-8080-exec-4] DEBUG c.z.f.t.m.T.countFiltered                : <==      Total: 1
2026-05-13 14:26:26.668 [http-nio-8080-exec-4] DEBUG c.z.f.t.c.TransactionController          : History query [userId=1, page=0, size=5, total=32]
2026-05-13 14:26:26.787 [http-nio-8080-exec-6] DEBUG c.z.f.t.filter.JwtAuthenticationFilter   : Authenticated [user=Andy, uri=/api/recurring/upcoming]
2026-05-13 14:26:26.789 [http-nio-8080-exec-6] DEBUG c.z.f.t.m.UserMapper.findByUsername      : ==>  Preparing: SELECT * FROM users WHERE username = ?
2026-05-13 14:26:26.789 [http-nio-8080-exec-6] DEBUG c.z.f.t.m.UserMapper.findByUsername      : ==> Parameters: Andy(String)
2026-05-13 14:26:26.792 [http-nio-8080-exec-6] DEBUG c.z.f.t.m.UserMapper.findByUsername      : <==      Total: 1
2026-05-13 14:26:26.792 [http-nio-8080-exec-6] DEBUG c.z.f.t.m.RecurringMapper.findUpcoming   : ==>  Preparing: SELECT r.*, c.name as categoryName FROM recurring_transactions r LEFT JOIN categories c ON r.category_id = c.id WHERE r.user_id = ? AND r.is_active = TRUE AND r.next_due_date <= DATE_ADD(CURDATE(), INTERVAL ? DAY) ORDER BY r.next_due_date ASC
2026-05-13 14:26:26.793 [http-nio-8080-exec-6] DEBUG c.z.f.t.m.RecurringMapper.findUpcoming   : ==> Parameters: 1(Long), 7(Integer)
2026-05-13 14:26:26.795 [http-nio-8080-exec-6] DEBUG c.z.f.t.m.RecurringMapper.findUpcoming   : <==      Total: 0
2026-05-13 14:26:29.438 [http-nio-8080-exec-8] DEBUG c.z.f.t.filter.JwtAuthenticationFilter   : Authenticated [user=Andy, uri=/api/categories]
2026-05-13 14:26:29.443 [http-nio-8080-exec-8] DEBUG c.z.f.t.m.UserMapper.findByUsername      : ==>  Preparing: SELECT * FROM users WHERE username = ?
2026-05-13 14:26:29.443 [http-nio-8080-exec-8] DEBUG c.z.f.t.m.UserMapper.findByUsername      : ==> Parameters: Andy(String)
2026-05-13 14:26:29.445 [http-nio-8080-exec-8] DEBUG c.z.f.t.m.UserMapper.findByUsername      : <==      Total: 1
2026-05-13 14:26:29.538 [http-nio-8080-exec-10] DEBUG c.z.f.t.filter.JwtAuthenticationFilter   : Authenticated [user=Andy, uri=/api/transactions/history]
2026-05-13 14:26:29.540 [http-nio-8080-exec-10] DEBUG c.z.f.t.m.UserMapper.findByUsername      : ==>  Preparing: SELECT * FROM users WHERE username = ?
2026-05-13 14:26:29.540 [http-nio-8080-exec-10] DEBUG c.z.f.t.m.UserMapper.findByUsername      : ==> Parameters: Andy(String)
2026-05-13 14:26:29.542 [http-nio-8080-exec-10] DEBUG c.z.f.t.m.UserMapper.findByUsername      : <==      Total: 1
2026-05-13 14:26:29.542 [http-nio-8080-exec-10] DEBUG c.z.f.t.m.T.findAllFiltered              : ==>  Preparing: SELECT t.*, c.name as categoryName FROM transactions t LEFT JOIN categories c ON t.category_id = c.id WHERE t.user_id = ? ORDER BY t.date DESC, t.id DESC LIMIT ? OFFSET ?
2026-05-13 14:26:29.543 [http-nio-8080-exec-10] DEBUG c.z.f.t.m.T.findAllFiltered              : ==> Parameters: 1(Long), 15(Integer), 0(Integer)
2026-05-13 14:26:29.549 [http-nio-8080-exec-10] DEBUG c.z.f.t.m.T.findAllFiltered              : <==      Total: 15
2026-05-13 14:26:29.550 [http-nio-8080-exec-10] DEBUG c.z.f.t.m.T.countFiltered                : ==>  Preparing: SELECT COUNT(*) FROM transactions t WHERE user_id = ?
2026-05-13 14:26:29.550 [http-nio-8080-exec-10] DEBUG c.z.f.t.m.T.countFiltered                : ==> Parameters: 1(Long)
2026-05-13 14:26:29.553 [http-nio-8080-exec-10] DEBUG c.z.f.t.m.T.countFiltered                : <==      Total: 1
2026-05-13 14:26:29.553 [http-nio-8080-exec-10] DEBUG c.z.f.t.c.TransactionController          : History query [userId=1, page=0, size=15, total=32]
2026-05-13 14:26:29.615 [http-nio-8080-exec-2] DEBUG c.z.f.t.filter.JwtAuthenticationFilter   : Authenticated [user=Andy, uri=/api/categories]
2026-05-13 14:26:29.616 [http-nio-8080-exec-2] DEBUG c.z.f.t.m.UserMapper.findByUsername      : ==>  Preparing: SELECT * FROM users WHERE username = ?
2026-05-13 14:26:29.617 [http-nio-8080-exec-2] DEBUG c.z.f.t.m.UserMapper.findByUsername      : ==> Parameters: Andy(String)
2026-05-13 14:26:29.619 [http-nio-8080-exec-2] DEBUG c.z.f.t.m.UserMapper.findByUsername      : <==      Total: 1
2026-05-13 14:26:30.007 [http-nio-8080-exec-4] DEBUG c.z.f.t.filter.JwtAuthenticationFilter   : Authenticated [user=Andy, uri=/api/transactions/35/image]
2026-05-13 14:26:30.012 [http-nio-8080-exec-4] DEBUG c.z.f.t.m.UserMapper.findByUsername      : ==>  Preparing: SELECT * FROM users WHERE username = ?
2026-05-13 14:26:30.012 [http-nio-8080-exec-4] DEBUG c.z.f.t.m.UserMapper.findByUsername      : ==> Parameters: Andy(String)
2026-05-13 14:26:30.014 [http-nio-8080-exec-4] DEBUG c.z.f.t.m.UserMapper.findByUsername      : <==      Total: 1
2026-05-13 14:26:30.015 [http-nio-8080-exec-4] DEBUG c.z.f.t.m.TransactionMapper.findById     : ==>  Preparing: SELECT t.*, c.name as categoryName FROM transactions t LEFT JOIN categories c ON t.category_id = c.id WHERE t.id = ? AND t.user_id = ?
2026-05-13 14:26:30.015 [http-nio-8080-exec-4] DEBUG c.z.f.t.m.TransactionMapper.findById     : ==> Parameters: 35(Long), 1(Long)
2026-05-13 14:26:30.019 [http-nio-8080-exec-4] DEBUG c.z.f.t.m.TransactionMapper.findById     : <==      Total: 1
2026-05-13 14:26:30.019 [http-nio-8080-exec-4] DEBUG c.z.f.t.service.MinioStorageService      : Fetching from MinIO [object=transactions/tx_35_54adc550-22d2-487e-9424-0cffda6194fa.jpg]
2026-05-13 14:26:30.035 [http-nio-8080-exec-5] DEBUG c.z.f.t.filter.JwtAuthenticationFilter   : Authenticated [user=Andy, uri=/api/transactions/34/image]
2026-05-13 14:26:30.036 [http-nio-8080-exec-5] DEBUG c.z.f.t.m.UserMapper.findByUsername      : ==>  Preparing: SELECT * FROM users WHERE username = ?
2026-05-13 14:26:30.037 [http-nio-8080-exec-5] DEBUG c.z.f.t.m.UserMapper.findByUsername      : ==> Parameters: Andy(String)
2026-05-13 14:26:30.039 [http-nio-8080-exec-5] DEBUG c.z.f.t.m.UserMapper.findByUsername      : <==      Total: 1
2026-05-13 14:26:30.039 [http-nio-8080-exec-5] DEBUG c.z.f.t.m.TransactionMapper.findById     : ==>  Preparing: SELECT t.*, c.name as categoryName FROM transactions t LEFT JOIN categories c ON t.category_id = c.id WHERE t.id = ? AND t.user_id = ?
2026-05-13 14:26:30.040 [http-nio-8080-exec-5] DEBUG c.z.f.t.m.TransactionMapper.findById     : ==> Parameters: 34(Long), 1(Long)
2026-05-13 14:26:30.042 [http-nio-8080-exec-5] DEBUG c.z.f.t.m.TransactionMapper.findById     : <==      Total: 1
2026-05-13 14:26:30.042 [http-nio-8080-exec-5] DEBUG c.z.f.t.service.MinioStorageService      : Fetching from MinIO [object=transactions/tx_34_5a52ade7-c821-45c6-ab22-3102d0e4851c.jpg]
2026-05-13 14:26:30.092 [http-nio-8080-exec-6] DEBUG c.z.f.t.filter.JwtAuthenticationFilter   : Authenticated [user=Andy, uri=/api/transactions/33/image]
2026-05-13 14:26:30.093 [http-nio-8080-exec-6] DEBUG c.z.f.t.m.UserMapper.findByUsername      : ==>  Preparing: SELECT * FROM users WHERE username = ?
2026-05-13 14:26:30.093 [http-nio-8080-exec-6] DEBUG c.z.f.t.m.UserMapper.findByUsername      : ==> Parameters: Andy(String)
2026-05-13 14:26:30.095 [http-nio-8080-exec-6] DEBUG c.z.f.t.m.UserMapper.findByUsername      : <==      Total: 1
2026-05-13 14:26:30.096 [http-nio-8080-exec-6] DEBUG c.z.f.t.m.TransactionMapper.findById     : ==>  Preparing: SELECT t.*, c.name as categoryName FROM transactions t LEFT JOIN categories c ON t.category_id = c.id WHERE t.id = ? AND t.user_id = ?
2026-05-13 14:26:30.097 [http-nio-8080-exec-6] DEBUG c.z.f.t.m.TransactionMapper.findById     : ==> Parameters: 33(Long), 1(Long)
2026-05-13 14:26:30.100 [http-nio-8080-exec-6] DEBUG c.z.f.t.m.TransactionMapper.findById     : <==      Total: 1
2026-05-13 14:26:30.100 [http-nio-8080-exec-6] DEBUG c.z.f.t.service.MinioStorageService      : Fetching from MinIO [object=transactions/tx_33_d538c701-cf2d-4e52-9974-7010187a4d7b.jpg]
2026-05-13 14:26:30.161 [http-nio-8080-exec-7] DEBUG c.z.f.t.filter.JwtAuthenticationFilter   : Authenticated [user=Andy, uri=/api/transactions/32/image]
2026-05-13 14:26:30.162 [http-nio-8080-exec-7] DEBUG c.z.f.t.m.UserMapper.findByUsername      : ==>  Preparing: SELECT * FROM users WHERE username = ?
2026-05-13 14:26:30.163 [http-nio-8080-exec-7] DEBUG c.z.f.t.m.UserMapper.findByUsername      : ==> Parameters: Andy(String)
2026-05-13 14:26:30.165 [http-nio-8080-exec-7] DEBUG c.z.f.t.m.UserMapper.findByUsername      : <==      Total: 1
2026-05-13 14:26:30.166 [http-nio-8080-exec-7] DEBUG c.z.f.t.m.TransactionMapper.findById     : ==>  Preparing: SELECT t.*, c.name as categoryName FROM transactions t LEFT JOIN categories c ON t.category_id = c.id WHERE t.id = ? AND t.user_id = ?
2026-05-13 14:26:30.167 [http-nio-8080-exec-7] DEBUG c.z.f.t.m.TransactionMapper.findById     : ==> Parameters: 32(Long), 1(Long)
2026-05-13 14:26:30.170 [http-nio-8080-exec-7] DEBUG c.z.f.t.m.TransactionMapper.findById     : <==      Total: 1
2026-05-13 14:26:30.171 [http-nio-8080-exec-7] DEBUG c.z.f.t.service.MinioStorageService      : Fetching from MinIO [object=transactions/tx_32_c1a4743c-947f-473d-99d3-029f801ad9f9.jpg]
2026-05-13 14:26:30.269 [http-nio-8080-exec-8] DEBUG c.z.f.t.filter.JwtAuthenticationFilter   : Authenticated [user=Andy, uri=/api/transactions/31/image]
2026-05-13 14:26:30.271 [http-nio-8080-exec-8] DEBUG c.z.f.t.m.UserMapper.findByUsername      : ==>  Preparing: SELECT * FROM users WHERE username = ?
2026-05-13 14:26:30.272 [http-nio-8080-exec-8] DEBUG c.z.f.t.m.UserMapper.findByUsername      : ==> Parameters: Andy(String)
2026-05-13 14:26:30.276 [http-nio-8080-exec-8] DEBUG c.z.f.t.m.UserMapper.findByUsername      : <==      Total: 1
2026-05-13 14:26:30.277 [http-nio-8080-exec-8] DEBUG c.z.f.t.m.TransactionMapper.findById     : ==>  Preparing: SELECT t.*, c.name as categoryName FROM transactions t LEFT JOIN categories c ON t.category_id = c.id WHERE t.id = ? AND t.user_id = ?
2026-05-13 14:26:30.278 [http-nio-8080-exec-8] DEBUG c.z.f.t.m.TransactionMapper.findById     : ==> Parameters: 31(Long), 1(Long)
2026-05-13 14:26:30.286 [http-nio-8080-exec-8] DEBUG c.z.f.t.m.TransactionMapper.findById     : <==      Total: 1
2026-05-13 14:26:30.286 [http-nio-8080-exec-8] DEBUG c.z.f.t.service.MinioStorageService      : Fetching from MinIO [object=transactions/tx_31_9133791b-dffe-4d7b-84bf-05ddc9ad6ee9.jpg]
2026-05-13 14:26:30.333 [http-nio-8080-exec-7] DEBUG c.z.f.t.service.MinioStorageService      : Fetched 30972 bytes from MinIO [object=transactions/tx_32_c1a4743c-947f-473d-99d3-029f801ad9f9.jpg]
2026-05-13 14:26:30.333 [http-nio-8080-exec-4] DEBUG c.z.f.t.service.MinioStorageService      : Fetched 30972 bytes from MinIO [object=transactions/tx_35_54adc550-22d2-487e-9424-0cffda6194fa.jpg]
2026-05-13 14:26:30.351 [http-nio-8080-exec-6] DEBUG c.z.f.t.service.MinioStorageService      : Fetched 894934 bytes from MinIO [object=transactions/tx_33_d538c701-cf2d-4e52-9974-7010187a4d7b.jpg]
2026-05-13 14:26:30.353 [http-nio-8080-exec-8] DEBUG c.z.f.t.service.MinioStorageService      : Fetched 899766 bytes from MinIO [object=transactions/tx_31_9133791b-dffe-4d7b-84bf-05ddc9ad6ee9.jpg]
2026-05-13 14:26:30.353 [http-nio-8080-exec-5] DEBUG c.z.f.t.service.MinioStorageService      : Fetched 894934 bytes from MinIO [object=transactions/tx_34_5a52ade7-c821-45c6-ab22-3102d0e4851c.jpg]
2026-05-13 14:26:30.490 [http-nio-8080-exec-7] DEBUG c.z.f.t.filter.JwtAuthenticationFilter   : Authenticated [user=Andy, uri=/api/transactions/30/image]
2026-05-13 14:26:30.492 [http-nio-8080-exec-7] DEBUG c.z.f.t.m.UserMapper.findByUsername      : ==>  Preparing: SELECT * FROM users WHERE username = ?
2026-05-13 14:26:30.493 [http-nio-8080-exec-7] DEBUG c.z.f.t.m.UserMapper.findByUsername      : ==> Parameters: Andy(String)
2026-05-13 14:26:30.496 [http-nio-8080-exec-7] DEBUG c.z.f.t.m.UserMapper.findByUsername      : <==      Total: 1
2026-05-13 14:26:30.498 [http-nio-8080-exec-7] DEBUG c.z.f.t.m.TransactionMapper.findById     : ==>  Preparing: SELECT t.*, c.name as categoryName FROM transactions t LEFT JOIN categories c ON t.category_id = c.id WHERE t.id = ? AND t.user_id = ?
2026-05-13 14:26:30.499 [http-nio-8080-exec-7] DEBUG c.z.f.t.m.TransactionMapper.findById     : ==> Parameters: 30(Long), 1(Long)
2026-05-13 14:26:30.502 [http-nio-8080-exec-7] DEBUG c.z.f.t.m.TransactionMapper.findById     : <==      Total: 1
2026-05-13 14:26:30.503 [http-nio-8080-exec-7] DEBUG c.z.f.t.service.MinioStorageService      : Fetching from MinIO [object=transactions/tx_30_6ec29c0d-e9f8-419c-a92f-cf622a2f63f2.jpg]
2026-05-13 14:26:30.516 [http-nio-8080-exec-7] DEBUG c.z.f.t.service.MinioStorageService      : Fetched 30972 bytes from MinIO [object=transactions/tx_30_6ec29c0d-e9f8-419c-a92f-cf622a2f63f2.jpg]
2026-05-13 14:26:30.625 [http-nio-8080-exec-9] DEBUG c.z.f.t.filter.JwtAuthenticationFilter   : Authenticated [user=Andy, uri=/api/transactions/29/image]
2026-05-13 14:26:30.626 [http-nio-8080-exec-9] DEBUG c.z.f.t.m.UserMapper.findByUsername      : ==>  Preparing: SELECT * FROM users WHERE username = ?
2026-05-13 14:26:30.626 [http-nio-8080-exec-9] DEBUG c.z.f.t.m.UserMapper.findByUsername      : ==> Parameters: Andy(String)
2026-05-13 14:26:30.629 [http-nio-8080-exec-9] DEBUG c.z.f.t.m.UserMapper.findByUsername      : <==      Total: 1
2026-05-13 14:26:30.630 [http-nio-8080-exec-9] DEBUG c.z.f.t.m.TransactionMapper.findById     : ==>  Preparing: SELECT t.*, c.name as categoryName FROM transactions t LEFT JOIN categories c ON t.category_id = c.id WHERE t.id = ? AND t.user_id = ?
2026-05-13 14:26:30.630 [http-nio-8080-exec-9] DEBUG c.z.f.t.m.TransactionMapper.findById     : ==> Parameters: 29(Long), 1(Long)
2026-05-13 14:26:30.633 [http-nio-8080-exec-9] DEBUG c.z.f.t.m.TransactionMapper.findById     : <==      Total: 1
2026-05-13 14:26:30.633 [http-nio-8080-exec-9] DEBUG c.z.f.t.service.MinioStorageService      : Fetching from MinIO [object=transactions/tx_29_b889f510-b781-4ea9-b387-5002b32483d9.jpg]
2026-05-13 14:26:30.641 [http-nio-8080-exec-9] DEBUG c.z.f.t.service.MinioStorageService      : Fetched 30972 bytes from MinIO [object=transactions/tx_29_b889f510-b781-4ea9-b387-5002b32483d9.jpg]
2026-05-13 14:26:32.880 [http-nio-8080-exec-6] DEBUG c.z.f.t.filter.JwtAuthenticationFilter   : Authenticated [user=Andy, uri=/api/transactions/28/image]
2026-05-13 14:26:32.884 [http-nio-8080-exec-6] DEBUG c.z.f.t.m.UserMapper.findByUsername      : ==>  Preparing: SELECT * FROM users WHERE username = ?
2026-05-13 14:26:32.885 [http-nio-8080-exec-6] DEBUG c.z.f.t.m.UserMapper.findByUsername      : ==> Parameters: Andy(String)
2026-05-13 14:26:32.888 [http-nio-8080-exec-6] DEBUG c.z.f.t.m.UserMapper.findByUsername      : <==      Total: 1
2026-05-13 14:26:32.889 [http-nio-8080-exec-6] DEBUG c.z.f.t.m.TransactionMapper.findById     : ==>  Preparing: SELECT t.*, c.name as categoryName FROM transactions t LEFT JOIN categories c ON t.category_id = c.id WHERE t.id = ? AND t.user_id = ?
2026-05-13 14:26:32.889 [http-nio-8080-exec-6] DEBUG c.z.f.t.m.TransactionMapper.findById     : ==> Parameters: 28(Long), 1(Long)
2026-05-13 14:26:32.893 [http-nio-8080-exec-6] DEBUG c.z.f.t.m.TransactionMapper.findById     : <==      Total: 1
2026-05-13 14:26:32.893 [http-nio-8080-exec-6] DEBUG c.z.f.t.service.MinioStorageService      : Fetching from MinIO [object=transactions/tx_28_c602e60e-2fb0-4bac-a365-cee60c0093d0.jpg]
2026-05-13 14:26:32.913 [http-nio-8080-exec-6] DEBUG c.z.f.t.service.MinioStorageService      : Fetched 899766 bytes from MinIO [object=transactions/tx_28_c602e60e-2fb0-4bac-a365-cee60c0093d0.jpg]
2026-05-13 14:26:32.981 [http-nio-8080-exec-5] DEBUG c.z.f.t.filter.JwtAuthenticationFilter   : Authenticated [user=Andy, uri=/api/transactions/24/image]
2026-05-13 14:26:32.982 [http-nio-8080-exec-5] DEBUG c.z.f.t.m.UserMapper.findByUsername      : ==>  Preparing: SELECT * FROM users WHERE username = ?
2026-05-13 14:26:32.982 [http-nio-8080-exec-5] DEBUG c.z.f.t.m.UserMapper.findByUsername      : ==> Parameters: Andy(String)
2026-05-13 14:26:32.986 [http-nio-8080-exec-5] DEBUG c.z.f.t.m.UserMapper.findByUsername      : <==      Total: 1
2026-05-13 14:26:32.987 [http-nio-8080-exec-5] DEBUG c.z.f.t.m.TransactionMapper.findById     : ==>  Preparing: SELECT t.*, c.name as categoryName FROM transactions t LEFT JOIN categories c ON t.category_id = c.id WHERE t.id = ? AND t.user_id = ?
2026-05-13 14:26:32.988 [http-nio-8080-exec-5] DEBUG c.z.f.t.m.TransactionMapper.findById     : ==> Parameters: 24(Long), 1(Long)
2026-05-13 14:26:32.994 [http-nio-8080-exec-5] DEBUG c.z.f.t.m.TransactionMapper.findById     : <==      Total: 1
2026-05-13 14:26:32.994 [http-nio-8080-exec-5] DEBUG c.z.f.t.service.MinioStorageService      : Fetching from MinIO [object=transactions/tx_24_764aca22-00c8-46b3-aeae-ac1451af4fa5.jpg]
2026-05-13 14:26:33.048 [http-nio-8080-exec-5] DEBUG c.z.f.t.service.MinioStorageService      : Fetched 1353592 bytes from MinIO [object=transactions/tx_24_764aca22-00c8-46b3-aeae-ac1451af4fa5.jpg]
2026-05-13 14:26:33.140 [http-nio-8080-exec-3] DEBUG c.z.f.t.filter.JwtAuthenticationFilter   : Authenticated [user=Andy, uri=/api/transactions/23/image]
2026-05-13 14:26:33.141 [http-nio-8080-exec-3] DEBUG c.z.f.t.m.UserMapper.findByUsername      : ==>  Preparing: SELECT * FROM users WHERE username = ?
2026-05-13 14:26:33.142 [http-nio-8080-exec-3] DEBUG c.z.f.t.m.UserMapper.findByUsername      : ==> Parameters: Andy(String)
2026-05-13 14:26:33.144 [http-nio-8080-exec-3] DEBUG c.z.f.t.m.UserMapper.findByUsername      : <==      Total: 1
2026-05-13 14:26:33.145 [http-nio-8080-exec-3] DEBUG c.z.f.t.m.TransactionMapper.findById     : ==>  Preparing: SELECT t.*, c.name as categoryName FROM transactions t LEFT JOIN categories c ON t.category_id = c.id WHERE t.id = ? AND t.user_id = ?
2026-05-13 14:26:33.146 [http-nio-8080-exec-3] DEBUG c.z.f.t.m.TransactionMapper.findById     : ==> Parameters: 23(Long), 1(Long)
2026-05-13 14:26:33.148 [http-nio-8080-exec-3] DEBUG c.z.f.t.m.TransactionMapper.findById     : <==      Total: 1
2026-05-13 14:26:33.149 [http-nio-8080-exec-3] DEBUG c.z.f.t.service.MinioStorageService      : Fetching from MinIO [object=transactions/tx_23_986c4de8-9af1-4032-9e43-f499a6d375a3.jpg]
2026-05-13 14:26:33.164 [http-nio-8080-exec-3] DEBUG c.z.f.t.service.MinioStorageService      : Fetched 866644 bytes from MinIO [object=transactions/tx_23_986c4de8-9af1-4032-9e43-f499a6d375a3.jpg]
2026-05-13 14:26:38.416 [http-nio-8080-exec-7] DEBUG c.z.f.t.filter.JwtAuthenticationFilter   : Authenticated [user=Andy, uri=/api/transactions/35/image]
2026-05-13 14:26:38.420 [http-nio-8080-exec-7] DEBUG c.z.f.t.m.UserMapper.findByUsername      : ==>  Preparing: SELECT * FROM users WHERE username = ?
2026-05-13 14:26:38.420 [http-nio-8080-exec-7] DEBUG c.z.f.t.m.UserMapper.findByUsername      : ==> Parameters: Andy(String)
2026-05-13 14:26:38.423 [http-nio-8080-exec-7] DEBUG c.z.f.t.m.UserMapper.findByUsername      : <==      Total: 1
2026-05-13 14:26:38.423 [http-nio-8080-exec-7] DEBUG c.z.f.t.m.TransactionMapper.findById     : ==>  Preparing: SELECT t.*, c.name as categoryName FROM transactions t LEFT JOIN categories c ON t.category_id = c.id WHERE t.id = ? AND t.user_id = ?
2026-05-13 14:26:38.424 [http-nio-8080-exec-7] DEBUG c.z.f.t.m.TransactionMapper.findById     : ==> Parameters: 35(Long), 1(Long)
2026-05-13 14:26:38.426 [http-nio-8080-exec-7] DEBUG c.z.f.t.m.TransactionMapper.findById     : <==      Total: 1
2026-05-13 14:26:38.426 [http-nio-8080-exec-7] DEBUG c.z.f.t.service.MinioStorageService      : Fetching from MinIO [object=transactions/tx_35_54adc550-22d2-487e-9424-0cffda6194fa.jpg]
2026-05-13 14:26:38.432 [http-nio-8080-exec-7] DEBUG c.z.f.t.service.MinioStorageService      : Fetched 30972 bytes from MinIO [object=transactions/tx_35_54adc550-22d2-487e-9424-0cffda6194fa.jpg]
2026-05-13 14:26:41.238 [http-nio-8080-exec-9] DEBUG c.z.f.t.filter.JwtAuthenticationFilter   : Authenticated [user=Andy, uri=/api/transactions/trends]
2026-05-13 14:26:41.242 [http-nio-8080-exec-9] DEBUG c.z.f.t.m.UserMapper.findByUsername      : ==>  Preparing: SELECT * FROM users WHERE username = ?
2026-05-13 14:26:41.242 [http-nio-8080-exec-9] DEBUG c.z.f.t.m.UserMapper.findByUsername      : ==> Parameters: Andy(String)
2026-05-13 14:26:41.244 [http-nio-8080-exec-9] DEBUG c.z.f.t.m.UserMapper.findByUsername      : <==      Total: 1
2026-05-13 14:26:41.250 [http-nio-8080-exec-9] DEBUG c.z.f.t.m.T.getTimeSeriesData            : ==>  Preparing: SELECT DATE_FORMAT(date, '%Y-%m') as timeLabel, SUM(ABS(amount)) as total FROM transactions WHERE user_id = ? AND type = ? GROUP BY timeLabel ORDER BY timeLabel ASC
2026-05-13 14:26:41.250 [http-nio-8080-exec-9] DEBUG c.z.f.t.m.T.getTimeSeriesData            : ==> Parameters: 1(Long), INCOME(String)
2026-05-13 14:26:41.253 [http-nio-8080-exec-9] DEBUG c.z.f.t.m.T.getTimeSeriesData            : <==      Total: 4
2026-05-13 14:26:41.358 [http-nio-8080-exec-6] DEBUG c.z.f.t.filter.JwtAuthenticationFilter   : Authenticated [user=Andy, uri=/api/transactions/trends]
2026-05-13 14:26:41.359 [http-nio-8080-exec-6] DEBUG c.z.f.t.m.UserMapper.findByUsername      : ==>  Preparing: SELECT * FROM users WHERE username = ?
2026-05-13 14:26:41.360 [http-nio-8080-exec-6] DEBUG c.z.f.t.m.UserMapper.findByUsername      : ==> Parameters: Andy(String)
2026-05-13 14:26:41.362 [http-nio-8080-exec-6] DEBUG c.z.f.t.m.UserMapper.findByUsername      : <==      Total: 1
2026-05-13 14:26:41.364 [http-nio-8080-exec-6] DEBUG c.z.f.t.m.T.getTimeSeriesData            : ==>  Preparing: SELECT DATE_FORMAT(date, '%Y-%m') as timeLabel, SUM(ABS(amount)) as total FROM transactions WHERE user_id = ? AND type = ? GROUP BY timeLabel ORDER BY timeLabel ASC
2026-05-13 14:26:41.365 [http-nio-8080-exec-6] DEBUG c.z.f.t.m.T.getTimeSeriesData            : ==> Parameters: 1(Long), EXPENSE(String)
2026-05-13 14:26:41.369 [http-nio-8080-exec-6] DEBUG c.z.f.t.m.T.getTimeSeriesData            : <==      Total: 5
2026-05-13 14:26:41.474 [http-nio-8080-exec-5] DEBUG c.z.f.t.filter.JwtAuthenticationFilter   : Authenticated [user=Andy, uri=/api/transactions/summary]
2026-05-13 14:26:41.476 [http-nio-8080-exec-5] DEBUG c.z.f.t.m.UserMapper.findByUsername      : ==>  Preparing: SELECT * FROM users WHERE username = ?
2026-05-13 14:26:41.476 [http-nio-8080-exec-5] DEBUG c.z.f.t.m.UserMapper.findByUsername      : ==> Parameters: Andy(String)
2026-05-13 14:26:41.478 [http-nio-8080-exec-5] DEBUG c.z.f.t.m.UserMapper.findByUsername      : <==      Total: 1
2026-05-13 14:31:44.486 [http-nio-8080-exec-3] WARN  c.z.f.t.filter.JwtAuthenticationFilter   : JWT processing error [uri=/api/transactions/summary, error=JWT expired 15058483 milliseconds ago at 2026-05-13T02:20:46.000Z. Current time: 2026-05-13T06:31:44.483Z. Allowed clock skew: 0 milliseconds.]
2026-05-13 14:31:45.096 [http-nio-8080-exec-7] WARN  c.z.f.t.filter.JwtAuthenticationFilter   : JWT processing error [uri=/api/transactions/daily-trends, error=JWT expired 15059096 milliseconds ago at 2026-05-13T02:20:46.000Z. Current time: 2026-05-13T06:31:45.096Z. Allowed clock skew: 0 milliseconds.]
2026-05-13 14:31:45.826 [http-nio-8080-exec-9] WARN  c.z.f.t.filter.JwtAuthenticationFilter   : JWT processing error [uri=/api/transactions/history, error=JWT expired 15059826 milliseconds ago at 2026-05-13T02:20:46.000Z. Current time: 2026-05-13T06:31:45.826Z. Allowed clock skew: 0 milliseconds.]
2026-05-13 14:31:46.612 [http-nio-8080-exec-6] WARN  c.z.f.t.filter.JwtAuthenticationFilter   : JWT processing error [uri=/api/recurring/upcoming, error=JWT expired 15060611 milliseconds ago at 2026-05-13T02:20:46.000Z. Current time: 2026-05-13T06:31:46.611Z. Allowed clock skew: 0 milliseconds.]
2026-05-13 14:31:49.584 [http-nio-8080-exec-5] WARN  c.z.f.t.filter.JwtAuthenticationFilter   : JWT processing error [uri=/api/profile, error=JWT expired 15063584 milliseconds ago at 2026-05-13T02:20:46.000Z. Current time: 2026-05-13T06:31:49.584Z. Allowed clock skew: 0 milliseconds.]
2026-05-13 14:32:00.740 [http-nio-8080-exec-3] DEBUG c.z.f.tracker.controller.AuthController  : Login attempt: [username=Andy]
2026-05-13 14:32:00.741 [http-nio-8080-exec-3] DEBUG c.z.f.t.m.UserMapper.findByUsername      : ==>  Preparing: SELECT * FROM users WHERE username = ?
2026-05-13 14:32:00.741 [http-nio-8080-exec-3] DEBUG c.z.f.t.m.UserMapper.findByUsername      : ==> Parameters: Andy(String)
2026-05-13 14:32:00.743 [http-nio-8080-exec-3] DEBUG c.z.f.t.m.UserMapper.findByUsername      : <==      Total: 1
2026-05-13 14:32:00.841 [http-nio-8080-exec-3] INFO  c.z.f.tracker.controller.AuthController  : Login success: [username=Andy]
2026-05-13 14:32:02.583 [http-nio-8080-exec-7] DEBUG c.z.f.t.filter.JwtAuthenticationFilter   : Authenticated [user=Andy, uri=/api/transactions/summary]
2026-05-13 14:32:02.584 [http-nio-8080-exec-7] DEBUG c.z.f.t.m.UserMapper.findByUsername      : ==>  Preparing: SELECT * FROM users WHERE username = ?
2026-05-13 14:32:02.585 [http-nio-8080-exec-7] DEBUG c.z.f.t.m.UserMapper.findByUsername      : ==> Parameters: Andy(String)
2026-05-13 14:32:02.586 [http-nio-8080-exec-7] DEBUG c.z.f.t.m.UserMapper.findByUsername      : <==      Total: 1
2026-05-13 14:32:02.588 [http-nio-8080-exec-7] DEBUG c.z.f.t.m.T.getTotalBalance              : ==>  Preparing: SELECT COALESCE( SUM(CASE WHEN type = 'INCOME' THEN amount ELSE ABS(amount) * -1 END), 0 ) FROM transactions WHERE user_id = ?
2026-05-13 14:32:02.588 [http-nio-8080-exec-7] DEBUG c.z.f.t.m.T.getTotalBalance              : ==> Parameters: 1(Long)
2026-05-13 14:32:02.589 [http-nio-8080-exec-7] DEBUG c.z.f.t.m.T.getTotalBalance              : <==      Total: 1
2026-05-13 14:32:02.590 [http-nio-8080-exec-7] DEBUG c.z.f.t.m.T.getMonthlyBalance            : ==>  Preparing: SELECT SUM(CASE WHEN type = 'INCOME' THEN amount ELSE 0 END) as income, SUM(CASE WHEN type = 'EXPENSE' THEN ABS(amount) ELSE 0 END) as expense, SUM(CASE WHEN type = 'INCOME' THEN amount ELSE ABS(amount) * -1 END) as net FROM transactions WHERE user_id = ? AND DATE_FORMAT(date, '%Y-%m') = ?
2026-05-13 14:32:02.590 [http-nio-8080-exec-7] DEBUG c.z.f.t.m.T.getMonthlyBalance            : ==> Parameters: 1(Long), 2026-05(String)
2026-05-13 14:32:02.591 [http-nio-8080-exec-7] DEBUG c.z.f.t.m.T.getMonthlyBalance            : <==      Total: 1
2026-05-13 14:32:02.592 [http-nio-8080-exec-7] DEBUG c.z.f.t.m.T.getIncomeVsExpense           : ==>  Preparing: SELECT SUM(CASE WHEN type = 'INCOME' THEN amount ELSE 0 END) as totalIncome, SUM(CASE WHEN type = 'EXPENSE' THEN ABS(amount) ELSE 0 END) as totalExpense FROM transactions WHERE user_id = ?
2026-05-13 14:32:02.592 [http-nio-8080-exec-7] DEBUG c.z.f.t.m.T.getIncomeVsExpense           : ==> Parameters: 1(Long)
2026-05-13 14:32:02.593 [http-nio-8080-exec-7] DEBUG c.z.f.t.m.T.getIncomeVsExpense           : <==      Total: 1
2026-05-13 14:32:02.594 [http-nio-8080-exec-7] DEBUG c.z.f.t.m.T.getCategorySummary           : ==>  Preparing: SELECT c.name as name, SUM(ABS(t.amount)) as value FROM transactions t INNER JOIN categories c ON t.category_id = c.id WHERE t.user_id = ? AND t.type = ? GROUP BY c.name
2026-05-13 14:32:02.594 [http-nio-8080-exec-7] DEBUG c.z.f.t.m.T.getCategorySummary           : ==> Parameters: 1(Long), INCOME(String)
2026-05-13 14:32:02.596 [http-nio-8080-exec-7] DEBUG c.z.f.t.m.T.getCategorySummary           : <==      Total: 4
2026-05-13 14:32:02.596 [http-nio-8080-exec-7] DEBUG c.z.f.t.m.T.getCategorySummary           : ==>  Preparing: SELECT c.name as name, SUM(ABS(t.amount)) as value FROM transactions t INNER JOIN categories c ON t.category_id = c.id WHERE t.user_id = ? AND t.type = ? GROUP BY c.name
2026-05-13 14:32:02.597 [http-nio-8080-exec-7] DEBUG c.z.f.t.m.T.getCategorySummary           : ==> Parameters: 1(Long), EXPENSE(String)
2026-05-13 14:32:02.598 [http-nio-8080-exec-7] DEBUG c.z.f.t.m.T.getCategorySummary           : <==      Total: 7
2026-05-13 14:32:03.225 [http-nio-8080-exec-9] DEBUG c.z.f.t.filter.JwtAuthenticationFilter   : Authenticated [user=Andy, uri=/api/transactions/daily-trends]
2026-05-13 14:32:03.226 [http-nio-8080-exec-9] DEBUG c.z.f.t.m.UserMapper.findByUsername      : ==>  Preparing: SELECT * FROM users WHERE username = ?
2026-05-13 14:32:03.226 [http-nio-8080-exec-9] DEBUG c.z.f.t.m.UserMapper.findByUsername      : ==> Parameters: Andy(String)
2026-05-13 14:32:03.227 [http-nio-8080-exec-9] DEBUG c.z.f.t.m.UserMapper.findByUsername      : <==      Total: 1
2026-05-13 14:32:03.229 [http-nio-8080-exec-9] DEBUG c.z.f.t.m.T.getDailyTrends               : ==>  Preparing: SELECT DATE(t.date) as date, SUM(CASE WHEN t.type = 'INCOME' THEN t.amount ELSE 0 END) as income, SUM(CASE WHEN t.type = 'EXPENSE' THEN t.amount ELSE 0 END) as expense FROM transactions t WHERE t.user_id = ? AND t.date >= DATE_SUB(CURDATE(), INTERVAL ? DAY) GROUP BY DATE(t.date) ORDER BY date ASC
2026-05-13 14:32:03.230 [http-nio-8080-exec-9] DEBUG c.z.f.t.m.T.getDailyTrends               : ==> Parameters: 1(Long), 30(Integer)
2026-05-13 14:32:03.232 [http-nio-8080-exec-9] DEBUG c.z.f.t.m.T.getDailyTrends               : <==      Total: 10
2026-05-13 14:32:03.968 [http-nio-8080-exec-6] DEBUG c.z.f.t.filter.JwtAuthenticationFilter   : Authenticated [user=Andy, uri=/api/transactions/history]
2026-05-13 14:32:03.970 [http-nio-8080-exec-6] DEBUG c.z.f.t.m.UserMapper.findByUsername      : ==>  Preparing: SELECT * FROM users WHERE username = ?
2026-05-13 14:32:03.970 [http-nio-8080-exec-6] DEBUG c.z.f.t.m.UserMapper.findByUsername      : ==> Parameters: Andy(String)
2026-05-13 14:32:03.972 [http-nio-8080-exec-6] DEBUG c.z.f.t.m.UserMapper.findByUsername      : <==      Total: 1
2026-05-13 14:32:03.973 [http-nio-8080-exec-6] DEBUG c.z.f.t.m.T.findAllFiltered              : ==>  Preparing: SELECT t.*, c.name as categoryName FROM transactions t LEFT JOIN categories c ON t.category_id = c.id WHERE t.user_id = ? ORDER BY t.date DESC, t.id DESC LIMIT ? OFFSET ?
2026-05-13 14:32:03.973 [http-nio-8080-exec-6] DEBUG c.z.f.t.m.T.findAllFiltered              : ==> Parameters: 1(Long), 5(Integer), 0(Integer)
2026-05-13 14:32:03.977 [http-nio-8080-exec-6] DEBUG c.z.f.t.m.T.findAllFiltered              : <==      Total: 5
2026-05-13 14:32:03.978 [http-nio-8080-exec-6] DEBUG c.z.f.t.m.T.countFiltered                : ==>  Preparing: SELECT COUNT(*) FROM transactions t WHERE user_id = ?
2026-05-13 14:32:03.978 [http-nio-8080-exec-6] DEBUG c.z.f.t.m.T.countFiltered                : ==> Parameters: 1(Long)
2026-05-13 14:32:03.980 [http-nio-8080-exec-6] DEBUG c.z.f.t.m.T.countFiltered                : <==      Total: 1
2026-05-13 14:32:03.980 [http-nio-8080-exec-6] DEBUG c.z.f.t.c.TransactionController          : History query [userId=1, page=0, size=5, total=32]
2026-05-13 14:32:04.783 [http-nio-8080-exec-5] DEBUG c.z.f.t.filter.JwtAuthenticationFilter   : Authenticated [user=Andy, uri=/api/recurring/upcoming]
2026-05-13 14:32:04.785 [http-nio-8080-exec-5] DEBUG c.z.f.t.m.UserMapper.findByUsername      : ==>  Preparing: SELECT * FROM users WHERE username = ?
2026-05-13 14:32:04.785 [http-nio-8080-exec-5] DEBUG c.z.f.t.m.UserMapper.findByUsername      : ==> Parameters: Andy(String)
2026-05-13 14:32:04.786 [http-nio-8080-exec-5] DEBUG c.z.f.t.m.UserMapper.findByUsername      : <==      Total: 1
2026-05-13 14:32:04.787 [http-nio-8080-exec-5] DEBUG c.z.f.t.m.RecurringMapper.findUpcoming   : ==>  Preparing: SELECT r.*, c.name as categoryName FROM recurring_transactions r LEFT JOIN categories c ON r.category_id = c.id WHERE r.user_id = ? AND r.is_active = TRUE AND r.next_due_date <= DATE_ADD(CURDATE(), INTERVAL ? DAY) ORDER BY r.next_due_date ASC
2026-05-13 14:32:04.787 [http-nio-8080-exec-5] DEBUG c.z.f.t.m.RecurringMapper.findUpcoming   : ==> Parameters: 1(Long), 7(Integer)
2026-05-13 14:32:04.788 [http-nio-8080-exec-5] DEBUG c.z.f.t.m.RecurringMapper.findUpcoming   : <==      Total: 0
2026-05-13 14:32:06.619 [http-nio-8080-exec-3] DEBUG c.z.f.t.filter.JwtAuthenticationFilter   : Authenticated [user=Andy, uri=/api/categories]
2026-05-13 14:32:06.620 [http-nio-8080-exec-3] DEBUG c.z.f.t.m.UserMapper.findByUsername      : ==>  Preparing: SELECT * FROM users WHERE username = ?
2026-05-13 14:32:06.621 [http-nio-8080-exec-3] DEBUG c.z.f.t.m.UserMapper.findByUsername      : ==> Parameters: Andy(String)
2026-05-13 14:32:06.622 [http-nio-8080-exec-3] DEBUG c.z.f.t.m.UserMapper.findByUsername      : <==      Total: 1
2026-05-13 14:32:06.665 [http-nio-8080-exec-7] DEBUG c.z.f.t.filter.JwtAuthenticationFilter   : Authenticated [user=Andy, uri=/api/transactions/history]
2026-05-13 14:32:06.666 [http-nio-8080-exec-7] DEBUG c.z.f.t.m.UserMapper.findByUsername      : ==>  Preparing: SELECT * FROM users WHERE username = ?
2026-05-13 14:32:06.667 [http-nio-8080-exec-7] DEBUG c.z.f.t.m.UserMapper.findByUsername      : ==> Parameters: Andy(String)
2026-05-13 14:32:06.668 [http-nio-8080-exec-7] DEBUG c.z.f.t.m.UserMapper.findByUsername      : <==      Total: 1
2026-05-13 14:32:06.669 [http-nio-8080-exec-7] DEBUG c.z.f.t.m.T.findAllFiltered              : ==>  Preparing: SELECT t.*, c.name as categoryName FROM transactions t LEFT JOIN categories c ON t.category_id = c.id WHERE t.user_id = ? ORDER BY t.date DESC, t.id DESC LIMIT ? OFFSET ?
2026-05-13 14:32:06.669 [http-nio-8080-exec-7] DEBUG c.z.f.t.m.T.findAllFiltered              : ==> Parameters: 1(Long), 15(Integer), 0(Integer)
2026-05-13 14:32:06.673 [http-nio-8080-exec-7] DEBUG c.z.f.t.m.T.findAllFiltered              : <==      Total: 15
2026-05-13 14:32:06.673 [http-nio-8080-exec-7] DEBUG c.z.f.t.m.T.countFiltered                : ==>  Preparing: SELECT COUNT(*) FROM transactions t WHERE user_id = ?
2026-05-13 14:32:06.673 [http-nio-8080-exec-7] DEBUG c.z.f.t.m.T.countFiltered                : ==> Parameters: 1(Long)
2026-05-13 14:32:06.675 [http-nio-8080-exec-7] DEBUG c.z.f.t.m.T.countFiltered                : <==      Total: 1
2026-05-13 14:32:06.675 [http-nio-8080-exec-7] DEBUG c.z.f.t.c.TransactionController          : History query [userId=1, page=0, size=15, total=32]
2026-05-13 14:32:07.329 [http-nio-8080-exec-9] DEBUG c.z.f.t.filter.JwtAuthenticationFilter   : Authenticated [user=Andy, uri=/api/categories]
2026-05-13 14:32:07.330 [http-nio-8080-exec-9] DEBUG c.z.f.t.m.UserMapper.findByUsername      : ==>  Preparing: SELECT * FROM users WHERE username = ?
2026-05-13 14:32:07.330 [http-nio-8080-exec-9] DEBUG c.z.f.t.m.UserMapper.findByUsername      : ==> Parameters: Andy(String)
2026-05-13 14:32:07.332 [http-nio-8080-exec-9] DEBUG c.z.f.t.m.UserMapper.findByUsername      : <==      Total: 1
2026-05-13 14:32:07.424 [http-nio-8080-exec-6] DEBUG c.z.f.t.filter.JwtAuthenticationFilter   : Authenticated [user=Andy, uri=/api/transactions/33/image]
2026-05-13 14:32:07.425 [http-nio-8080-exec-6] DEBUG c.z.f.t.m.UserMapper.findByUsername      : ==>  Preparing: SELECT * FROM users WHERE username = ?
2026-05-13 14:32:07.425 [http-nio-8080-exec-6] DEBUG c.z.f.t.m.UserMapper.findByUsername      : ==> Parameters: Andy(String)
2026-05-13 14:32:07.427 [http-nio-8080-exec-6] DEBUG c.z.f.t.m.UserMapper.findByUsername      : <==      Total: 1
2026-05-13 14:32:07.427 [http-nio-8080-exec-6] DEBUG c.z.f.t.m.TransactionMapper.findById     : ==>  Preparing: SELECT t.*, c.name as categoryName FROM transactions t LEFT JOIN categories c ON t.category_id = c.id WHERE t.id = ? AND t.user_id = ?
2026-05-13 14:32:07.427 [http-nio-8080-exec-6] DEBUG c.z.f.t.m.TransactionMapper.findById     : ==> Parameters: 33(Long), 1(Long)
2026-05-13 14:32:07.429 [http-nio-8080-exec-6] DEBUG c.z.f.t.m.TransactionMapper.findById     : <==      Total: 1
2026-05-13 14:32:07.429 [http-nio-8080-exec-6] DEBUG c.z.f.t.service.MinioStorageService      : Fetching from MinIO [object=transactions/tx_33_d538c701-cf2d-4e52-9974-7010187a4d7b.jpg]
2026-05-13 14:32:07.442 [http-nio-8080-exec-6] DEBUG c.z.f.t.service.MinioStorageService      : Fetched 894934 bytes from MinIO [object=transactions/tx_33_d538c701-cf2d-4e52-9974-7010187a4d7b.jpg]
2026-05-13 14:32:07.462 [http-nio-8080-exec-5] DEBUG c.z.f.t.filter.JwtAuthenticationFilter   : Authenticated [user=Andy, uri=/api/transactions/34/image]
2026-05-13 14:32:07.462 [http-nio-8080-exec-1] DEBUG c.z.f.t.filter.JwtAuthenticationFilter   : Authenticated [user=Andy, uri=/api/transactions/35/image]
2026-05-13 14:32:07.462 [http-nio-8080-exec-3] DEBUG c.z.f.t.filter.JwtAuthenticationFilter   : Authenticated [user=Andy, uri=/api/transactions/32/image]
2026-05-13 14:32:07.463 [http-nio-8080-exec-5] DEBUG c.z.f.t.m.UserMapper.findByUsername      : ==>  Preparing: SELECT * FROM users WHERE username = ?
2026-05-13 14:32:07.463 [http-nio-8080-exec-5] DEBUG c.z.f.t.m.UserMapper.findByUsername      : ==> Parameters: Andy(String)
2026-05-13 14:32:07.464 [http-nio-8080-exec-1] DEBUG c.z.f.t.m.UserMapper.findByUsername      : ==>  Preparing: SELECT * FROM users WHERE username = ?
2026-05-13 14:32:07.464 [http-nio-8080-exec-3] DEBUG c.z.f.t.m.UserMapper.findByUsername      : ==>  Preparing: SELECT * FROM users WHERE username = ?
2026-05-13 14:32:07.464 [http-nio-8080-exec-1] DEBUG c.z.f.t.m.UserMapper.findByUsername      : ==> Parameters: Andy(String)
2026-05-13 14:32:07.464 [http-nio-8080-exec-3] DEBUG c.z.f.t.m.UserMapper.findByUsername      : ==> Parameters: Andy(String)
2026-05-13 14:32:07.464 [http-nio-8080-exec-5] DEBUG c.z.f.t.m.UserMapper.findByUsername      : <==      Total: 1
2026-05-13 14:32:07.465 [http-nio-8080-exec-5] DEBUG c.z.f.t.m.TransactionMapper.findById     : ==>  Preparing: SELECT t.*, c.name as categoryName FROM transactions t LEFT JOIN categories c ON t.category_id = c.id WHERE t.id = ? AND t.user_id = ?
2026-05-13 14:32:07.465 [http-nio-8080-exec-5] DEBUG c.z.f.t.m.TransactionMapper.findById     : ==> Parameters: 34(Long), 1(Long)
2026-05-13 14:32:07.465 [http-nio-8080-exec-1] DEBUG c.z.f.t.m.UserMapper.findByUsername      : <==      Total: 1
2026-05-13 14:32:07.465 [http-nio-8080-exec-3] DEBUG c.z.f.t.m.UserMapper.findByUsername      : <==      Total: 1
2026-05-13 14:32:07.466 [http-nio-8080-exec-1] DEBUG c.z.f.t.m.TransactionMapper.findById     : ==>  Preparing: SELECT t.*, c.name as categoryName FROM transactions t LEFT JOIN categories c ON t.category_id = c.id WHERE t.id = ? AND t.user_id = ?
2026-05-13 14:32:07.466 [http-nio-8080-exec-3] DEBUG c.z.f.t.m.TransactionMapper.findById     : ==>  Preparing: SELECT t.*, c.name as categoryName FROM transactions t LEFT JOIN categories c ON t.category_id = c.id WHERE t.id = ? AND t.user_id = ?
2026-05-13 14:32:07.466 [http-nio-8080-exec-1] DEBUG c.z.f.t.m.TransactionMapper.findById     : ==> Parameters: 35(Long), 1(Long)
2026-05-13 14:32:07.466 [http-nio-8080-exec-3] DEBUG c.z.f.t.m.TransactionMapper.findById     : ==> Parameters: 32(Long), 1(Long)
2026-05-13 14:32:07.467 [http-nio-8080-exec-5] DEBUG c.z.f.t.m.TransactionMapper.findById     : <==      Total: 1
2026-05-13 14:32:07.467 [http-nio-8080-exec-5] DEBUG c.z.f.t.service.MinioStorageService      : Fetching from MinIO [object=transactions/tx_34_5a52ade7-c821-45c6-ab22-3102d0e4851c.jpg]
2026-05-13 14:32:07.468 [http-nio-8080-exec-1] DEBUG c.z.f.t.m.TransactionMapper.findById     : <==      Total: 1
2026-05-13 14:32:07.468 [http-nio-8080-exec-3] DEBUG c.z.f.t.m.TransactionMapper.findById     : <==      Total: 1
2026-05-13 14:32:07.468 [http-nio-8080-exec-1] DEBUG c.z.f.t.service.MinioStorageService      : Fetching from MinIO [object=transactions/tx_35_54adc550-22d2-487e-9424-0cffda6194fa.jpg]
2026-05-13 14:32:07.468 [http-nio-8080-exec-3] DEBUG c.z.f.t.service.MinioStorageService      : Fetching from MinIO [object=transactions/tx_32_c1a4743c-947f-473d-99d3-029f801ad9f9.jpg]
2026-05-13 14:32:07.474 [http-nio-8080-exec-1] DEBUG c.z.f.t.service.MinioStorageService      : Fetched 30972 bytes from MinIO [object=transactions/tx_35_54adc550-22d2-487e-9424-0cffda6194fa.jpg]
2026-05-13 14:32:07.476 [http-nio-8080-exec-3] DEBUG c.z.f.t.service.MinioStorageService      : Fetched 30972 bytes from MinIO [object=transactions/tx_32_c1a4743c-947f-473d-99d3-029f801ad9f9.jpg]
2026-05-13 14:32:07.479 [http-nio-8080-exec-5] DEBUG c.z.f.t.service.MinioStorageService      : Fetched 894934 bytes from MinIO [object=transactions/tx_34_5a52ade7-c821-45c6-ab22-3102d0e4851c.jpg]
2026-05-13 14:32:07.482 [http-nio-8080-exec-4] DEBUG c.z.f.t.filter.JwtAuthenticationFilter   : Authenticated [user=Andy, uri=/api/transactions/31/image]
2026-05-13 14:32:07.483 [http-nio-8080-exec-4] DEBUG c.z.f.t.m.UserMapper.findByUsername      : ==>  Preparing: SELECT * FROM users WHERE username = ?
2026-05-13 14:32:07.483 [http-nio-8080-exec-4] DEBUG c.z.f.t.m.UserMapper.findByUsername      : ==> Parameters: Andy(String)
2026-05-13 14:32:07.485 [http-nio-8080-exec-4] DEBUG c.z.f.t.m.UserMapper.findByUsername      : <==      Total: 1
2026-05-13 14:32:07.485 [http-nio-8080-exec-4] DEBUG c.z.f.t.m.TransactionMapper.findById     : ==>  Preparing: SELECT t.*, c.name as categoryName FROM transactions t LEFT JOIN categories c ON t.category_id = c.id WHERE t.id = ? AND t.user_id = ?
2026-05-13 14:32:07.486 [http-nio-8080-exec-4] DEBUG c.z.f.t.m.TransactionMapper.findById     : ==> Parameters: 31(Long), 1(Long)
2026-05-13 14:32:07.487 [http-nio-8080-exec-4] DEBUG c.z.f.t.m.TransactionMapper.findById     : <==      Total: 1
2026-05-13 14:32:07.487 [http-nio-8080-exec-4] DEBUG c.z.f.t.service.MinioStorageService      : Fetching from MinIO [object=transactions/tx_31_9133791b-dffe-4d7b-84bf-05ddc9ad6ee9.jpg]
2026-05-13 14:32:07.496 [http-nio-8080-exec-4] DEBUG c.z.f.t.service.MinioStorageService      : Fetched 899766 bytes from MinIO [object=transactions/tx_31_9133791b-dffe-4d7b-84bf-05ddc9ad6ee9.jpg]
2026-05-13 14:32:08.118 [http-nio-8080-exec-6] DEBUG c.z.f.t.filter.JwtAuthenticationFilter   : Authenticated [user=Andy, uri=/api/transactions/30/image]
2026-05-13 14:32:08.120 [http-nio-8080-exec-6] DEBUG c.z.f.t.m.UserMapper.findByUsername      : ==>  Preparing: SELECT * FROM users WHERE username = ?
2026-05-13 14:32:08.120 [http-nio-8080-exec-6] DEBUG c.z.f.t.m.UserMapper.findByUsername      : ==> Parameters: Andy(String)
2026-05-13 14:32:08.121 [http-nio-8080-exec-6] DEBUG c.z.f.t.m.UserMapper.findByUsername      : <==      Total: 1
2026-05-13 14:32:08.122 [http-nio-8080-exec-6] DEBUG c.z.f.t.m.TransactionMapper.findById     : ==>  Preparing: SELECT t.*, c.name as categoryName FROM transactions t LEFT JOIN categories c ON t.category_id = c.id WHERE t.id = ? AND t.user_id = ?
2026-05-13 14:32:08.122 [http-nio-8080-exec-6] DEBUG c.z.f.t.m.TransactionMapper.findById     : ==> Parameters: 30(Long), 1(Long)
2026-05-13 14:32:08.123 [http-nio-8080-exec-6] DEBUG c.z.f.t.m.TransactionMapper.findById     : <==      Total: 1
2026-05-13 14:32:08.123 [http-nio-8080-exec-6] DEBUG c.z.f.t.service.MinioStorageService      : Fetching from MinIO [object=transactions/tx_30_6ec29c0d-e9f8-419c-a92f-cf622a2f63f2.jpg]
2026-05-13 14:32:08.128 [http-nio-8080-exec-6] DEBUG c.z.f.t.service.MinioStorageService      : Fetched 30972 bytes from MinIO [object=transactions/tx_30_6ec29c0d-e9f8-419c-a92f-cf622a2f63f2.jpg]
2026-05-13 14:32:08.564 [http-nio-8080-exec-1] DEBUG c.z.f.t.filter.JwtAuthenticationFilter   : Authenticated [user=Andy, uri=/api/transactions/29/image]
2026-05-13 14:32:08.565 [http-nio-8080-exec-1] DEBUG c.z.f.t.m.UserMapper.findByUsername      : ==>  Preparing: SELECT * FROM users WHERE username = ?
2026-05-13 14:32:08.565 [http-nio-8080-exec-1] DEBUG c.z.f.t.m.UserMapper.findByUsername      : ==> Parameters: Andy(String)
2026-05-13 14:32:08.567 [http-nio-8080-exec-1] DEBUG c.z.f.t.m.UserMapper.findByUsername      : <==      Total: 1
2026-05-13 14:32:08.567 [http-nio-8080-exec-1] DEBUG c.z.f.t.m.TransactionMapper.findById     : ==>  Preparing: SELECT t.*, c.name as categoryName FROM transactions t LEFT JOIN categories c ON t.category_id = c.id WHERE t.id = ? AND t.user_id = ?
2026-05-13 14:32:08.567 [http-nio-8080-exec-1] DEBUG c.z.f.t.m.TransactionMapper.findById     : ==> Parameters: 29(Long), 1(Long)
2026-05-13 14:32:08.569 [http-nio-8080-exec-1] DEBUG c.z.f.t.m.TransactionMapper.findById     : <==      Total: 1
2026-05-13 14:32:08.569 [http-nio-8080-exec-1] DEBUG c.z.f.t.service.MinioStorageService      : Fetching from MinIO [object=transactions/tx_29_b889f510-b781-4ea9-b387-5002b32483d9.jpg]
2026-05-13 14:32:08.575 [http-nio-8080-exec-1] DEBUG c.z.f.t.service.MinioStorageService      : Fetched 30972 bytes from MinIO [object=transactions/tx_29_b889f510-b781-4ea9-b387-5002b32483d9.jpg]
2026-05-13 14:32:16.803 [http-nio-8080-exec-3] DEBUG c.z.f.t.filter.JwtAuthenticationFilter   : Authenticated [user=Andy, uri=/api/transactions/28/image]
2026-05-13 14:32:16.804 [http-nio-8080-exec-3] DEBUG c.z.f.t.m.UserMapper.findByUsername      : ==>  Preparing: SELECT * FROM users WHERE username = ?
2026-05-13 14:32:16.805 [http-nio-8080-exec-3] DEBUG c.z.f.t.m.UserMapper.findByUsername      : ==> Parameters: Andy(String)
2026-05-13 14:32:16.806 [http-nio-8080-exec-3] DEBUG c.z.f.t.m.UserMapper.findByUsername      : <==      Total: 1
2026-05-13 14:32:16.806 [http-nio-8080-exec-3] DEBUG c.z.f.t.m.TransactionMapper.findById     : ==>  Preparing: SELECT t.*, c.name as categoryName FROM transactions t LEFT JOIN categories c ON t.category_id = c.id WHERE t.id = ? AND t.user_id = ?
2026-05-13 14:32:16.807 [http-nio-8080-exec-3] DEBUG c.z.f.t.m.TransactionMapper.findById     : ==> Parameters: 28(Long), 1(Long)
2026-05-13 14:32:16.808 [http-nio-8080-exec-3] DEBUG c.z.f.t.m.TransactionMapper.findById     : <==      Total: 1
2026-05-13 14:32:16.808 [http-nio-8080-exec-3] DEBUG c.z.f.t.service.MinioStorageService      : Fetching from MinIO [object=transactions/tx_28_c602e60e-2fb0-4bac-a365-cee60c0093d0.jpg]
2026-05-13 14:32:16.817 [http-nio-8080-exec-3] DEBUG c.z.f.t.service.MinioStorageService      : Fetched 899766 bytes from MinIO [object=transactions/tx_28_c602e60e-2fb0-4bac-a365-cee60c0093d0.jpg]
2026-05-13 14:32:17.019 [http-nio-8080-exec-5] DEBUG c.z.f.t.filter.JwtAuthenticationFilter   : Authenticated [user=Andy, uri=/api/transactions/24/image]
2026-05-13 14:32:17.020 [http-nio-8080-exec-5] DEBUG c.z.f.t.m.UserMapper.findByUsername      : ==>  Preparing: SELECT * FROM users WHERE username = ?
2026-05-13 14:32:17.021 [http-nio-8080-exec-5] DEBUG c.z.f.t.m.UserMapper.findByUsername      : ==> Parameters: Andy(String)
2026-05-13 14:32:17.022 [http-nio-8080-exec-5] DEBUG c.z.f.t.m.UserMapper.findByUsername      : <==      Total: 1
2026-05-13 14:32:17.022 [http-nio-8080-exec-5] DEBUG c.z.f.t.m.TransactionMapper.findById     : ==>  Preparing: SELECT t.*, c.name as categoryName FROM transactions t LEFT JOIN categories c ON t.category_id = c.id WHERE t.id = ? AND t.user_id = ?
2026-05-13 14:32:17.022 [http-nio-8080-exec-5] DEBUG c.z.f.t.m.TransactionMapper.findById     : ==> Parameters: 24(Long), 1(Long)
2026-05-13 14:32:17.023 [http-nio-8080-exec-5] DEBUG c.z.f.t.m.TransactionMapper.findById     : <==      Total: 1
2026-05-13 14:32:17.024 [http-nio-8080-exec-5] DEBUG c.z.f.t.service.MinioStorageService      : Fetching from MinIO [object=transactions/tx_24_764aca22-00c8-46b3-aeae-ac1451af4fa5.jpg]
2026-05-13 14:32:17.033 [http-nio-8080-exec-5] DEBUG c.z.f.t.service.MinioStorageService      : Fetched 1353592 bytes from MinIO [object=transactions/tx_24_764aca22-00c8-46b3-aeae-ac1451af4fa5.jpg]
2026-05-13 14:32:17.651 [http-nio-8080-exec-4] DEBUG c.z.f.t.filter.JwtAuthenticationFilter   : Authenticated [user=Andy, uri=/api/transactions/23/image]
2026-05-13 14:32:17.653 [http-nio-8080-exec-4] DEBUG c.z.f.t.m.UserMapper.findByUsername      : ==>  Preparing: SELECT * FROM users WHERE username = ?
2026-05-13 14:32:17.653 [http-nio-8080-exec-4] DEBUG c.z.f.t.m.UserMapper.findByUsername      : ==> Parameters: Andy(String)
2026-05-13 14:32:17.654 [http-nio-8080-exec-4] DEBUG c.z.f.t.m.UserMapper.findByUsername      : <==      Total: 1
2026-05-13 14:32:17.655 [http-nio-8080-exec-4] DEBUG c.z.f.t.m.TransactionMapper.findById     : ==>  Preparing: SELECT t.*, c.name as categoryName FROM transactions t LEFT JOIN categories c ON t.category_id = c.id WHERE t.id = ? AND t.user_id = ?
2026-05-13 14:32:17.655 [http-nio-8080-exec-4] DEBUG c.z.f.t.m.TransactionMapper.findById     : ==> Parameters: 23(Long), 1(Long)
2026-05-13 14:32:17.656 [http-nio-8080-exec-4] DEBUG c.z.f.t.m.TransactionMapper.findById     : <==      Total: 1
2026-05-13 14:32:17.656 [http-nio-8080-exec-4] DEBUG c.z.f.t.service.MinioStorageService      : Fetching from MinIO [object=transactions/tx_23_986c4de8-9af1-4032-9e43-f499a6d375a3.jpg]
2026-05-13 14:32:17.665 [http-nio-8080-exec-4] DEBUG c.z.f.t.service.MinioStorageService      : Fetched 866644 bytes from MinIO [object=transactions/tx_23_986c4de8-9af1-4032-9e43-f499a6d375a3.jpg]
2026-05-13 14:32:19.130 [http-nio-8080-exec-8] DEBUG c.z.f.t.filter.JwtAuthenticationFilter   : Authenticated [user=Andy, uri=/api/transactions/34/image]
2026-05-13 14:32:19.130 [http-nio-8080-exec-6] DEBUG c.z.f.t.filter.JwtAuthenticationFilter   : Authenticated [user=Andy, uri=/api/transactions/33/image]
2026-05-13 14:32:19.132 [http-nio-8080-exec-8] DEBUG c.z.f.t.m.UserMapper.findByUsername      : ==>  Preparing: SELECT * FROM users WHERE username = ?
2026-05-13 14:32:19.132 [http-nio-8080-exec-6] DEBUG c.z.f.t.m.UserMapper.findByUsername      : ==>  Preparing: SELECT * FROM users WHERE username = ?
2026-05-13 14:32:19.132 [http-nio-8080-exec-6] DEBUG c.z.f.t.m.UserMapper.findByUsername      : ==> Parameters: Andy(String)
2026-05-13 14:32:19.132 [http-nio-8080-exec-8] DEBUG c.z.f.t.m.UserMapper.findByUsername      : ==> Parameters: Andy(String)
2026-05-13 14:32:19.133 [http-nio-8080-exec-8] DEBUG c.z.f.t.m.UserMapper.findByUsername      : <==      Total: 1
2026-05-13 14:32:19.133 [http-nio-8080-exec-6] DEBUG c.z.f.t.m.UserMapper.findByUsername      : <==      Total: 1
2026-05-13 14:32:19.134 [http-nio-8080-exec-6] DEBUG c.z.f.t.m.TransactionMapper.findById     : ==>  Preparing: SELECT t.*, c.name as categoryName FROM transactions t LEFT JOIN categories c ON t.category_id = c.id WHERE t.id = ? AND t.user_id = ?
2026-05-13 14:32:19.134 [http-nio-8080-exec-8] DEBUG c.z.f.t.m.TransactionMapper.findById     : ==>  Preparing: SELECT t.*, c.name as categoryName FROM transactions t LEFT JOIN categories c ON t.category_id = c.id WHERE t.id = ? AND t.user_id = ?
2026-05-13 14:32:19.134 [http-nio-8080-exec-6] DEBUG c.z.f.t.m.TransactionMapper.findById     : ==> Parameters: 33(Long), 1(Long)
2026-05-13 14:32:19.134 [http-nio-8080-exec-8] DEBUG c.z.f.t.m.TransactionMapper.findById     : ==> Parameters: 34(Long), 1(Long)
2026-05-13 14:32:19.136 [http-nio-8080-exec-6] DEBUG c.z.f.t.m.TransactionMapper.findById     : <==      Total: 1
2026-05-13 14:32:19.136 [http-nio-8080-exec-8] DEBUG c.z.f.t.m.TransactionMapper.findById     : <==      Total: 1
2026-05-13 14:32:19.136 [http-nio-8080-exec-6] DEBUG c.z.f.t.service.MinioStorageService      : Fetching from MinIO [object=transactions/tx_33_d538c701-cf2d-4e52-9974-7010187a4d7b.jpg]
2026-05-13 14:32:19.136 [http-nio-8080-exec-8] DEBUG c.z.f.t.service.MinioStorageService      : Fetching from MinIO [object=transactions/tx_34_5a52ade7-c821-45c6-ab22-3102d0e4851c.jpg]
2026-05-13 14:32:19.150 [http-nio-8080-exec-8] DEBUG c.z.f.t.service.MinioStorageService      : Fetched 894934 bytes from MinIO [object=transactions/tx_34_5a52ade7-c821-45c6-ab22-3102d0e4851c.jpg]
2026-05-13 14:32:19.149 [http-nio-8080-exec-6] DEBUG c.z.f.t.service.MinioStorageService      : Fetched 894934 bytes from MinIO [object=transactions/tx_33_d538c701-cf2d-4e52-9974-7010187a4d7b.jpg]
2026-05-13 14:32:20.865 [http-nio-8080-exec-3] DEBUG c.z.f.t.filter.JwtAuthenticationFilter   : Authenticated [user=Andy, uri=/api/transactions/28/image]
2026-05-13 14:32:20.867 [http-nio-8080-exec-3] DEBUG c.z.f.t.m.UserMapper.findByUsername      : ==>  Preparing: SELECT * FROM users WHERE username = ?
2026-05-13 14:32:20.868 [http-nio-8080-exec-3] DEBUG c.z.f.t.m.UserMapper.findByUsername      : ==> Parameters: Andy(String)
2026-05-13 14:32:20.869 [http-nio-8080-exec-3] DEBUG c.z.f.t.m.UserMapper.findByUsername      : <==      Total: 1
2026-05-13 14:32:20.869 [http-nio-8080-exec-3] DEBUG c.z.f.t.m.TransactionMapper.findById     : ==>  Preparing: SELECT t.*, c.name as categoryName FROM transactions t LEFT JOIN categories c ON t.category_id = c.id WHERE t.id = ? AND t.user_id = ?
2026-05-13 14:32:20.870 [http-nio-8080-exec-3] DEBUG c.z.f.t.m.TransactionMapper.findById     : ==> Parameters: 28(Long), 1(Long)
2026-05-13 14:32:20.871 [http-nio-8080-exec-3] DEBUG c.z.f.t.m.TransactionMapper.findById     : <==      Total: 1
2026-05-13 14:32:20.871 [http-nio-8080-exec-3] DEBUG c.z.f.t.service.MinioStorageService      : Fetching from MinIO [object=transactions/tx_28_c602e60e-2fb0-4bac-a365-cee60c0093d0.jpg]
2026-05-13 14:32:20.878 [http-nio-8080-exec-3] DEBUG c.z.f.t.service.MinioStorageService      : Fetched 899766 bytes from MinIO [object=transactions/tx_28_c602e60e-2fb0-4bac-a365-cee60c0093d0.jpg]
2026-05-13 14:32:22.528 [http-nio-8080-exec-5] DEBUG c.z.f.t.filter.JwtAuthenticationFilter   : Authenticated [user=Andy, uri=/api/transactions/28/image]
2026-05-13 14:32:22.530 [http-nio-8080-exec-5] DEBUG c.z.f.t.m.UserMapper.findByUsername      : ==>  Preparing: SELECT * FROM users WHERE username = ?
2026-05-13 14:32:22.530 [http-nio-8080-exec-5] DEBUG c.z.f.t.m.UserMapper.findByUsername      : ==> Parameters: Andy(String)
2026-05-13 14:32:22.531 [http-nio-8080-exec-5] DEBUG c.z.f.t.m.UserMapper.findByUsername      : <==      Total: 1
2026-05-13 14:32:22.532 [http-nio-8080-exec-5] DEBUG c.z.f.t.m.TransactionMapper.findById     : ==>  Preparing: SELECT t.*, c.name as categoryName FROM transactions t LEFT JOIN categories c ON t.category_id = c.id WHERE t.id = ? AND t.user_id = ?
2026-05-13 14:32:22.532 [http-nio-8080-exec-5] DEBUG c.z.f.t.m.TransactionMapper.findById     : ==> Parameters: 28(Long), 1(Long)
2026-05-13 14:32:22.533 [http-nio-8080-exec-5] DEBUG c.z.f.t.m.TransactionMapper.findById     : <==      Total: 1
2026-05-13 14:32:22.534 [http-nio-8080-exec-5] DEBUG c.z.f.t.service.MinioStorageService      : Fetching from MinIO [object=transactions/tx_28_c602e60e-2fb0-4bac-a365-cee60c0093d0.jpg]
2026-05-13 14:32:22.540 [http-nio-8080-exec-5] DEBUG c.z.f.t.service.MinioStorageService      : Fetched 899766 bytes from MinIO [object=transactions/tx_28_c602e60e-2fb0-4bac-a365-cee60c0093d0.jpg]
2026-05-13 14:32:22.587 [http-nio-8080-exec-4] DEBUG c.z.f.t.filter.JwtAuthenticationFilter   : Authenticated [user=Andy, uri=/api/transactions/24/image]
2026-05-13 14:32:22.587 [http-nio-8080-exec-4] DEBUG c.z.f.t.m.UserMapper.findByUsername      : ==>  Preparing: SELECT * FROM users WHERE username = ?
2026-05-13 14:32:22.587 [http-nio-8080-exec-4] DEBUG c.z.f.t.m.UserMapper.findByUsername      : ==> Parameters: Andy(String)
2026-05-13 14:32:22.589 [http-nio-8080-exec-4] DEBUG c.z.f.t.m.UserMapper.findByUsername      : <==      Total: 1
2026-05-13 14:32:22.589 [http-nio-8080-exec-4] DEBUG c.z.f.t.m.TransactionMapper.findById     : ==>  Preparing: SELECT t.*, c.name as categoryName FROM transactions t LEFT JOIN categories c ON t.category_id = c.id WHERE t.id = ? AND t.user_id = ?
2026-05-13 14:32:22.589 [http-nio-8080-exec-4] DEBUG c.z.f.t.m.TransactionMapper.findById     : ==> Parameters: 24(Long), 1(Long)
2026-05-13 14:32:22.591 [http-nio-8080-exec-4] DEBUG c.z.f.t.m.TransactionMapper.findById     : <==      Total: 1
2026-05-13 14:32:22.591 [http-nio-8080-exec-4] DEBUG c.z.f.t.service.MinioStorageService      : Fetching from MinIO [object=transactions/tx_24_764aca22-00c8-46b3-aeae-ac1451af4fa5.jpg]
2026-05-13 14:32:22.599 [http-nio-8080-exec-4] DEBUG c.z.f.t.service.MinioStorageService      : Fetched 1353592 bytes from MinIO [object=transactions/tx_24_764aca22-00c8-46b3-aeae-ac1451af4fa5.jpg]
2026-05-13 14:32:22.701 [http-nio-8080-exec-6] DEBUG c.z.f.t.filter.JwtAuthenticationFilter   : Authenticated [user=Andy, uri=/api/transactions/23/image]
2026-05-13 14:32:22.703 [http-nio-8080-exec-6] DEBUG c.z.f.t.m.UserMapper.findByUsername      : ==>  Preparing: SELECT * FROM users WHERE username = ?
2026-05-13 14:32:22.703 [http-nio-8080-exec-6] DEBUG c.z.f.t.m.UserMapper.findByUsername      : ==> Parameters: Andy(String)
2026-05-13 14:32:22.704 [http-nio-8080-exec-6] DEBUG c.z.f.t.m.UserMapper.findByUsername      : <==      Total: 1
2026-05-13 14:32:22.704 [http-nio-8080-exec-6] DEBUG c.z.f.t.m.TransactionMapper.findById     : ==>  Preparing: SELECT t.*, c.name as categoryName FROM transactions t LEFT JOIN categories c ON t.category_id = c.id WHERE t.id = ? AND t.user_id = ?
2026-05-13 14:32:22.705 [http-nio-8080-exec-6] DEBUG c.z.f.t.m.TransactionMapper.findById     : ==> Parameters: 23(Long), 1(Long)
2026-05-13 14:32:22.706 [http-nio-8080-exec-6] DEBUG c.z.f.t.m.TransactionMapper.findById     : <==      Total: 1
2026-05-13 14:32:22.706 [http-nio-8080-exec-6] DEBUG c.z.f.t.service.MinioStorageService      : Fetching from MinIO [object=transactions/tx_23_986c4de8-9af1-4032-9e43-f499a6d375a3.jpg]
2026-05-13 14:32:22.713 [http-nio-8080-exec-6] DEBUG c.z.f.t.service.MinioStorageService      : Fetched 866644 bytes from MinIO [object=transactions/tx_23_986c4de8-9af1-4032-9e43-f499a6d375a3.jpg]
2026-05-13 14:32:24.333 [http-nio-8080-exec-1] DEBUG c.z.f.t.filter.JwtAuthenticationFilter   : Authenticated [user=Andy, uri=/api/transactions/31/image]
2026-05-13 14:32:24.333 [http-nio-8080-exec-2] DEBUG c.z.f.t.filter.JwtAuthenticationFilter   : Authenticated [user=Andy, uri=/api/transactions/33/image]
2026-05-13 14:32:24.334 [http-nio-8080-exec-1] DEBUG c.z.f.t.m.UserMapper.findByUsername      : ==>  Preparing: SELECT * FROM users WHERE username = ?
2026-05-13 14:32:24.334 [http-nio-8080-exec-2] DEBUG c.z.f.t.m.UserMapper.findByUsername      : ==>  Preparing: SELECT * FROM users WHERE username = ?
2026-05-13 14:32:24.334 [http-nio-8080-exec-1] DEBUG c.z.f.t.m.UserMapper.findByUsername      : ==> Parameters: Andy(String)
2026-05-13 14:32:24.334 [http-nio-8080-exec-2] DEBUG c.z.f.t.m.UserMapper.findByUsername      : ==> Parameters: Andy(String)
2026-05-13 14:32:24.335 [http-nio-8080-exec-2] DEBUG c.z.f.t.m.UserMapper.findByUsername      : <==      Total: 1
2026-05-13 14:32:24.335 [http-nio-8080-exec-1] DEBUG c.z.f.t.m.UserMapper.findByUsername      : <==      Total: 1
2026-05-13 14:32:24.336 [http-nio-8080-exec-1] DEBUG c.z.f.t.m.TransactionMapper.findById     : ==>  Preparing: SELECT t.*, c.name as categoryName FROM transactions t LEFT JOIN categories c ON t.category_id = c.id WHERE t.id = ? AND t.user_id = ?
2026-05-13 14:32:24.336 [http-nio-8080-exec-2] DEBUG c.z.f.t.m.TransactionMapper.findById     : ==>  Preparing: SELECT t.*, c.name as categoryName FROM transactions t LEFT JOIN categories c ON t.category_id = c.id WHERE t.id = ? AND t.user_id = ?
2026-05-13 14:32:24.336 [http-nio-8080-exec-2] DEBUG c.z.f.t.m.TransactionMapper.findById     : ==> Parameters: 33(Long), 1(Long)
2026-05-13 14:32:24.336 [http-nio-8080-exec-1] DEBUG c.z.f.t.m.TransactionMapper.findById     : ==> Parameters: 31(Long), 1(Long)
2026-05-13 14:32:24.337 [http-nio-8080-exec-2] DEBUG c.z.f.t.m.TransactionMapper.findById     : <==      Total: 1
2026-05-13 14:32:24.337 [http-nio-8080-exec-1] DEBUG c.z.f.t.m.TransactionMapper.findById     : <==      Total: 1
2026-05-13 14:32:24.337 [http-nio-8080-exec-2] DEBUG c.z.f.t.service.MinioStorageService      : Fetching from MinIO [object=transactions/tx_33_d538c701-cf2d-4e52-9974-7010187a4d7b.jpg]
2026-05-13 14:32:24.337 [http-nio-8080-exec-1] DEBUG c.z.f.t.service.MinioStorageService      : Fetching from MinIO [object=transactions/tx_31_9133791b-dffe-4d7b-84bf-05ddc9ad6ee9.jpg]
2026-05-13 14:32:24.344 [http-nio-8080-exec-2] DEBUG c.z.f.t.service.MinioStorageService      : Fetched 894934 bytes from MinIO [object=transactions/tx_33_d538c701-cf2d-4e52-9974-7010187a4d7b.jpg]
2026-05-13 14:32:24.345 [http-nio-8080-exec-1] DEBUG c.z.f.t.service.MinioStorageService      : Fetched 899766 bytes from MinIO [object=transactions/tx_31_9133791b-dffe-4d7b-84bf-05ddc9ad6ee9.jpg]
2026-05-13 14:32:24.398 [http-nio-8080-exec-5] DEBUG c.z.f.t.filter.JwtAuthenticationFilter   : Authenticated [user=Andy, uri=/api/transactions/34/image]
2026-05-13 14:32:24.398 [http-nio-8080-exec-5] DEBUG c.z.f.t.m.UserMapper.findByUsername      : ==>  Preparing: SELECT * FROM users WHERE username = ?
2026-05-13 14:32:24.399 [http-nio-8080-exec-5] DEBUG c.z.f.t.m.UserMapper.findByUsername      : ==> Parameters: Andy(String)
2026-05-13 14:32:24.400 [http-nio-8080-exec-5] DEBUG c.z.f.t.m.UserMapper.findByUsername      : <==      Total: 1
2026-05-13 14:32:24.401 [http-nio-8080-exec-5] DEBUG c.z.f.t.m.TransactionMapper.findById     : ==>  Preparing: SELECT t.*, c.name as categoryName FROM transactions t LEFT JOIN categories c ON t.category_id = c.id WHERE t.id = ? AND t.user_id = ?
2026-05-13 14:32:24.401 [http-nio-8080-exec-5] DEBUG c.z.f.t.m.TransactionMapper.findById     : ==> Parameters: 34(Long), 1(Long)
2026-05-13 14:32:24.403 [http-nio-8080-exec-5] DEBUG c.z.f.t.m.TransactionMapper.findById     : <==      Total: 1
2026-05-13 14:32:24.403 [http-nio-8080-exec-5] DEBUG c.z.f.t.service.MinioStorageService      : Fetching from MinIO [object=transactions/tx_34_5a52ade7-c821-45c6-ab22-3102d0e4851c.jpg]
2026-05-13 14:32:24.412 [http-nio-8080-exec-5] DEBUG c.z.f.t.service.MinioStorageService      : Fetched 894934 bytes from MinIO [object=transactions/tx_34_5a52ade7-c821-45c6-ab22-3102d0e4851c.jpg]
2026-05-13 14:32:25.313 [http-nio-8080-exec-4] DEBUG c.z.f.t.filter.JwtAuthenticationFilter   : Authenticated [user=Andy, uri=/api/transactions/trends]
2026-05-13 14:32:25.315 [http-nio-8080-exec-4] DEBUG c.z.f.t.m.UserMapper.findByUsername      : ==>  Preparing: SELECT * FROM users WHERE username = ?
2026-05-13 14:32:25.315 [http-nio-8080-exec-4] DEBUG c.z.f.t.m.UserMapper.findByUsername      : ==> Parameters: Andy(String)
2026-05-13 14:32:25.317 [http-nio-8080-exec-4] DEBUG c.z.f.t.m.UserMapper.findByUsername      : <==      Total: 1
2026-05-13 14:32:25.319 [http-nio-8080-exec-4] DEBUG c.z.f.t.m.T.getTimeSeriesData            : ==>  Preparing: SELECT DATE_FORMAT(date, '%Y-%m') as timeLabel, SUM(ABS(amount)) as total FROM transactions WHERE user_id = ? AND type = ? GROUP BY timeLabel ORDER BY timeLabel ASC
2026-05-13 14:32:25.319 [http-nio-8080-exec-4] DEBUG c.z.f.t.m.T.getTimeSeriesData            : ==> Parameters: 1(Long), INCOME(String)
2026-05-13 14:32:25.320 [http-nio-8080-exec-4] DEBUG c.z.f.t.m.T.getTimeSeriesData            : <==      Total: 4
2026-05-13 14:32:25.921 [http-nio-8080-exec-6] DEBUG c.z.f.t.filter.JwtAuthenticationFilter   : Authenticated [user=Andy, uri=/api/transactions/trends]
2026-05-13 14:32:25.923 [http-nio-8080-exec-6] DEBUG c.z.f.t.m.UserMapper.findByUsername      : ==>  Preparing: SELECT * FROM users WHERE username = ?
2026-05-13 14:32:25.923 [http-nio-8080-exec-6] DEBUG c.z.f.t.m.UserMapper.findByUsername      : ==> Parameters: Andy(String)
2026-05-13 14:32:25.924 [http-nio-8080-exec-6] DEBUG c.z.f.t.m.UserMapper.findByUsername      : <==      Total: 1
2026-05-13 14:32:25.926 [http-nio-8080-exec-6] DEBUG c.z.f.t.m.T.getTimeSeriesData            : ==>  Preparing: SELECT DATE_FORMAT(date, '%Y-%m') as timeLabel, SUM(ABS(amount)) as total FROM transactions WHERE user_id = ? AND type = ? GROUP BY timeLabel ORDER BY timeLabel ASC
2026-05-13 14:32:25.927 [http-nio-8080-exec-6] DEBUG c.z.f.t.m.T.getTimeSeriesData            : ==> Parameters: 1(Long), EXPENSE(String)
2026-05-13 14:32:25.928 [http-nio-8080-exec-6] DEBUG c.z.f.t.m.T.getTimeSeriesData            : <==      Total: 5
2026-05-13 14:32:26.479 [http-nio-8080-exec-2] DEBUG c.z.f.t.filter.JwtAuthenticationFilter   : Authenticated [user=Andy, uri=/api/transactions/summary]
2026-05-13 14:32:26.480 [http-nio-8080-exec-2] DEBUG c.z.f.t.m.UserMapper.findByUsername      : ==>  Preparing: SELECT * FROM users WHERE username = ?
2026-05-13 14:32:26.481 [http-nio-8080-exec-2] DEBUG c.z.f.t.m.UserMapper.findByUsername      : ==> Parameters: Andy(String)
2026-05-13 14:32:26.482 [http-nio-8080-exec-2] DEBUG c.z.f.t.m.UserMapper.findByUsername      : <==      Total: 1
2026-05-13 14:32:27.949 [http-nio-8080-exec-3] DEBUG c.z.f.t.filter.JwtAuthenticationFilter   : Authenticated [user=Andy, uri=/api/profile]
2026-05-13 14:32:27.951 [http-nio-8080-exec-3] DEBUG c.z.f.t.m.UserMapper.findByUsername      : ==>  Preparing: SELECT * FROM users WHERE username = ?
2026-05-13 14:32:27.951 [http-nio-8080-exec-3] DEBUG c.z.f.t.m.UserMapper.findByUsername      : ==> Parameters: Andy(String)
2026-05-13 14:32:27.953 [http-nio-8080-exec-3] DEBUG c.z.f.t.m.UserMapper.findByUsername      : <==      Total: 1
2026-05-13 14:32:28.373 [http-nio-8080-exec-5] DEBUG c.z.f.t.filter.JwtAuthenticationFilter   : Authenticated [user=Andy, uri=/api/profile/avatar]
2026-05-13 14:32:28.375 [http-nio-8080-exec-5] DEBUG c.z.f.t.m.UserMapper.findByUsername      : ==>  Preparing: SELECT * FROM users WHERE username = ?
2026-05-13 14:32:28.375 [http-nio-8080-exec-5] DEBUG c.z.f.t.m.UserMapper.findByUsername      : ==> Parameters: Andy(String)
2026-05-13 14:32:28.376 [http-nio-8080-exec-5] DEBUG c.z.f.t.m.UserMapper.findByUsername      : <==      Total: 1
2026-05-13 14:32:28.376 [http-nio-8080-exec-5] DEBUG c.z.f.t.service.MinioStorageService      : Fetching from MinIO [object=avatars/avatar_1_757382f5-a0cf-4680-98f3-3c97415fc2c7.jpg]
2026-05-13 14:32:28.390 [http-nio-8080-exec-5] DEBUG c.z.f.t.service.MinioStorageService      : Fetched 1353592 bytes from MinIO [object=avatars/avatar_1_757382f5-a0cf-4680-98f3-3c97415fc2c7.jpg]
2026-05-13 14:32:36.037 [http-nio-8080-exec-10] DEBUG c.z.f.t.filter.JwtAuthenticationFilter   : Authenticated [user=Andy, uri=/api/transactions/history]
2026-05-13 14:32:36.037 [http-nio-8080-exec-4] DEBUG c.z.f.t.filter.JwtAuthenticationFilter   : Authenticated [user=Andy, uri=/api/categories]
2026-05-13 14:32:36.038 [http-nio-8080-exec-10] DEBUG c.z.f.t.m.UserMapper.findByUsername      : ==>  Preparing: SELECT * FROM users WHERE username = ?
2026-05-13 14:32:36.038 [http-nio-8080-exec-4] DEBUG c.z.f.t.m.UserMapper.findByUsername      : ==>  Preparing: SELECT * FROM users WHERE username = ?
2026-05-13 14:32:36.038 [http-nio-8080-exec-10] DEBUG c.z.f.t.m.UserMapper.findByUsername      : ==> Parameters: Andy(String)
2026-05-13 14:32:36.038 [http-nio-8080-exec-4] DEBUG c.z.f.t.m.UserMapper.findByUsername      : ==> Parameters: Andy(String)
2026-05-13 14:32:36.040 [http-nio-8080-exec-10] DEBUG c.z.f.t.m.UserMapper.findByUsername      : <==      Total: 1
2026-05-13 14:32:36.040 [http-nio-8080-exec-4] DEBUG c.z.f.t.m.UserMapper.findByUsername      : <==      Total: 1
2026-05-13 14:32:36.040 [http-nio-8080-exec-10] DEBUG c.z.f.t.m.T.findAllFiltered              : ==>  Preparing: SELECT t.*, c.name as categoryName FROM transactions t LEFT JOIN categories c ON t.category_id = c.id WHERE t.user_id = ? ORDER BY t.date DESC, t.id DESC LIMIT ? OFFSET ?
2026-05-13 14:32:36.041 [http-nio-8080-exec-10] DEBUG c.z.f.t.m.T.findAllFiltered              : ==> Parameters: 1(Long), 15(Integer), 0(Integer)
2026-05-13 14:32:36.045 [http-nio-8080-exec-10] DEBUG c.z.f.t.m.T.findAllFiltered              : <==      Total: 15
2026-05-13 14:32:36.045 [http-nio-8080-exec-10] DEBUG c.z.f.t.m.T.countFiltered                : ==>  Preparing: SELECT COUNT(*) FROM transactions t WHERE user_id = ?
2026-05-13 14:32:36.046 [http-nio-8080-exec-10] DEBUG c.z.f.t.m.T.countFiltered                : ==> Parameters: 1(Long)
2026-05-13 14:32:36.047 [http-nio-8080-exec-10] DEBUG c.z.f.t.m.T.countFiltered                : <==      Total: 1
2026-05-13 14:32:36.047 [http-nio-8080-exec-10] DEBUG c.z.f.t.c.TransactionController          : History query [userId=1, page=0, size=15, total=32]
2026-05-13 14:32:36.376 [http-nio-8080-exec-2] DEBUG c.z.f.t.filter.JwtAuthenticationFilter   : Authenticated [user=Andy, uri=/api/transactions/34/image]
2026-05-13 14:32:36.376 [http-nio-8080-exec-2] DEBUG c.z.f.t.m.UserMapper.findByUsername      : ==>  Preparing: SELECT * FROM users WHERE username = ?
2026-05-13 14:32:36.377 [http-nio-8080-exec-2] DEBUG c.z.f.t.m.UserMapper.findByUsername      : ==> Parameters: Andy(String)
2026-05-13 14:32:36.378 [http-nio-8080-exec-2] DEBUG c.z.f.t.m.UserMapper.findByUsername      : <==      Total: 1
2026-05-13 14:32:36.378 [http-nio-8080-exec-2] DEBUG c.z.f.t.m.TransactionMapper.findById     : ==>  Preparing: SELECT t.*, c.name as categoryName FROM transactions t LEFT JOIN categories c ON t.category_id = c.id WHERE t.id = ? AND t.user_id = ?
2026-05-13 14:32:36.378 [http-nio-8080-exec-2] DEBUG c.z.f.t.m.TransactionMapper.findById     : ==> Parameters: 34(Long), 1(Long)
2026-05-13 14:32:36.380 [http-nio-8080-exec-2] DEBUG c.z.f.t.m.TransactionMapper.findById     : <==      Total: 1
2026-05-13 14:32:36.380 [http-nio-8080-exec-2] DEBUG c.z.f.t.service.MinioStorageService      : Fetching from MinIO [object=transactions/tx_34_5a52ade7-c821-45c6-ab22-3102d0e4851c.jpg]
2026-05-13 14:32:36.387 [http-nio-8080-exec-2] DEBUG c.z.f.t.service.MinioStorageService      : Fetched 894934 bytes from MinIO [object=transactions/tx_34_5a52ade7-c821-45c6-ab22-3102d0e4851c.jpg]
2026-05-13 14:32:36.583 [http-nio-8080-exec-7] DEBUG c.z.f.t.filter.JwtAuthenticationFilter   : Authenticated [user=Andy, uri=/api/transactions/31/image]
2026-05-13 14:32:36.583 [http-nio-8080-exec-3] DEBUG c.z.f.t.filter.JwtAuthenticationFilter   : Authenticated [user=Andy, uri=/api/transactions/33/image]
2026-05-13 14:32:36.584 [http-nio-8080-exec-7] DEBUG c.z.f.t.m.UserMapper.findByUsername      : ==>  Preparing: SELECT * FROM users WHERE username = ?
2026-05-13 14:32:36.584 [http-nio-8080-exec-7] DEBUG c.z.f.t.m.UserMapper.findByUsername      : ==> Parameters: Andy(String)
2026-05-13 14:32:36.584 [http-nio-8080-exec-3] DEBUG c.z.f.t.m.UserMapper.findByUsername      : ==>  Preparing: SELECT * FROM users WHERE username = ?
2026-05-13 14:32:36.584 [http-nio-8080-exec-3] DEBUG c.z.f.t.m.UserMapper.findByUsername      : ==> Parameters: Andy(String)
2026-05-13 14:32:36.585 [http-nio-8080-exec-7] DEBUG c.z.f.t.m.UserMapper.findByUsername      : <==      Total: 1
2026-05-13 14:32:36.585 [http-nio-8080-exec-7] DEBUG c.z.f.t.m.TransactionMapper.findById     : ==>  Preparing: SELECT t.*, c.name as categoryName FROM transactions t LEFT JOIN categories c ON t.category_id = c.id WHERE t.id = ? AND t.user_id = ?
2026-05-13 14:32:36.585 [http-nio-8080-exec-3] DEBUG c.z.f.t.m.UserMapper.findByUsername      : <==      Total: 1
2026-05-13 14:32:36.586 [http-nio-8080-exec-7] DEBUG c.z.f.t.m.TransactionMapper.findById     : ==> Parameters: 31(Long), 1(Long)
2026-05-13 14:32:36.586 [http-nio-8080-exec-3] DEBUG c.z.f.t.m.TransactionMapper.findById     : ==>  Preparing: SELECT t.*, c.name as categoryName FROM transactions t LEFT JOIN categories c ON t.category_id = c.id WHERE t.id = ? AND t.user_id = ?
2026-05-13 14:32:36.586 [http-nio-8080-exec-3] DEBUG c.z.f.t.m.TransactionMapper.findById     : ==> Parameters: 33(Long), 1(Long)
2026-05-13 14:32:36.587 [http-nio-8080-exec-3] DEBUG c.z.f.t.m.TransactionMapper.findById     : <==      Total: 1
2026-05-13 14:32:36.587 [http-nio-8080-exec-7] DEBUG c.z.f.t.m.TransactionMapper.findById     : <==      Total: 1
2026-05-13 14:32:36.588 [http-nio-8080-exec-3] DEBUG c.z.f.t.service.MinioStorageService      : Fetching from MinIO [object=transactions/tx_33_d538c701-cf2d-4e52-9974-7010187a4d7b.jpg]
2026-05-13 14:32:36.588 [http-nio-8080-exec-7] DEBUG c.z.f.t.service.MinioStorageService      : Fetching from MinIO [object=transactions/tx_31_9133791b-dffe-4d7b-84bf-05ddc9ad6ee9.jpg]
2026-05-13 14:32:36.596 [http-nio-8080-exec-3] DEBUG c.z.f.t.service.MinioStorageService      : Fetched 894934 bytes from MinIO [object=transactions/tx_33_d538c701-cf2d-4e52-9974-7010187a4d7b.jpg]
2026-05-13 14:32:36.599 [http-nio-8080-exec-7] DEBUG c.z.f.t.service.MinioStorageService      : Fetched 899766 bytes from MinIO [object=transactions/tx_31_9133791b-dffe-4d7b-84bf-05ddc9ad6ee9.jpg]
2026-05-13 14:32:36.782 [http-nio-8080-exec-4] DEBUG c.z.f.t.filter.JwtAuthenticationFilter   : Authenticated [user=Andy, uri=/api/categories]
2026-05-13 14:32:36.783 [http-nio-8080-exec-4] DEBUG c.z.f.t.m.UserMapper.findByUsername      : ==>  Preparing: SELECT * FROM users WHERE username = ?
2026-05-13 14:32:36.783 [http-nio-8080-exec-4] DEBUG c.z.f.t.m.UserMapper.findByUsername      : ==> Parameters: Andy(String)
2026-05-13 14:32:36.785 [http-nio-8080-exec-4] DEBUG c.z.f.t.m.UserMapper.findByUsername      : <==      Total: 1
2026-05-13 14:32:39.022 [http-nio-8080-exec-10] DEBUG c.z.f.t.filter.JwtAuthenticationFilter   : Authenticated [user=Andy, uri=/api/transactions/28/image]
2026-05-13 14:32:39.024 [http-nio-8080-exec-10] DEBUG c.z.f.t.m.UserMapper.findByUsername      : ==>  Preparing: SELECT * FROM users WHERE username = ?
2026-05-13 14:32:39.024 [http-nio-8080-exec-10] DEBUG c.z.f.t.m.UserMapper.findByUsername      : ==> Parameters: Andy(String)
2026-05-13 14:32:39.025 [http-nio-8080-exec-10] DEBUG c.z.f.t.m.UserMapper.findByUsername      : <==      Total: 1
2026-05-13 14:32:39.025 [http-nio-8080-exec-10] DEBUG c.z.f.t.m.TransactionMapper.findById     : ==>  Preparing: SELECT t.*, c.name as categoryName FROM transactions t LEFT JOIN categories c ON t.category_id = c.id WHERE t.id = ? AND t.user_id = ?
2026-05-13 14:32:39.026 [http-nio-8080-exec-10] DEBUG c.z.f.t.m.TransactionMapper.findById     : ==> Parameters: 28(Long), 1(Long)
2026-05-13 14:32:39.027 [http-nio-8080-exec-10] DEBUG c.z.f.t.m.TransactionMapper.findById     : <==      Total: 1
2026-05-13 14:32:39.027 [http-nio-8080-exec-10] DEBUG c.z.f.t.service.MinioStorageService      : Fetching from MinIO [object=transactions/tx_28_c602e60e-2fb0-4bac-a365-cee60c0093d0.jpg]
2026-05-13 14:32:39.033 [http-nio-8080-exec-10] DEBUG c.z.f.t.service.MinioStorageService      : Fetched 899766 bytes from MinIO [object=transactions/tx_28_c602e60e-2fb0-4bac-a365-cee60c0093d0.jpg]
2026-05-13 14:32:39.208 [http-nio-8080-exec-2] DEBUG c.z.f.t.filter.JwtAuthenticationFilter   : Authenticated [user=Andy, uri=/api/transactions/24/image]
2026-05-13 14:32:39.209 [http-nio-8080-exec-2] DEBUG c.z.f.t.m.UserMapper.findByUsername      : ==>  Preparing: SELECT * FROM users WHERE username = ?
2026-05-13 14:32:39.209 [http-nio-8080-exec-2] DEBUG c.z.f.t.m.UserMapper.findByUsername      : ==> Parameters: Andy(String)
2026-05-13 14:32:39.210 [http-nio-8080-exec-2] DEBUG c.z.f.t.m.UserMapper.findByUsername      : <==      Total: 1
2026-05-13 14:32:39.211 [http-nio-8080-exec-2] DEBUG c.z.f.t.m.TransactionMapper.findById     : ==>  Preparing: SELECT t.*, c.name as categoryName FROM transactions t LEFT JOIN categories c ON t.category_id = c.id WHERE t.id = ? AND t.user_id = ?
2026-05-13 14:32:39.211 [http-nio-8080-exec-2] DEBUG c.z.f.t.m.TransactionMapper.findById     : ==> Parameters: 24(Long), 1(Long)
2026-05-13 14:32:39.212 [http-nio-8080-exec-2] DEBUG c.z.f.t.m.TransactionMapper.findById     : <==      Total: 1
2026-05-13 14:32:39.212 [http-nio-8080-exec-2] DEBUG c.z.f.t.service.MinioStorageService      : Fetching from MinIO [object=transactions/tx_24_764aca22-00c8-46b3-aeae-ac1451af4fa5.jpg]
2026-05-13 14:32:39.220 [http-nio-8080-exec-2] DEBUG c.z.f.t.service.MinioStorageService      : Fetched 1353592 bytes from MinIO [object=transactions/tx_24_764aca22-00c8-46b3-aeae-ac1451af4fa5.jpg]
2026-05-13 14:32:39.428 [http-nio-8080-exec-3] DEBUG c.z.f.t.filter.JwtAuthenticationFilter   : Authenticated [user=Andy, uri=/api/transactions/23/image]
2026-05-13 14:32:39.429 [http-nio-8080-exec-3] DEBUG c.z.f.t.m.UserMapper.findByUsername      : ==>  Preparing: SELECT * FROM users WHERE username = ?
2026-05-13 14:32:39.430 [http-nio-8080-exec-3] DEBUG c.z.f.t.m.UserMapper.findByUsername      : ==> Parameters: Andy(String)
2026-05-13 14:32:39.431 [http-nio-8080-exec-3] DEBUG c.z.f.t.m.UserMapper.findByUsername      : <==      Total: 1
2026-05-13 14:32:39.431 [http-nio-8080-exec-3] DEBUG c.z.f.t.m.TransactionMapper.findById     : ==>  Preparing: SELECT t.*, c.name as categoryName FROM transactions t LEFT JOIN categories c ON t.category_id = c.id WHERE t.id = ? AND t.user_id = ?
2026-05-13 14:32:39.432 [http-nio-8080-exec-3] DEBUG c.z.f.t.m.TransactionMapper.findById     : ==> Parameters: 23(Long), 1(Long)
2026-05-13 14:32:39.433 [http-nio-8080-exec-3] DEBUG c.z.f.t.m.TransactionMapper.findById     : <==      Total: 1
2026-05-13 14:32:39.433 [http-nio-8080-exec-3] DEBUG c.z.f.t.service.MinioStorageService      : Fetching from MinIO [object=transactions/tx_23_986c4de8-9af1-4032-9e43-f499a6d375a3.jpg]
2026-05-13 14:32:39.440 [http-nio-8080-exec-3] DEBUG c.z.f.t.service.MinioStorageService      : Fetched 866644 bytes from MinIO [object=transactions/tx_23_986c4de8-9af1-4032-9e43-f499a6d375a3.jpg]
2026-05-13 14:32:56.076 [http-nio-8080-exec-5] DEBUG c.z.f.t.filter.JwtAuthenticationFilter   : Authenticated [user=Andy, uri=/api/transactions/23/image]
2026-05-13 14:32:56.078 [http-nio-8080-exec-5] DEBUG c.z.f.t.m.UserMapper.findByUsername      : ==>  Preparing: SELECT * FROM users WHERE username = ?
2026-05-13 14:32:56.078 [http-nio-8080-exec-5] DEBUG c.z.f.t.m.UserMapper.findByUsername      : ==> Parameters: Andy(String)
2026-05-13 14:32:56.080 [http-nio-8080-exec-5] DEBUG c.z.f.t.m.UserMapper.findByUsername      : <==      Total: 1
2026-05-13 14:32:56.080 [http-nio-8080-exec-5] DEBUG c.z.f.t.m.TransactionMapper.findById     : ==>  Preparing: SELECT t.*, c.name as categoryName FROM transactions t LEFT JOIN categories c ON t.category_id = c.id WHERE t.id = ? AND t.user_id = ?
2026-05-13 14:32:56.081 [http-nio-8080-exec-5] DEBUG c.z.f.t.m.TransactionMapper.findById     : ==> Parameters: 23(Long), 1(Long)
2026-05-13 14:32:56.084 [http-nio-8080-exec-5] DEBUG c.z.f.t.m.TransactionMapper.findById     : <==      Total: 1
2026-05-13 14:32:56.085 [http-nio-8080-exec-5] DEBUG c.z.f.t.service.MinioStorageService      : Fetching from MinIO [object=transactions/tx_23_986c4de8-9af1-4032-9e43-f499a6d375a3.jpg]
2026-05-13 14:32:56.093 [http-nio-8080-exec-5] DEBUG c.z.f.t.service.MinioStorageService      : Fetched 866644 bytes from MinIO [object=transactions/tx_23_986c4de8-9af1-4032-9e43-f499a6d375a3.jpg]
2026-05-13 14:33:27.263 [http-nio-8080-exec-4] DEBUG c.z.f.t.filter.JwtAuthenticationFilter   : Authenticated [user=Andy, uri=/api/transactions/34/image]
2026-05-13 14:33:27.264 [http-nio-8080-exec-4] DEBUG c.z.f.t.m.UserMapper.findByUsername      : ==>  Preparing: SELECT * FROM users WHERE username = ?
2026-05-13 14:33:27.264 [http-nio-8080-exec-4] DEBUG c.z.f.t.m.UserMapper.findByUsername      : ==> Parameters: Andy(String)
2026-05-13 14:33:27.266 [http-nio-8080-exec-4] DEBUG c.z.f.t.m.UserMapper.findByUsername      : <==      Total: 1
2026-05-13 14:33:27.266 [http-nio-8080-exec-4] DEBUG c.z.f.t.m.TransactionMapper.findById     : ==>  Preparing: SELECT t.*, c.name as categoryName FROM transactions t LEFT JOIN categories c ON t.category_id = c.id WHERE t.id = ? AND t.user_id = ?
2026-05-13 14:33:27.266 [http-nio-8080-exec-4] DEBUG c.z.f.t.m.TransactionMapper.findById     : ==> Parameters: 34(Long), 1(Long)
2026-05-13 14:33:27.268 [http-nio-8080-exec-4] DEBUG c.z.f.t.m.TransactionMapper.findById     : <==      Total: 1
2026-05-13 14:33:27.268 [http-nio-8080-exec-4] DEBUG c.z.f.t.service.MinioStorageService      : Fetching from MinIO [object=transactions/tx_34_5a52ade7-c821-45c6-ab22-3102d0e4851c.jpg]
2026-05-13 14:33:27.281 [http-nio-8080-exec-4] DEBUG c.z.f.t.service.MinioStorageService      : Fetched 894934 bytes from MinIO [object=transactions/tx_34_5a52ade7-c821-45c6-ab22-3102d0e4851c.jpg]
2026-05-13 14:33:29.061 [http-nio-8080-exec-10] DEBUG c.z.f.t.filter.JwtAuthenticationFilter   : Authenticated [user=Andy, uri=/api/transactions/33/image]
2026-05-13 14:33:29.062 [http-nio-8080-exec-10] DEBUG c.z.f.t.m.UserMapper.findByUsername      : ==>  Preparing: SELECT * FROM users WHERE username = ?
2026-05-13 14:33:29.062 [http-nio-8080-exec-10] DEBUG c.z.f.t.m.UserMapper.findByUsername      : ==> Parameters: Andy(String)
2026-05-13 14:33:29.064 [http-nio-8080-exec-10] DEBUG c.z.f.t.m.UserMapper.findByUsername      : <==      Total: 1
2026-05-13 14:33:29.064 [http-nio-8080-exec-10] DEBUG c.z.f.t.m.TransactionMapper.findById     : ==>  Preparing: SELECT t.*, c.name as categoryName FROM transactions t LEFT JOIN categories c ON t.category_id = c.id WHERE t.id = ? AND t.user_id = ?
2026-05-13 14:33:29.064 [http-nio-8080-exec-10] DEBUG c.z.f.t.m.TransactionMapper.findById     : ==> Parameters: 33(Long), 1(Long)
2026-05-13 14:33:29.066 [http-nio-8080-exec-10] DEBUG c.z.f.t.m.TransactionMapper.findById     : <==      Total: 1
2026-05-13 14:33:29.066 [http-nio-8080-exec-10] DEBUG c.z.f.t.service.MinioStorageService      : Fetching from MinIO [object=transactions/tx_33_d538c701-cf2d-4e52-9974-7010187a4d7b.jpg]
2026-05-13 14:33:29.072 [http-nio-8080-exec-10] DEBUG c.z.f.t.service.MinioStorageService      : Fetched 894934 bytes from MinIO [object=transactions/tx_33_d538c701-cf2d-4e52-9974-7010187a4d7b.jpg]
2026-05-13 14:34:42.490 [http-nio-8080-exec-2] DEBUG c.z.f.t.filter.JwtAuthenticationFilter   : Authenticated [user=Andy, uri=/api/transactions/23/image]
2026-05-13 14:34:42.492 [http-nio-8080-exec-2] DEBUG c.z.f.t.m.UserMapper.findByUsername      : ==>  Preparing: SELECT * FROM users WHERE username = ?
2026-05-13 14:34:42.492 [http-nio-8080-exec-2] DEBUG c.z.f.t.m.UserMapper.findByUsername      : ==> Parameters: Andy(String)
2026-05-13 14:34:42.494 [http-nio-8080-exec-2] DEBUG c.z.f.t.m.UserMapper.findByUsername      : <==      Total: 1
2026-05-13 14:34:42.494 [http-nio-8080-exec-2] DEBUG c.z.f.t.m.TransactionMapper.findById     : ==>  Preparing: SELECT t.*, c.name as categoryName FROM transactions t LEFT JOIN categories c ON t.category_id = c.id WHERE t.id = ? AND t.user_id = ?
2026-05-13 14:34:42.495 [http-nio-8080-exec-2] DEBUG c.z.f.t.m.TransactionMapper.findById     : ==> Parameters: 23(Long), 1(Long)
2026-05-13 14:34:42.496 [http-nio-8080-exec-2] DEBUG c.z.f.t.m.TransactionMapper.findById     : <==      Total: 1
2026-05-13 14:34:42.497 [http-nio-8080-exec-2] DEBUG c.z.f.t.service.MinioStorageService      : Fetching from MinIO [object=transactions/tx_23_986c4de8-9af1-4032-9e43-f499a6d375a3.jpg]
2026-05-13 14:34:42.513 [http-nio-8080-exec-2] DEBUG c.z.f.t.service.MinioStorageService      : Fetched 866644 bytes from MinIO [object=transactions/tx_23_986c4de8-9af1-4032-9e43-f499a6d375a3.jpg]
2026-05-13 14:34:47.261 [http-nio-8080-exec-3] DEBUG c.z.f.t.filter.JwtAuthenticationFilter   : Authenticated [user=Andy, uri=/api/transactions/24/image]
2026-05-13 14:34:47.265 [http-nio-8080-exec-3] DEBUG c.z.f.t.m.UserMapper.findByUsername      : ==>  Preparing: SELECT * FROM users WHERE username = ?
2026-05-13 14:34:47.266 [http-nio-8080-exec-3] DEBUG c.z.f.t.m.UserMapper.findByUsername      : ==> Parameters: Andy(String)
2026-05-13 14:34:47.267 [http-nio-8080-exec-3] DEBUG c.z.f.t.m.UserMapper.findByUsername      : <==      Total: 1
2026-05-13 14:34:47.267 [http-nio-8080-exec-3] DEBUG c.z.f.t.m.TransactionMapper.findById     : ==>  Preparing: SELECT t.*, c.name as categoryName FROM transactions t LEFT JOIN categories c ON t.category_id = c.id WHERE t.id = ? AND t.user_id = ?
2026-05-13 14:34:47.268 [http-nio-8080-exec-3] DEBUG c.z.f.t.m.TransactionMapper.findById     : ==> Parameters: 24(Long), 1(Long)
2026-05-13 14:34:47.269 [http-nio-8080-exec-3] DEBUG c.z.f.t.m.TransactionMapper.findById     : <==      Total: 1
2026-05-13 14:34:47.270 [http-nio-8080-exec-3] DEBUG c.z.f.t.service.MinioStorageService      : Fetching from MinIO [object=transactions/tx_24_764aca22-00c8-46b3-aeae-ac1451af4fa5.jpg]
2026-05-13 14:34:47.279 [http-nio-8080-exec-3] DEBUG c.z.f.t.service.MinioStorageService      : Fetched 1353592 bytes from MinIO [object=transactions/tx_24_764aca22-00c8-46b3-aeae-ac1451af4fa5.jpg]
2026-05-13 14:34:55.299 [http-nio-8080-exec-5] DEBUG c.z.f.t.filter.JwtAuthenticationFilter   : Authenticated [user=Andy, uri=/api/transactions/28/image]
2026-05-13 14:34:55.301 [http-nio-8080-exec-5] DEBUG c.z.f.t.m.UserMapper.findByUsername      : ==>  Preparing: SELECT * FROM users WHERE username = ?
2026-05-13 14:34:55.301 [http-nio-8080-exec-5] DEBUG c.z.f.t.m.UserMapper.findByUsername      : ==> Parameters: Andy(String)
2026-05-13 14:34:55.303 [http-nio-8080-exec-5] DEBUG c.z.f.t.m.UserMapper.findByUsername      : <==      Total: 1
2026-05-13 14:34:55.304 [http-nio-8080-exec-5] DEBUG c.z.f.t.m.TransactionMapper.findById     : ==>  Preparing: SELECT t.*, c.name as categoryName FROM transactions t LEFT JOIN categories c ON t.category_id = c.id WHERE t.id = ? AND t.user_id = ?
2026-05-13 14:34:55.304 [http-nio-8080-exec-5] DEBUG c.z.f.t.m.TransactionMapper.findById     : ==> Parameters: 28(Long), 1(Long)
2026-05-13 14:34:55.307 [http-nio-8080-exec-5] DEBUG c.z.f.t.m.TransactionMapper.findById     : <==      Total: 1
2026-05-13 14:34:55.307 [http-nio-8080-exec-5] DEBUG c.z.f.t.service.MinioStorageService      : Fetching from MinIO [object=transactions/tx_28_c602e60e-2fb0-4bac-a365-cee60c0093d0.jpg]
2026-05-13 14:34:55.325 [http-nio-8080-exec-5] DEBUG c.z.f.t.service.MinioStorageService      : Fetched 899766 bytes from MinIO [object=transactions/tx_28_c602e60e-2fb0-4bac-a365-cee60c0093d0.jpg]
2026-05-13 14:35:03.541 [http-nio-8080-exec-4] DEBUG c.z.f.t.filter.JwtAuthenticationFilter   : Authenticated [user=Andy, uri=/api/transactions/35/image]
2026-05-13 14:35:03.543 [http-nio-8080-exec-4] DEBUG c.z.f.t.m.UserMapper.findByUsername      : ==>  Preparing: SELECT * FROM users WHERE username = ?
2026-05-13 14:35:03.543 [http-nio-8080-exec-4] DEBUG c.z.f.t.m.UserMapper.findByUsername      : ==> Parameters: Andy(String)
2026-05-13 14:35:03.545 [http-nio-8080-exec-4] DEBUG c.z.f.t.m.UserMapper.findByUsername      : <==      Total: 1
2026-05-13 14:35:03.545 [http-nio-8080-exec-4] DEBUG c.z.f.t.m.TransactionMapper.findById     : ==>  Preparing: SELECT t.*, c.name as categoryName FROM transactions t LEFT JOIN categories c ON t.category_id = c.id WHERE t.id = ? AND t.user_id = ?
2026-05-13 14:35:03.545 [http-nio-8080-exec-4] DEBUG c.z.f.t.m.TransactionMapper.findById     : ==> Parameters: 35(Long), 1(Long)
2026-05-13 14:35:03.547 [http-nio-8080-exec-4] DEBUG c.z.f.t.m.TransactionMapper.findById     : <==      Total: 1
2026-05-13 14:35:03.547 [http-nio-8080-exec-4] DEBUG c.z.f.t.service.MinioStorageService      : Fetching from MinIO [object=transactions/tx_35_54adc550-22d2-487e-9424-0cffda6194fa.jpg]
2026-05-13 14:35:03.551 [http-nio-8080-exec-4] DEBUG c.z.f.t.service.MinioStorageService      : Fetched 30972 bytes from MinIO [object=transactions/tx_35_54adc550-22d2-487e-9424-0cffda6194fa.jpg]
2026-05-13 14:35:05.212 [http-nio-8080-exec-10] DEBUG c.z.f.t.filter.JwtAuthenticationFilter   : Authenticated [user=Andy, uri=/api/transactions/34/image]
2026-05-13 14:35:05.214 [http-nio-8080-exec-10] DEBUG c.z.f.t.m.UserMapper.findByUsername      : ==>  Preparing: SELECT * FROM users WHERE username = ?
2026-05-13 14:35:05.214 [http-nio-8080-exec-10] DEBUG c.z.f.t.m.UserMapper.findByUsername      : ==> Parameters: Andy(String)
2026-05-13 14:35:05.216 [http-nio-8080-exec-10] DEBUG c.z.f.t.m.UserMapper.findByUsername      : <==      Total: 1
2026-05-13 14:35:05.217 [http-nio-8080-exec-10] DEBUG c.z.f.t.m.TransactionMapper.findById     : ==>  Preparing: SELECT t.*, c.name as categoryName FROM transactions t LEFT JOIN categories c ON t.category_id = c.id WHERE t.id = ? AND t.user_id = ?
2026-05-13 14:35:05.217 [http-nio-8080-exec-10] DEBUG c.z.f.t.m.TransactionMapper.findById     : ==> Parameters: 34(Long), 1(Long)
2026-05-13 14:35:05.219 [http-nio-8080-exec-10] DEBUG c.z.f.t.m.TransactionMapper.findById     : <==      Total: 1
2026-05-13 14:35:05.219 [http-nio-8080-exec-10] DEBUG c.z.f.t.service.MinioStorageService      : Fetching from MinIO [object=transactions/tx_34_5a52ade7-c821-45c6-ab22-3102d0e4851c.jpg]
2026-05-13 14:35:05.228 [http-nio-8080-exec-10] DEBUG c.z.f.t.service.MinioStorageService      : Fetched 894934 bytes from MinIO [object=transactions/tx_34_5a52ade7-c821-45c6-ab22-3102d0e4851c.jpg]
2026-05-13 14:53:53.885 [SpringApplicationShutdownHook] INFO  o.s.b.w.e.tomcat.GracefulShutdown        : Commencing graceful shutdown. Waiting for active requests to complete
2026-05-13 14:53:55.895 [tomcat-shutdown] INFO  o.s.b.w.e.tomcat.GracefulShutdown        : Graceful shutdown complete
2026-05-13 14:54:02.412 [main] INFO  c.z.f.tracker.FinanceTrackerApplication  : The following 1 profile is active: "dev"
2026-05-13 14:54:03.954 [main] INFO  .s.d.r.c.RepositoryConfigurationDelegate : Multiple Spring Data modules found, entering strict repository configuration mode
2026-05-13 14:54:03.957 [main] INFO  .s.d.r.c.RepositoryConfigurationDelegate : Bootstrapping Spring Data Redis repositories in DEFAULT mode.
2026-05-13 14:54:03.989 [main] INFO  .s.d.r.c.RepositoryConfigurationDelegate : Finished Spring Data repository scanning in 11 ms. Found 0 Redis repository interfaces.
2026-05-13 14:54:04.941 [main] INFO  o.s.b.w.embedded.tomcat.TomcatWebServer  : Tomcat initialized with port 8080 (http)
2026-05-13 14:54:04.967 [main] INFO  o.a.coyote.http11.Http11NioProtocol      : Initializing ProtocolHandler ["http-nio-8080"]
2026-05-13 14:54:04.973 [main] INFO  o.apache.catalina.core.StandardService   : Starting service [Tomcat]
2026-05-13 14:54:04.974 [main] INFO  o.apache.catalina.core.StandardEngine    : Starting Servlet engine: [Apache Tomcat/10.1.49]
2026-05-13 14:54:05.089 [main] INFO  o.a.c.c.C.[Tomcat].[localhost].[/]       : Initializing Spring embedded WebApplicationContext
2026-05-13 14:54:05.090 [main] INFO  w.s.c.ServletWebServerApplicationContext : Root WebApplicationContext: initialization completed in 2648 ms
2026-05-13 14:54:05.242 [main] DEBUG c.z.f.t.filter.JwtAuthenticationFilter   : Filter 'jwtAuthenticationFilter' configured for use
2026-05-13 14:54:07.924 [main] INFO  o.a.coyote.http11.Http11NioProtocol      : Starting ProtocolHandler ["http-nio-8080"]
2026-05-13 14:54:07.972 [main] INFO  o.s.b.w.embedded.tomcat.TomcatWebServer  : Tomcat started on port 8080 (http) with context path '/'
2026-05-13 14:54:08.005 [main] INFO  c.z.f.tracker.FinanceTrackerApplication  : Started FinanceTrackerApplication in 7.553 seconds (process running for 8.571)
2026-05-13 15:39:37.182 [SpringApplicationShutdownHook] INFO  o.s.b.w.e.tomcat.GracefulShutdown        : Commencing graceful shutdown. Waiting for active requests to complete
2026-05-13 15:39:39.213 [tomcat-shutdown] INFO  o.s.b.w.e.tomcat.GracefulShutdown        : Graceful shutdown complete
2026-05-13 15:39:43.489 [main] INFO  c.z.f.tracker.FinanceTrackerApplication  : The following 1 profile is active: "dev"
2026-05-13 15:39:44.278 [main] INFO  .s.d.r.c.RepositoryConfigurationDelegate : Multiple Spring Data modules found, entering strict repository configuration mode
2026-05-13 15:39:44.281 [main] INFO  .s.d.r.c.RepositoryConfigurationDelegate : Bootstrapping Spring Data Redis repositories in DEFAULT mode.
2026-05-13 15:39:44.319 [main] INFO  .s.d.r.c.RepositoryConfigurationDelegate : Finished Spring Data repository scanning in 13 ms. Found 0 Redis repository interfaces.
2026-05-13 15:39:45.197 [main] INFO  o.s.b.w.embedded.tomcat.TomcatWebServer  : Tomcat initialized with port 8080 (http)
2026-05-13 15:39:45.224 [main] INFO  o.a.coyote.http11.Http11NioProtocol      : Initializing ProtocolHandler ["http-nio-8080"]
2026-05-13 15:39:45.227 [main] INFO  o.apache.catalina.core.StandardService   : Starting service [Tomcat]
2026-05-13 15:39:45.228 [main] INFO  o.apache.catalina.core.StandardEngine    : Starting Servlet engine: [Apache Tomcat/10.1.49]
2026-05-13 15:39:45.372 [main] INFO  o.a.c.c.C.[Tomcat].[localhost].[/]       : Initializing Spring embedded WebApplicationContext
2026-05-13 15:39:45.373 [main] INFO  w.s.c.ServletWebServerApplicationContext : Root WebApplicationContext: initialization completed in 1861 ms
2026-05-13 15:39:45.496 [main] DEBUG c.z.f.t.filter.JwtAuthenticationFilter   : Filter 'jwtAuthenticationFilter' configured for use
2026-05-13 15:39:47.748 [main] INFO  o.a.coyote.http11.Http11NioProtocol      : Starting ProtocolHandler ["http-nio-8080"]
2026-05-13 15:39:47.788 [main] INFO  o.s.b.w.embedded.tomcat.TomcatWebServer  : Tomcat started on port 8080 (http) with context path '/'
2026-05-13 15:39:47.816 [main] INFO  c.z.f.tracker.FinanceTrackerApplication  : Started FinanceTrackerApplication in 6.044 seconds (process running for 7.161)
2026-05-13 15:46:56.733 [http-nio-8080-exec-1] INFO  o.a.c.c.C.[Tomcat].[localhost].[/]       : Initializing Spring DispatcherServlet 'dispatcherServlet'
2026-05-13 15:46:56.996 [http-nio-8080-exec-1] DEBUG c.z.f.t.filter.JwtAuthenticationFilter   : Authenticated [user=Andy, uri=/api/transactions/summary]
2026-05-13 15:46:57.483 [http-nio-8080-exec-1] DEBUG c.z.f.t.m.UserMapper.findByUsername      : ==>  Preparing: SELECT * FROM users WHERE username = ?
2026-05-13 15:46:57.542 [http-nio-8080-exec-1] DEBUG c.z.f.t.m.UserMapper.findByUsername      : ==> Parameters: Andy(String)
2026-05-13 15:46:57.599 [http-nio-8080-exec-1] DEBUG c.z.f.t.m.UserMapper.findByUsername      : <==      Total: 1
2026-05-13 15:46:58.295 [http-nio-8080-exec-1] DEBUG c.z.f.t.m.T.getTotalBalance              : ==>  Preparing: SELECT COALESCE( SUM(CASE WHEN type = 'INCOME' THEN amount ELSE ABS(amount) * -1 END), 0 ) FROM transactions WHERE user_id = ?
2026-05-13 15:46:58.301 [http-nio-8080-exec-1] DEBUG c.z.f.t.m.T.getTotalBalance              : ==> Parameters: 1(Long)
2026-05-13 15:46:58.310 [http-nio-8080-exec-1] DEBUG c.z.f.t.m.T.getTotalBalance              : <==      Total: 1
2026-05-13 15:46:58.312 [http-nio-8080-exec-1] DEBUG c.z.f.t.m.T.getMonthlyBalance            : ==>  Preparing: SELECT SUM(CASE WHEN type = 'INCOME' THEN amount ELSE 0 END) as income, SUM(CASE WHEN type = 'EXPENSE' THEN ABS(amount) ELSE 0 END) as expense, SUM(CASE WHEN type = 'INCOME' THEN amount ELSE ABS(amount) * -1 END) as net FROM transactions WHERE user_id = ? AND DATE_FORMAT(date, '%Y-%m') = ?
2026-05-13 15:46:58.313 [http-nio-8080-exec-1] DEBUG c.z.f.t.m.T.getMonthlyBalance            : ==> Parameters: 1(Long), 2026-05(String)
2026-05-13 15:46:58.316 [http-nio-8080-exec-1] DEBUG c.z.f.t.m.T.getMonthlyBalance            : <==      Total: 1
2026-05-13 15:46:58.317 [http-nio-8080-exec-1] DEBUG c.z.f.t.m.T.getIncomeVsExpense           : ==>  Preparing: SELECT SUM(CASE WHEN type = 'INCOME' THEN amount ELSE 0 END) as totalIncome, SUM(CASE WHEN type = 'EXPENSE' THEN ABS(amount) ELSE 0 END) as totalExpense FROM transactions WHERE user_id = ?
2026-05-13 15:46:58.318 [http-nio-8080-exec-1] DEBUG c.z.f.t.m.T.getIncomeVsExpense           : ==> Parameters: 1(Long)
2026-05-13 15:46:58.320 [http-nio-8080-exec-1] DEBUG c.z.f.t.m.T.getIncomeVsExpense           : <==      Total: 1
2026-05-13 15:46:58.322 [http-nio-8080-exec-1] DEBUG c.z.f.t.m.T.getCategorySummary           : ==>  Preparing: SELECT c.name as name, SUM(ABS(t.amount)) as value FROM transactions t INNER JOIN categories c ON t.category_id = c.id WHERE t.user_id = ? AND t.type = ? GROUP BY c.name
2026-05-13 15:46:58.323 [http-nio-8080-exec-1] DEBUG c.z.f.t.m.T.getCategorySummary           : ==> Parameters: 1(Long), INCOME(String)
2026-05-13 15:46:58.327 [http-nio-8080-exec-1] DEBUG c.z.f.t.m.T.getCategorySummary           : <==      Total: 4
2026-05-13 15:46:58.328 [http-nio-8080-exec-1] DEBUG c.z.f.t.m.T.getCategorySummary           : ==>  Preparing: SELECT c.name as name, SUM(ABS(t.amount)) as value FROM transactions t INNER JOIN categories c ON t.category_id = c.id WHERE t.user_id = ? AND t.type = ? GROUP BY c.name
2026-05-13 15:46:58.329 [http-nio-8080-exec-1] DEBUG c.z.f.t.m.T.getCategorySummary           : ==> Parameters: 1(Long), EXPENSE(String)
2026-05-13 15:46:58.331 [http-nio-8080-exec-1] DEBUG c.z.f.t.m.T.getCategorySummary           : <==      Total: 7
2026-05-13 15:46:59.045 [http-nio-8080-exec-3] DEBUG c.z.f.t.filter.JwtAuthenticationFilter   : Authenticated [user=Andy, uri=/api/transactions/daily-trends]
2026-05-13 15:46:59.048 [http-nio-8080-exec-3] DEBUG c.z.f.t.m.UserMapper.findByUsername      : ==>  Preparing: SELECT * FROM users WHERE username = ?
2026-05-13 15:46:59.049 [http-nio-8080-exec-3] DEBUG c.z.f.t.m.UserMapper.findByUsername      : ==> Parameters: Andy(String)
2026-05-13 15:46:59.052 [http-nio-8080-exec-3] DEBUG c.z.f.t.m.UserMapper.findByUsername      : <==      Total: 1
2026-05-13 15:46:59.057 [http-nio-8080-exec-3] DEBUG c.z.f.t.m.T.getDailyTrends               : ==>  Preparing: SELECT DATE(t.date) as date, SUM(CASE WHEN t.type = 'INCOME' THEN t.amount ELSE 0 END) as income, SUM(CASE WHEN t.type = 'EXPENSE' THEN t.amount ELSE 0 END) as expense FROM transactions t WHERE t.user_id = ? AND t.date >= DATE_SUB(CURDATE(), INTERVAL ? DAY) GROUP BY DATE(t.date) ORDER BY date ASC
2026-05-13 15:46:59.061 [http-nio-8080-exec-3] DEBUG c.z.f.t.m.T.getDailyTrends               : ==> Parameters: 1(Long), 30(Integer)
2026-05-13 15:46:59.066 [http-nio-8080-exec-3] DEBUG c.z.f.t.m.T.getDailyTrends               : <==      Total: 10
2026-05-13 15:46:59.480 [http-nio-8080-exec-5] DEBUG c.z.f.t.filter.JwtAuthenticationFilter   : Authenticated [user=Andy, uri=/api/transactions/history]
2026-05-13 15:46:59.490 [http-nio-8080-exec-5] DEBUG c.z.f.t.m.UserMapper.findByUsername      : ==>  Preparing: SELECT * FROM users WHERE username = ?
2026-05-13 15:46:59.491 [http-nio-8080-exec-5] DEBUG c.z.f.t.m.UserMapper.findByUsername      : ==> Parameters: Andy(String)
2026-05-13 15:46:59.493 [http-nio-8080-exec-5] DEBUG c.z.f.t.m.UserMapper.findByUsername      : <==      Total: 1
2026-05-13 15:46:59.527 [http-nio-8080-exec-5] DEBUG c.z.f.t.m.T.findAllFiltered              : ==>  Preparing: SELECT t.*, c.name as categoryName FROM transactions t LEFT JOIN categories c ON t.category_id = c.id WHERE t.user_id = ? ORDER BY t.date DESC, t.id DESC LIMIT ? OFFSET ?
2026-05-13 15:46:59.527 [http-nio-8080-exec-5] DEBUG c.z.f.t.m.T.findAllFiltered              : ==> Parameters: 1(Long), 5(Integer), 0(Integer)
2026-05-13 15:46:59.533 [http-nio-8080-exec-5] DEBUG c.z.f.t.m.T.findAllFiltered              : <==      Total: 5
2026-05-13 15:46:59.741 [http-nio-8080-exec-5] DEBUG c.z.f.t.m.T.countFiltered                : ==>  Preparing: SELECT COUNT(*) FROM transactions t WHERE user_id = ?
2026-05-13 15:46:59.742 [http-nio-8080-exec-5] DEBUG c.z.f.t.m.T.countFiltered                : ==> Parameters: 1(Long)
2026-05-13 15:46:59.744 [http-nio-8080-exec-5] DEBUG c.z.f.t.m.T.countFiltered                : <==      Total: 1
2026-05-13 15:46:59.745 [http-nio-8080-exec-5] DEBUG c.z.f.t.c.TransactionController          : History query [userId=1, page=0, size=5, total=32]
2026-05-13 15:47:00.203 [http-nio-8080-exec-7] DEBUG c.z.f.t.filter.JwtAuthenticationFilter   : Authenticated [user=Andy, uri=/api/recurring/upcoming]
2026-05-13 15:47:00.206 [http-nio-8080-exec-7] DEBUG c.z.f.t.m.UserMapper.findByUsername      : ==>  Preparing: SELECT * FROM users WHERE username = ?
2026-05-13 15:47:00.206 [http-nio-8080-exec-7] DEBUG c.z.f.t.m.UserMapper.findByUsername      : ==> Parameters: Andy(String)
2026-05-13 15:47:00.209 [http-nio-8080-exec-7] DEBUG c.z.f.t.m.UserMapper.findByUsername      : <==      Total: 1
2026-05-13 15:47:00.210 [http-nio-8080-exec-7] DEBUG c.z.f.t.m.RecurringMapper.findUpcoming   : ==>  Preparing: SELECT r.*, c.name as categoryName FROM recurring_transactions r LEFT JOIN categories c ON r.category_id = c.id WHERE r.user_id = ? AND r.is_active = TRUE AND r.next_due_date <= DATE_ADD(CURDATE(), INTERVAL ? DAY) ORDER BY r.next_due_date ASC
2026-05-13 15:47:00.211 [http-nio-8080-exec-7] DEBUG c.z.f.t.m.RecurringMapper.findUpcoming   : ==> Parameters: 1(Long), 7(Integer)
2026-05-13 15:47:00.213 [http-nio-8080-exec-7] DEBUG c.z.f.t.m.RecurringMapper.findUpcoming   : <==      Total: 0
2026-05-13 15:47:03.244 [http-nio-8080-exec-9] DEBUG c.z.f.t.filter.JwtAuthenticationFilter   : Authenticated [user=Andy, uri=/api/categories]
2026-05-13 15:47:03.247 [http-nio-8080-exec-9] DEBUG c.z.f.t.m.UserMapper.findByUsername      : ==>  Preparing: SELECT * FROM users WHERE username = ?
2026-05-13 15:47:03.247 [http-nio-8080-exec-9] DEBUG c.z.f.t.m.UserMapper.findByUsername      : ==> Parameters: Andy(String)
2026-05-13 15:47:03.249 [http-nio-8080-exec-9] DEBUG c.z.f.t.m.UserMapper.findByUsername      : <==      Total: 1
2026-05-13 15:47:03.252 [http-nio-8080-exec-9] DEBUG c.z.f.t.m.C.findByUserIdAndType          : ==>  Preparing: SELECT * FROM categories WHERE user_id = ? AND type = ? ORDER BY name ASC
2026-05-13 15:47:03.253 [http-nio-8080-exec-9] DEBUG c.z.f.t.m.C.findByUserIdAndType          : ==> Parameters: 1(Long), EXPENSE(String)
2026-05-13 15:47:03.258 [http-nio-8080-exec-9] DEBUG c.z.f.t.m.C.findByUserIdAndType          : <==      Total: 10
2026-05-13 15:47:03.301 [http-nio-8080-exec-1] DEBUG c.z.f.t.filter.JwtAuthenticationFilter   : Authenticated [user=Andy, uri=/api/transactions/history]
2026-05-13 15:47:03.303 [http-nio-8080-exec-1] DEBUG c.z.f.t.m.UserMapper.findByUsername      : ==>  Preparing: SELECT * FROM users WHERE username = ?
2026-05-13 15:47:03.303 [http-nio-8080-exec-1] DEBUG c.z.f.t.m.UserMapper.findByUsername      : ==> Parameters: Andy(String)
2026-05-13 15:47:03.306 [http-nio-8080-exec-1] DEBUG c.z.f.t.m.UserMapper.findByUsername      : <==      Total: 1
2026-05-13 15:47:03.306 [http-nio-8080-exec-1] DEBUG c.z.f.t.m.T.findAllFiltered              : ==>  Preparing: SELECT t.*, c.name as categoryName FROM transactions t LEFT JOIN categories c ON t.category_id = c.id WHERE t.user_id = ? ORDER BY t.date DESC, t.id DESC LIMIT ? OFFSET ?
2026-05-13 15:47:03.307 [http-nio-8080-exec-1] DEBUG c.z.f.t.m.T.findAllFiltered              : ==> Parameters: 1(Long), 15(Integer), 0(Integer)
2026-05-13 15:47:03.319 [http-nio-8080-exec-1] DEBUG c.z.f.t.m.T.findAllFiltered              : <==      Total: 15
2026-05-13 15:47:03.338 [http-nio-8080-exec-1] DEBUG c.z.f.t.m.T.countFiltered                : ==>  Preparing: SELECT COUNT(*) FROM transactions t WHERE user_id = ?
2026-05-13 15:47:03.338 [http-nio-8080-exec-1] DEBUG c.z.f.t.m.T.countFiltered                : ==> Parameters: 1(Long)
2026-05-13 15:47:03.341 [http-nio-8080-exec-1] DEBUG c.z.f.t.m.T.countFiltered                : <==      Total: 1
2026-05-13 15:47:03.341 [http-nio-8080-exec-1] DEBUG c.z.f.t.c.TransactionController          : History query [userId=1, page=0, size=15, total=32]
2026-05-13 15:47:03.695 [http-nio-8080-exec-3] DEBUG c.z.f.t.filter.JwtAuthenticationFilter   : Authenticated [user=Andy, uri=/api/categories]
2026-05-13 15:47:03.696 [http-nio-8080-exec-3] DEBUG c.z.f.t.m.UserMapper.findByUsername      : ==>  Preparing: SELECT * FROM users WHERE username = ?
2026-05-13 15:47:03.696 [http-nio-8080-exec-3] DEBUG c.z.f.t.m.UserMapper.findByUsername      : ==> Parameters: Andy(String)
2026-05-13 15:47:03.698 [http-nio-8080-exec-3] DEBUG c.z.f.t.m.UserMapper.findByUsername      : <==      Total: 1
2026-05-13 15:47:03.700 [http-nio-8080-exec-3] DEBUG c.z.f.t.m.C.findByUserIdAndType          : ==>  Preparing: SELECT * FROM categories WHERE user_id = ? AND type = ? ORDER BY name ASC
2026-05-13 15:47:03.700 [http-nio-8080-exec-3] DEBUG c.z.f.t.m.C.findByUserIdAndType          : ==> Parameters: 1(Long), INCOME(String)
2026-05-13 15:47:03.703 [http-nio-8080-exec-3] DEBUG c.z.f.t.m.C.findByUserIdAndType          : <==      Total: 5
2026-05-13 15:47:12.062 [http-nio-8080-exec-5] DEBUG c.z.f.t.filter.JwtAuthenticationFilter   : Authenticated [user=Andy, uri=/api/transactions/trends]
2026-05-13 15:47:12.065 [http-nio-8080-exec-5] DEBUG c.z.f.t.m.UserMapper.findByUsername      : ==>  Preparing: SELECT * FROM users WHERE username = ?
2026-05-13 15:47:12.065 [http-nio-8080-exec-5] DEBUG c.z.f.t.m.UserMapper.findByUsername      : ==> Parameters: Andy(String)
2026-05-13 15:47:12.067 [http-nio-8080-exec-5] DEBUG c.z.f.t.m.UserMapper.findByUsername      : <==      Total: 1
2026-05-13 15:47:12.072 [http-nio-8080-exec-5] DEBUG c.z.f.t.m.T.getTimeSeriesData            : ==>  Preparing: SELECT DATE_FORMAT(date, '%Y-%m') as timeLabel, SUM(ABS(amount)) as total FROM transactions WHERE user_id = ? AND type = ? GROUP BY timeLabel ORDER BY timeLabel ASC
2026-05-13 15:47:12.073 [http-nio-8080-exec-5] DEBUG c.z.f.t.m.T.getTimeSeriesData            : ==> Parameters: 1(Long), INCOME(String)
2026-05-13 15:47:12.076 [http-nio-8080-exec-5] DEBUG c.z.f.t.m.T.getTimeSeriesData            : <==      Total: 4
2026-05-13 15:47:12.494 [http-nio-8080-exec-7] DEBUG c.z.f.t.filter.JwtAuthenticationFilter   : Authenticated [user=Andy, uri=/api/transactions/trends]
2026-05-13 15:47:12.495 [http-nio-8080-exec-7] DEBUG c.z.f.t.m.UserMapper.findByUsername      : ==>  Preparing: SELECT * FROM users WHERE username = ?
2026-05-13 15:47:12.496 [http-nio-8080-exec-7] DEBUG c.z.f.t.m.UserMapper.findByUsername      : ==> Parameters: Andy(String)
2026-05-13 15:47:12.497 [http-nio-8080-exec-7] DEBUG c.z.f.t.m.UserMapper.findByUsername      : <==      Total: 1
2026-05-13 15:47:12.500 [http-nio-8080-exec-7] DEBUG c.z.f.t.m.T.getTimeSeriesData            : ==>  Preparing: SELECT DATE_FORMAT(date, '%Y-%m') as timeLabel, SUM(ABS(amount)) as total FROM transactions WHERE user_id = ? AND type = ? GROUP BY timeLabel ORDER BY timeLabel ASC
2026-05-13 15:47:12.501 [http-nio-8080-exec-7] DEBUG c.z.f.t.m.T.getTimeSeriesData            : ==> Parameters: 1(Long), EXPENSE(String)
2026-05-13 15:47:12.503 [http-nio-8080-exec-7] DEBUG c.z.f.t.m.T.getTimeSeriesData            : <==      Total: 5
2026-05-13 15:47:12.815 [http-nio-8080-exec-9] DEBUG c.z.f.t.filter.JwtAuthenticationFilter   : Authenticated [user=Andy, uri=/api/transactions/summary]
2026-05-13 15:47:12.816 [http-nio-8080-exec-9] DEBUG c.z.f.t.m.UserMapper.findByUsername      : ==>  Preparing: SELECT * FROM users WHERE username = ?
2026-05-13 15:47:12.816 [http-nio-8080-exec-9] DEBUG c.z.f.t.m.UserMapper.findByUsername      : ==> Parameters: Andy(String)
2026-05-13 15:47:12.817 [http-nio-8080-exec-9] DEBUG c.z.f.t.m.UserMapper.findByUsername      : <==      Total: 1
2026-05-13 15:47:14.574 [http-nio-8080-exec-1] DEBUG c.z.f.t.filter.JwtAuthenticationFilter   : Authenticated [user=Andy, uri=/api/profile]
2026-05-13 15:47:14.576 [http-nio-8080-exec-1] DEBUG c.z.f.t.m.UserMapper.findByUsername      : ==>  Preparing: SELECT * FROM users WHERE username = ?
2026-05-13 15:47:14.577 [http-nio-8080-exec-1] DEBUG c.z.f.t.m.UserMapper.findByUsername      : ==> Parameters: Andy(String)
2026-05-13 15:47:14.579 [http-nio-8080-exec-1] DEBUG c.z.f.t.m.UserMapper.findByUsername      : <==      Total: 1
2026-05-13 15:47:15.167 [http-nio-8080-exec-3] DEBUG c.z.f.t.filter.JwtAuthenticationFilter   : Authenticated [user=Andy, uri=/api/profile/avatar]
2026-05-13 15:47:15.169 [http-nio-8080-exec-3] DEBUG c.z.f.t.m.UserMapper.findByUsername      : ==>  Preparing: SELECT * FROM users WHERE username = ?
2026-05-13 15:47:15.169 [http-nio-8080-exec-3] DEBUG c.z.f.t.m.UserMapper.findByUsername      : ==> Parameters: Andy(String)
2026-05-13 15:47:15.171 [http-nio-8080-exec-3] DEBUG c.z.f.t.m.UserMapper.findByUsername      : <==      Total: 1
2026-05-13 15:47:15.171 [http-nio-8080-exec-3] DEBUG c.z.f.t.service.MinioStorageService      : Fetching from MinIO [object=avatars/avatar_1_757382f5-a0cf-4680-98f3-3c97415fc2c7.jpg]
2026-05-13 15:47:15.192 [http-nio-8080-exec-3] DEBUG c.z.f.t.service.MinioStorageService      : Fetched 1353592 bytes from MinIO [object=avatars/avatar_1_757382f5-a0cf-4680-98f3-3c97415fc2c7.jpg]
2026-05-13 15:47:19.901 [http-nio-8080-exec-5] DEBUG c.z.f.t.filter.JwtAuthenticationFilter   : Authenticated [user=Andy, uri=/api/transactions/summary]
2026-05-13 15:47:19.903 [http-nio-8080-exec-5] DEBUG c.z.f.t.m.UserMapper.findByUsername      : ==>  Preparing: SELECT * FROM users WHERE username = ?
2026-05-13 15:47:19.903 [http-nio-8080-exec-5] DEBUG c.z.f.t.m.UserMapper.findByUsername      : ==> Parameters: Andy(String)
2026-05-13 15:47:19.906 [http-nio-8080-exec-5] DEBUG c.z.f.t.m.UserMapper.findByUsername      : <==      Total: 1
2026-05-13 15:47:20.403 [http-nio-8080-exec-7] DEBUG c.z.f.t.filter.JwtAuthenticationFilter   : Authenticated [user=Andy, uri=/api/transactions/daily-trends]
2026-05-13 15:47:20.404 [http-nio-8080-exec-7] DEBUG c.z.f.t.m.UserMapper.findByUsername      : ==>  Preparing: SELECT * FROM users WHERE username = ?
2026-05-13 15:47:20.405 [http-nio-8080-exec-7] DEBUG c.z.f.t.m.UserMapper.findByUsername      : ==> Parameters: Andy(String)
2026-05-13 15:47:20.407 [http-nio-8080-exec-7] DEBUG c.z.f.t.m.UserMapper.findByUsername      : <==      Total: 1
2026-05-13 15:47:21.042 [http-nio-8080-exec-9] DEBUG c.z.f.t.filter.JwtAuthenticationFilter   : Authenticated [user=Andy, uri=/api/transactions/history]
2026-05-13 15:47:21.045 [http-nio-8080-exec-9] DEBUG c.z.f.t.m.UserMapper.findByUsername      : ==>  Preparing: SELECT * FROM users WHERE username = ?
2026-05-13 15:47:21.046 [http-nio-8080-exec-9] DEBUG c.z.f.t.m.UserMapper.findByUsername      : ==> Parameters: Andy(String)
2026-05-13 15:47:21.048 [http-nio-8080-exec-9] DEBUG c.z.f.t.m.UserMapper.findByUsername      : <==      Total: 1
2026-05-13 15:47:21.049 [http-nio-8080-exec-9] DEBUG c.z.f.t.m.T.findAllFiltered              : ==>  Preparing: SELECT t.*, c.name as categoryName FROM transactions t LEFT JOIN categories c ON t.category_id = c.id WHERE t.user_id = ? ORDER BY t.date DESC, t.id DESC LIMIT ? OFFSET ?
2026-05-13 15:47:21.050 [http-nio-8080-exec-9] DEBUG c.z.f.t.m.T.findAllFiltered              : ==> Parameters: 1(Long), 5(Integer), 0(Integer)
2026-05-13 15:47:21.053 [http-nio-8080-exec-9] DEBUG c.z.f.t.m.T.findAllFiltered              : <==      Total: 5
2026-05-13 15:47:21.061 [http-nio-8080-exec-9] DEBUG c.z.f.t.m.T.countFiltered                : ==>  Preparing: SELECT COUNT(*) FROM transactions t WHERE user_id = ?
2026-05-13 15:47:21.062 [http-nio-8080-exec-9] DEBUG c.z.f.t.m.T.countFiltered                : ==> Parameters: 1(Long)
2026-05-13 15:47:21.064 [http-nio-8080-exec-9] DEBUG c.z.f.t.m.T.countFiltered                : <==      Total: 1
2026-05-13 15:47:21.065 [http-nio-8080-exec-9] DEBUG c.z.f.t.c.TransactionController          : History query [userId=1, page=0, size=5, total=32]
2026-05-13 15:47:21.582 [http-nio-8080-exec-1] DEBUG c.z.f.t.filter.JwtAuthenticationFilter   : Authenticated [user=Andy, uri=/api/recurring/upcoming]
2026-05-13 15:47:21.583 [http-nio-8080-exec-1] DEBUG c.z.f.t.m.UserMapper.findByUsername      : ==>  Preparing: SELECT * FROM users WHERE username = ?
2026-05-13 15:47:21.584 [http-nio-8080-exec-1] DEBUG c.z.f.t.m.UserMapper.findByUsername      : ==> Parameters: Andy(String)
2026-05-13 15:47:21.586 [http-nio-8080-exec-1] DEBUG c.z.f.t.m.UserMapper.findByUsername      : <==      Total: 1
2026-05-13 15:47:21.586 [http-nio-8080-exec-1] DEBUG c.z.f.t.m.RecurringMapper.findUpcoming   : ==>  Preparing: SELECT r.*, c.name as categoryName FROM recurring_transactions r LEFT JOIN categories c ON r.category_id = c.id WHERE r.user_id = ? AND r.is_active = TRUE AND r.next_due_date <= DATE_ADD(CURDATE(), INTERVAL ? DAY) ORDER BY r.next_due_date ASC
2026-05-13 15:47:21.587 [http-nio-8080-exec-1] DEBUG c.z.f.t.m.RecurringMapper.findUpcoming   : ==> Parameters: 1(Long), 7(Integer)
2026-05-13 15:47:21.589 [http-nio-8080-exec-1] DEBUG c.z.f.t.m.RecurringMapper.findUpcoming   : <==      Total: 0
2026-05-13 15:47:23.138 [http-nio-8080-exec-3] DEBUG c.z.f.t.filter.JwtAuthenticationFilter   : Authenticated [user=Andy, uri=/api/profile]
2026-05-13 15:47:23.140 [http-nio-8080-exec-3] DEBUG c.z.f.t.m.UserMapper.findByUsername      : ==>  Preparing: SELECT * FROM users WHERE username = ?
2026-05-13 15:47:23.140 [http-nio-8080-exec-3] DEBUG c.z.f.t.m.UserMapper.findByUsername      : ==> Parameters: Andy(String)
2026-05-13 15:47:23.143 [http-nio-8080-exec-3] DEBUG c.z.f.t.m.UserMapper.findByUsername      : <==      Total: 1
2026-05-13 15:47:23.375 [http-nio-8080-exec-5] DEBUG c.z.f.t.filter.JwtAuthenticationFilter   : Authenticated [user=Andy, uri=/api/profile/avatar]
2026-05-13 15:47:23.375 [http-nio-8080-exec-5] DEBUG c.z.f.t.m.UserMapper.findByUsername      : ==>  Preparing: SELECT * FROM users WHERE username = ?
2026-05-13 15:47:23.376 [http-nio-8080-exec-5] DEBUG c.z.f.t.m.UserMapper.findByUsername      : ==> Parameters: Andy(String)
2026-05-13 15:47:23.377 [http-nio-8080-exec-5] DEBUG c.z.f.t.m.UserMapper.findByUsername      : <==      Total: 1
2026-05-13 15:47:23.378 [http-nio-8080-exec-5] DEBUG c.z.f.t.service.MinioStorageService      : Fetching from MinIO [object=avatars/avatar_1_757382f5-a0cf-4680-98f3-3c97415fc2c7.jpg]
2026-05-13 15:47:23.393 [http-nio-8080-exec-5] DEBUG c.z.f.t.service.MinioStorageService      : Fetched 1353592 bytes from MinIO [object=avatars/avatar_1_757382f5-a0cf-4680-98f3-3c97415fc2c7.jpg]
2026-05-13 15:47:24.895 [http-nio-8080-exec-7] DEBUG c.z.f.t.filter.JwtAuthenticationFilter   : Authenticated [user=Andy, uri=/api/transactions/summary]
2026-05-13 15:47:24.896 [http-nio-8080-exec-7] DEBUG c.z.f.t.m.UserMapper.findByUsername      : ==>  Preparing: SELECT * FROM users WHERE username = ?
2026-05-13 15:47:24.897 [http-nio-8080-exec-7] DEBUG c.z.f.t.m.UserMapper.findByUsername      : ==> Parameters: Andy(String)
2026-05-13 15:47:24.898 [http-nio-8080-exec-7] DEBUG c.z.f.t.m.UserMapper.findByUsername      : <==      Total: 1
2026-05-13 15:47:25.958 [http-nio-8080-exec-9] DEBUG c.z.f.t.filter.JwtAuthenticationFilter   : Authenticated [user=Andy, uri=/api/transactions/daily-trends]
2026-05-13 15:47:25.961 [http-nio-8080-exec-9] DEBUG c.z.f.t.m.UserMapper.findByUsername      : ==>  Preparing: SELECT * FROM users WHERE username = ?
2026-05-13 15:47:25.961 [http-nio-8080-exec-9] DEBUG c.z.f.t.m.UserMapper.findByUsername      : ==> Parameters: Andy(String)
2026-05-13 15:47:25.964 [http-nio-8080-exec-9] DEBUG c.z.f.t.m.UserMapper.findByUsername      : <==      Total: 1
2026-05-13 15:47:26.284 [http-nio-8080-exec-1] DEBUG c.z.f.t.filter.JwtAuthenticationFilter   : Authenticated [user=Andy, uri=/api/transactions/history]
2026-05-13 15:47:26.286 [http-nio-8080-exec-1] DEBUG c.z.f.t.m.UserMapper.findByUsername      : ==>  Preparing: SELECT * FROM users WHERE username = ?
2026-05-13 15:47:26.286 [http-nio-8080-exec-1] DEBUG c.z.f.t.m.UserMapper.findByUsername      : ==> Parameters: Andy(String)
2026-05-13 15:47:26.288 [http-nio-8080-exec-1] DEBUG c.z.f.t.m.UserMapper.findByUsername      : <==      Total: 1
2026-05-13 15:47:26.289 [http-nio-8080-exec-1] DEBUG c.z.f.t.m.T.findAllFiltered              : ==>  Preparing: SELECT t.*, c.name as categoryName FROM transactions t LEFT JOIN categories c ON t.category_id = c.id WHERE t.user_id = ? ORDER BY t.date DESC, t.id DESC LIMIT ? OFFSET ?
2026-05-13 15:47:26.289 [http-nio-8080-exec-1] DEBUG c.z.f.t.m.T.findAllFiltered              : ==> Parameters: 1(Long), 5(Integer), 0(Integer)
2026-05-13 15:47:26.294 [http-nio-8080-exec-1] DEBUG c.z.f.t.m.T.findAllFiltered              : <==      Total: 5
2026-05-13 15:47:26.300 [http-nio-8080-exec-1] DEBUG c.z.f.t.m.T.countFiltered                : ==>  Preparing: SELECT COUNT(*) FROM transactions t WHERE user_id = ?
2026-05-13 15:47:26.300 [http-nio-8080-exec-1] DEBUG c.z.f.t.m.T.countFiltered                : ==> Parameters: 1(Long)
2026-05-13 15:47:26.303 [http-nio-8080-exec-1] DEBUG c.z.f.t.m.T.countFiltered                : <==      Total: 1
2026-05-13 15:47:26.303 [http-nio-8080-exec-1] DEBUG c.z.f.t.c.TransactionController          : History query [userId=1, page=0, size=5, total=32]
2026-05-13 15:47:26.699 [http-nio-8080-exec-3] DEBUG c.z.f.t.filter.JwtAuthenticationFilter   : Authenticated [user=Andy, uri=/api/recurring/upcoming]
2026-05-13 15:47:26.699 [http-nio-8080-exec-3] DEBUG c.z.f.t.m.UserMapper.findByUsername      : ==>  Preparing: SELECT * FROM users WHERE username = ?
2026-05-13 15:47:26.700 [http-nio-8080-exec-3] DEBUG c.z.f.t.m.UserMapper.findByUsername      : ==> Parameters: Andy(String)
2026-05-13 15:47:26.702 [http-nio-8080-exec-3] DEBUG c.z.f.t.m.UserMapper.findByUsername      : <==      Total: 1
2026-05-13 15:47:26.702 [http-nio-8080-exec-3] DEBUG c.z.f.t.m.RecurringMapper.findUpcoming   : ==>  Preparing: SELECT r.*, c.name as categoryName FROM recurring_transactions r LEFT JOIN categories c ON r.category_id = c.id WHERE r.user_id = ? AND r.is_active = TRUE AND r.next_due_date <= DATE_ADD(CURDATE(), INTERVAL ? DAY) ORDER BY r.next_due_date ASC
2026-05-13 15:47:26.702 [http-nio-8080-exec-3] DEBUG c.z.f.t.m.RecurringMapper.findUpcoming   : ==> Parameters: 1(Long), 7(Integer)
2026-05-13 15:47:26.705 [http-nio-8080-exec-3] DEBUG c.z.f.t.m.RecurringMapper.findUpcoming   : <==      Total: 0
2026-05-13 15:47:28.663 [http-nio-8080-exec-5] DEBUG c.z.f.t.filter.JwtAuthenticationFilter   : Authenticated [user=Andy, uri=/api/categories]
2026-05-13 15:47:28.665 [http-nio-8080-exec-5] DEBUG c.z.f.t.m.UserMapper.findByUsername      : ==>  Preparing: SELECT * FROM users WHERE username = ?
2026-05-13 15:47:28.666 [http-nio-8080-exec-5] DEBUG c.z.f.t.m.UserMapper.findByUsername      : ==> Parameters: Andy(String)
2026-05-13 15:47:28.668 [http-nio-8080-exec-5] DEBUG c.z.f.t.m.UserMapper.findByUsername      : <==      Total: 1
2026-05-13 15:47:28.828 [http-nio-8080-exec-7] DEBUG c.z.f.t.filter.JwtAuthenticationFilter   : Authenticated [user=Andy, uri=/api/transactions/history]
2026-05-13 15:47:28.829 [http-nio-8080-exec-7] DEBUG c.z.f.t.m.UserMapper.findByUsername      : ==>  Preparing: SELECT * FROM users WHERE username = ?
2026-05-13 15:47:28.830 [http-nio-8080-exec-7] DEBUG c.z.f.t.m.UserMapper.findByUsername      : ==> Parameters: Andy(String)
2026-05-13 15:47:28.831 [http-nio-8080-exec-7] DEBUG c.z.f.t.m.UserMapper.findByUsername      : <==      Total: 1
2026-05-13 15:47:28.832 [http-nio-8080-exec-7] DEBUG c.z.f.t.m.T.findAllFiltered              : ==>  Preparing: SELECT t.*, c.name as categoryName FROM transactions t LEFT JOIN categories c ON t.category_id = c.id WHERE t.user_id = ? ORDER BY t.date DESC, t.id DESC LIMIT ? OFFSET ?
2026-05-13 15:47:28.833 [http-nio-8080-exec-7] DEBUG c.z.f.t.m.T.findAllFiltered              : ==> Parameters: 1(Long), 15(Integer), 0(Integer)
2026-05-13 15:47:28.840 [http-nio-8080-exec-7] DEBUG c.z.f.t.m.T.findAllFiltered              : <==      Total: 15
2026-05-13 15:47:28.851 [http-nio-8080-exec-7] DEBUG c.z.f.t.m.T.countFiltered                : ==>  Preparing: SELECT COUNT(*) FROM transactions t WHERE user_id = ?
2026-05-13 15:47:28.852 [http-nio-8080-exec-7] DEBUG c.z.f.t.m.T.countFiltered                : ==> Parameters: 1(Long)
2026-05-13 15:47:28.854 [http-nio-8080-exec-7] DEBUG c.z.f.t.m.T.countFiltered                : <==      Total: 1
2026-05-13 15:47:28.854 [http-nio-8080-exec-7] DEBUG c.z.f.t.c.TransactionController          : History query [userId=1, page=0, size=15, total=32]
2026-05-13 15:47:29.165 [http-nio-8080-exec-9] DEBUG c.z.f.t.filter.JwtAuthenticationFilter   : Authenticated [user=Andy, uri=/api/categories]
2026-05-13 15:47:29.166 [http-nio-8080-exec-9] DEBUG c.z.f.t.m.UserMapper.findByUsername      : ==>  Preparing: SELECT * FROM users WHERE username = ?
2026-05-13 15:47:29.166 [http-nio-8080-exec-9] DEBUG c.z.f.t.m.UserMapper.findByUsername      : ==> Parameters: Andy(String)
2026-05-13 15:47:29.168 [http-nio-8080-exec-9] DEBUG c.z.f.t.m.UserMapper.findByUsername      : <==      Total: 1
2026-05-13 15:47:59.562 [http-nio-8080-exec-2] DEBUG c.z.f.tracker.controller.AuthController  : Login attempt: [username=Andy]
2026-05-13 15:47:59.563 [http-nio-8080-exec-2] DEBUG c.z.f.t.m.UserMapper.findByUsername      : ==>  Preparing: SELECT * FROM users WHERE username = ?
2026-05-13 15:47:59.563 [http-nio-8080-exec-2] DEBUG c.z.f.t.m.UserMapper.findByUsername      : ==> Parameters: Andy(String)
2026-05-13 15:47:59.565 [http-nio-8080-exec-2] DEBUG c.z.f.t.m.UserMapper.findByUsername      : <==      Total: 1
2026-05-13 15:47:59.673 [http-nio-8080-exec-2] INFO  c.z.f.tracker.controller.AuthController  : Login success: [username=Andy]
2026-05-13 15:48:16.913 [http-nio-8080-exec-3] DEBUG c.z.f.t.filter.JwtAuthenticationFilter   : Authenticated [user=Andy, uri=/api/transactions/30/image-url]
2026-05-13 15:48:16.919 [http-nio-8080-exec-3] DEBUG c.z.f.t.m.UserMapper.findByUsername      : ==>  Preparing: SELECT * FROM users WHERE username = ?
2026-05-13 15:48:16.919 [http-nio-8080-exec-3] DEBUG c.z.f.t.m.UserMapper.findByUsername      : ==> Parameters: Andy(String)
2026-05-13 15:48:16.922 [http-nio-8080-exec-3] DEBUG c.z.f.t.m.UserMapper.findByUsername      : <==      Total: 1
2026-05-13 15:48:16.923 [http-nio-8080-exec-3] DEBUG c.z.f.t.m.TransactionMapper.findById     : ==>  Preparing: SELECT t.*, c.name as categoryName FROM transactions t LEFT JOIN categories c ON t.category_id = c.id WHERE t.id = ? AND t.user_id = ?
2026-05-13 15:48:16.923 [http-nio-8080-exec-3] DEBUG c.z.f.t.m.TransactionMapper.findById     : ==> Parameters: 30(Long), 1(Long)
2026-05-13 15:48:16.926 [http-nio-8080-exec-3] DEBUG c.z.f.t.m.TransactionMapper.findById     : <==      Total: 1
2026-05-13 15:52:31.001 [http-nio-8080-exec-5] DEBUG c.z.f.t.filter.JwtAuthenticationFilter   : Authenticated [user=Andy, uri=/api/transactions/summary]
2026-05-13 15:52:31.003 [http-nio-8080-exec-5] DEBUG c.z.f.t.m.UserMapper.findByUsername      : ==>  Preparing: SELECT * FROM users WHERE username = ?
2026-05-13 15:52:31.003 [http-nio-8080-exec-5] DEBUG c.z.f.t.m.UserMapper.findByUsername      : ==> Parameters: Andy(String)
2026-05-13 15:52:31.004 [http-nio-8080-exec-5] DEBUG c.z.f.t.m.UserMapper.findByUsername      : <==      Total: 1
2026-05-13 15:52:31.006 [http-nio-8080-exec-5] DEBUG c.z.f.t.m.T.getTotalBalance              : ==>  Preparing: SELECT COALESCE( SUM(CASE WHEN type = 'INCOME' THEN amount ELSE ABS(amount) * -1 END), 0 ) FROM transactions WHERE user_id = ?
2026-05-13 15:52:31.007 [http-nio-8080-exec-5] DEBUG c.z.f.t.m.T.getTotalBalance              : ==> Parameters: 1(Long)
2026-05-13 15:52:31.008 [http-nio-8080-exec-5] DEBUG c.z.f.t.m.T.getTotalBalance              : <==      Total: 1
2026-05-13 15:52:31.009 [http-nio-8080-exec-5] DEBUG c.z.f.t.m.T.getMonthlyBalance            : ==>  Preparing: SELECT SUM(CASE WHEN type = 'INCOME' THEN amount ELSE 0 END) as income, SUM(CASE WHEN type = 'EXPENSE' THEN ABS(amount) ELSE 0 END) as expense, SUM(CASE WHEN type = 'INCOME' THEN amount ELSE ABS(amount) * -1 END) as net FROM transactions WHERE user_id = ? AND DATE_FORMAT(date, '%Y-%m') = ?
2026-05-13 15:52:31.009 [http-nio-8080-exec-5] DEBUG c.z.f.t.m.T.getMonthlyBalance            : ==> Parameters: 1(Long), 2026-05(String)
2026-05-13 15:52:31.011 [http-nio-8080-exec-5] DEBUG c.z.f.t.m.T.getMonthlyBalance            : <==      Total: 1
2026-05-13 15:52:31.012 [http-nio-8080-exec-5] DEBUG c.z.f.t.m.T.getIncomeVsExpense           : ==>  Preparing: SELECT SUM(CASE WHEN type = 'INCOME' THEN amount ELSE 0 END) as totalIncome, SUM(CASE WHEN type = 'EXPENSE' THEN ABS(amount) ELSE 0 END) as totalExpense FROM transactions WHERE user_id = ?
2026-05-13 15:52:31.012 [http-nio-8080-exec-5] DEBUG c.z.f.t.m.T.getIncomeVsExpense           : ==> Parameters: 1(Long)
2026-05-13 15:52:31.014 [http-nio-8080-exec-5] DEBUG c.z.f.t.m.T.getIncomeVsExpense           : <==      Total: 1
2026-05-13 15:52:31.015 [http-nio-8080-exec-5] DEBUG c.z.f.t.m.T.getCategorySummary           : ==>  Preparing: SELECT c.name as name, SUM(ABS(t.amount)) as value FROM transactions t INNER JOIN categories c ON t.category_id = c.id WHERE t.user_id = ? AND t.type = ? GROUP BY c.name
2026-05-13 15:52:31.015 [http-nio-8080-exec-5] DEBUG c.z.f.t.m.T.getCategorySummary           : ==> Parameters: 1(Long), INCOME(String)
2026-05-13 15:52:31.018 [http-nio-8080-exec-5] DEBUG c.z.f.t.m.T.getCategorySummary           : <==      Total: 4
2026-05-13 15:52:31.018 [http-nio-8080-exec-5] DEBUG c.z.f.t.m.T.getCategorySummary           : ==>  Preparing: SELECT c.name as name, SUM(ABS(t.amount)) as value FROM transactions t INNER JOIN categories c ON t.category_id = c.id WHERE t.user_id = ? AND t.type = ? GROUP BY c.name
2026-05-13 15:52:31.018 [http-nio-8080-exec-5] DEBUG c.z.f.t.m.T.getCategorySummary           : ==> Parameters: 1(Long), EXPENSE(String)
2026-05-13 15:52:31.020 [http-nio-8080-exec-5] DEBUG c.z.f.t.m.T.getCategorySummary           : <==      Total: 7
2026-05-13 15:52:31.962 [http-nio-8080-exec-7] DEBUG c.z.f.t.filter.JwtAuthenticationFilter   : Authenticated [user=Andy, uri=/api/transactions/daily-trends]
2026-05-13 15:52:31.964 [http-nio-8080-exec-7] DEBUG c.z.f.t.m.UserMapper.findByUsername      : ==>  Preparing: SELECT * FROM users WHERE username = ?
2026-05-13 15:52:31.964 [http-nio-8080-exec-7] DEBUG c.z.f.t.m.UserMapper.findByUsername      : ==> Parameters: Andy(String)
2026-05-13 15:52:31.965 [http-nio-8080-exec-7] DEBUG c.z.f.t.m.UserMapper.findByUsername      : <==      Total: 1
2026-05-13 15:52:31.967 [http-nio-8080-exec-7] DEBUG c.z.f.t.m.T.getDailyTrends               : ==>  Preparing: SELECT DATE(t.date) as date, SUM(CASE WHEN t.type = 'INCOME' THEN t.amount ELSE 0 END) as income, SUM(CASE WHEN t.type = 'EXPENSE' THEN t.amount ELSE 0 END) as expense FROM transactions t WHERE t.user_id = ? AND t.date >= DATE_SUB(CURDATE(), INTERVAL ? DAY) GROUP BY DATE(t.date) ORDER BY date ASC
2026-05-13 15:52:31.967 [http-nio-8080-exec-7] DEBUG c.z.f.t.m.T.getDailyTrends               : ==> Parameters: 1(Long), 30(Integer)
2026-05-13 15:52:31.970 [http-nio-8080-exec-7] DEBUG c.z.f.t.m.T.getDailyTrends               : <==      Total: 10
2026-05-13 15:52:32.470 [http-nio-8080-exec-9] DEBUG c.z.f.t.filter.JwtAuthenticationFilter   : Authenticated [user=Andy, uri=/api/transactions/history]
2026-05-13 15:52:32.472 [http-nio-8080-exec-9] DEBUG c.z.f.t.m.UserMapper.findByUsername      : ==>  Preparing: SELECT * FROM users WHERE username = ?
2026-05-13 15:52:32.473 [http-nio-8080-exec-9] DEBUG c.z.f.t.m.UserMapper.findByUsername      : ==> Parameters: Andy(String)
2026-05-13 15:52:32.474 [http-nio-8080-exec-9] DEBUG c.z.f.t.m.UserMapper.findByUsername      : <==      Total: 1
2026-05-13 15:52:32.475 [http-nio-8080-exec-9] DEBUG c.z.f.t.m.T.findAllFiltered              : ==>  Preparing: SELECT t.*, c.name as categoryName FROM transactions t LEFT JOIN categories c ON t.category_id = c.id WHERE t.user_id = ? ORDER BY t.date DESC, t.id DESC LIMIT ? OFFSET ?
2026-05-13 15:52:32.476 [http-nio-8080-exec-9] DEBUG c.z.f.t.m.T.findAllFiltered              : ==> Parameters: 1(Long), 5(Integer), 0(Integer)
2026-05-13 15:52:32.480 [http-nio-8080-exec-9] DEBUG c.z.f.t.m.T.findAllFiltered              : <==      Total: 5
2026-05-13 15:52:32.487 [http-nio-8080-exec-9] DEBUG c.z.f.t.m.T.countFiltered                : ==>  Preparing: SELECT COUNT(*) FROM transactions t WHERE user_id = ?
2026-05-13 15:52:32.487 [http-nio-8080-exec-9] DEBUG c.z.f.t.m.T.countFiltered                : ==> Parameters: 1(Long)
2026-05-13 15:52:32.489 [http-nio-8080-exec-9] DEBUG c.z.f.t.m.T.countFiltered                : <==      Total: 1
2026-05-13 15:52:32.490 [http-nio-8080-exec-9] DEBUG c.z.f.t.c.TransactionController          : History query [userId=1, page=0, size=5, total=32]
2026-05-13 15:52:33.180 [http-nio-8080-exec-1] DEBUG c.z.f.t.filter.JwtAuthenticationFilter   : Authenticated [user=Andy, uri=/api/recurring/upcoming]
2026-05-13 15:52:33.182 [http-nio-8080-exec-1] DEBUG c.z.f.t.m.UserMapper.findByUsername      : ==>  Preparing: SELECT * FROM users WHERE username = ?
2026-05-13 15:52:33.182 [http-nio-8080-exec-1] DEBUG c.z.f.t.m.UserMapper.findByUsername      : ==> Parameters: Andy(String)
2026-05-13 15:52:33.183 [http-nio-8080-exec-1] DEBUG c.z.f.t.m.UserMapper.findByUsername      : <==      Total: 1
2026-05-13 15:52:33.184 [http-nio-8080-exec-1] DEBUG c.z.f.t.m.RecurringMapper.findUpcoming   : ==>  Preparing: SELECT r.*, c.name as categoryName FROM recurring_transactions r LEFT JOIN categories c ON r.category_id = c.id WHERE r.user_id = ? AND r.is_active = TRUE AND r.next_due_date <= DATE_ADD(CURDATE(), INTERVAL ? DAY) ORDER BY r.next_due_date ASC
2026-05-13 15:52:33.184 [http-nio-8080-exec-1] DEBUG c.z.f.t.m.RecurringMapper.findUpcoming   : ==> Parameters: 1(Long), 7(Integer)
2026-05-13 15:52:33.186 [http-nio-8080-exec-1] DEBUG c.z.f.t.m.RecurringMapper.findUpcoming   : <==      Total: 0
2026-05-13 15:52:36.601 [http-nio-8080-exec-3] DEBUG c.z.f.t.filter.JwtAuthenticationFilter   : Authenticated [user=Andy, uri=/api/categories]
2026-05-13 15:52:36.603 [http-nio-8080-exec-3] DEBUG c.z.f.t.m.UserMapper.findByUsername      : ==>  Preparing: SELECT * FROM users WHERE username = ?
2026-05-13 15:52:36.604 [http-nio-8080-exec-3] DEBUG c.z.f.t.m.UserMapper.findByUsername      : ==> Parameters: Andy(String)
2026-05-13 15:52:36.606 [http-nio-8080-exec-3] DEBUG c.z.f.t.m.UserMapper.findByUsername      : <==      Total: 1
2026-05-13 15:52:36.752 [http-nio-8080-exec-5] DEBUG c.z.f.t.filter.JwtAuthenticationFilter   : Authenticated [user=Andy, uri=/api/transactions/history]
2026-05-13 15:52:36.753 [http-nio-8080-exec-5] DEBUG c.z.f.t.m.UserMapper.findByUsername      : ==>  Preparing: SELECT * FROM users WHERE username = ?
2026-05-13 15:52:36.753 [http-nio-8080-exec-5] DEBUG c.z.f.t.m.UserMapper.findByUsername      : ==> Parameters: Andy(String)
2026-05-13 15:52:36.755 [http-nio-8080-exec-5] DEBUG c.z.f.t.m.UserMapper.findByUsername      : <==      Total: 1
2026-05-13 15:52:36.756 [http-nio-8080-exec-5] DEBUG c.z.f.t.m.T.findAllFiltered              : ==>  Preparing: SELECT t.*, c.name as categoryName FROM transactions t LEFT JOIN categories c ON t.category_id = c.id WHERE t.user_id = ? ORDER BY t.date DESC, t.id DESC LIMIT ? OFFSET ?
2026-05-13 15:52:36.756 [http-nio-8080-exec-5] DEBUG c.z.f.t.m.T.findAllFiltered              : ==> Parameters: 1(Long), 15(Integer), 0(Integer)
2026-05-13 15:52:36.760 [http-nio-8080-exec-5] DEBUG c.z.f.t.m.T.findAllFiltered              : <==      Total: 15
2026-05-13 15:52:36.773 [http-nio-8080-exec-5] DEBUG c.z.f.t.m.T.countFiltered                : ==>  Preparing: SELECT COUNT(*) FROM transactions t WHERE user_id = ?
2026-05-13 15:52:36.773 [http-nio-8080-exec-5] DEBUG c.z.f.t.m.T.countFiltered                : ==> Parameters: 1(Long)
2026-05-13 15:52:36.775 [http-nio-8080-exec-5] DEBUG c.z.f.t.m.T.countFiltered                : <==      Total: 1
2026-05-13 15:52:36.775 [http-nio-8080-exec-5] DEBUG c.z.f.t.c.TransactionController          : History query [userId=1, page=0, size=15, total=32]
2026-05-13 15:52:37.110 [http-nio-8080-exec-7] DEBUG c.z.f.t.filter.JwtAuthenticationFilter   : Authenticated [user=Andy, uri=/api/categories]
2026-05-13 15:52:37.111 [http-nio-8080-exec-7] DEBUG c.z.f.t.m.UserMapper.findByUsername      : ==>  Preparing: SELECT * FROM users WHERE username = ?
2026-05-13 15:52:37.111 [http-nio-8080-exec-7] DEBUG c.z.f.t.m.UserMapper.findByUsername      : ==> Parameters: Andy(String)
2026-05-13 15:52:37.113 [http-nio-8080-exec-7] DEBUG c.z.f.t.m.UserMapper.findByUsername      : <==      Total: 1
2026-05-13 15:55:27.151 [http-nio-8080-exec-9] DEBUG c.z.f.t.filter.JwtAuthenticationFilter   : Authenticated [user=Andy, uri=/api/transactions/trends]
2026-05-13 15:55:27.154 [http-nio-8080-exec-9] DEBUG c.z.f.t.m.UserMapper.findByUsername      : ==>  Preparing: SELECT * FROM users WHERE username = ?
2026-05-13 15:55:27.155 [http-nio-8080-exec-9] DEBUG c.z.f.t.m.UserMapper.findByUsername      : ==> Parameters: Andy(String)
2026-05-13 15:55:27.157 [http-nio-8080-exec-9] DEBUG c.z.f.t.m.UserMapper.findByUsername      : <==      Total: 1
2026-05-13 15:55:27.161 [http-nio-8080-exec-9] DEBUG c.z.f.t.m.T.getTimeSeriesData            : ==>  Preparing: SELECT DATE_FORMAT(date, '%Y-%m') as timeLabel, SUM(ABS(amount)) as total FROM transactions WHERE user_id = ? AND type = ? GROUP BY timeLabel ORDER BY timeLabel ASC
2026-05-13 15:55:27.162 [http-nio-8080-exec-9] DEBUG c.z.f.t.m.T.getTimeSeriesData            : ==> Parameters: 1(Long), INCOME(String)
2026-05-13 15:55:27.165 [http-nio-8080-exec-9] DEBUG c.z.f.t.m.T.getTimeSeriesData            : <==      Total: 4
2026-05-13 15:55:27.991 [http-nio-8080-exec-1] DEBUG c.z.f.t.filter.JwtAuthenticationFilter   : Authenticated [user=Andy, uri=/api/transactions/trends]
2026-05-13 15:55:27.993 [http-nio-8080-exec-1] DEBUG c.z.f.t.m.UserMapper.findByUsername      : ==>  Preparing: SELECT * FROM users WHERE username = ?
2026-05-13 15:55:27.993 [http-nio-8080-exec-1] DEBUG c.z.f.t.m.UserMapper.findByUsername      : ==> Parameters: Andy(String)
2026-05-13 15:55:27.994 [http-nio-8080-exec-1] DEBUG c.z.f.t.m.UserMapper.findByUsername      : <==      Total: 1
2026-05-13 15:55:27.996 [http-nio-8080-exec-1] DEBUG c.z.f.t.m.T.getTimeSeriesData            : ==>  Preparing: SELECT DATE_FORMAT(date, '%Y-%m') as timeLabel, SUM(ABS(amount)) as total FROM transactions WHERE user_id = ? AND type = ? GROUP BY timeLabel ORDER BY timeLabel ASC
2026-05-13 15:55:27.997 [http-nio-8080-exec-1] DEBUG c.z.f.t.m.T.getTimeSeriesData            : ==> Parameters: 1(Long), EXPENSE(String)
2026-05-13 15:55:27.999 [http-nio-8080-exec-1] DEBUG c.z.f.t.m.T.getTimeSeriesData            : <==      Total: 5
2026-05-13 15:55:28.387 [http-nio-8080-exec-3] DEBUG c.z.f.t.filter.JwtAuthenticationFilter   : Authenticated [user=Andy, uri=/api/transactions/summary]
2026-05-13 15:55:28.388 [http-nio-8080-exec-3] DEBUG c.z.f.t.m.UserMapper.findByUsername      : ==>  Preparing: SELECT * FROM users WHERE username = ?
2026-05-13 15:55:28.389 [http-nio-8080-exec-3] DEBUG c.z.f.t.m.UserMapper.findByUsername      : ==> Parameters: Andy(String)
2026-05-13 15:55:28.392 [http-nio-8080-exec-3] DEBUG c.z.f.t.m.UserMapper.findByUsername      : <==      Total: 1
2026-05-13 15:55:30.223 [http-nio-8080-exec-5] DEBUG c.z.f.t.filter.JwtAuthenticationFilter   : Authenticated [user=Andy, uri=/api/categories]
2026-05-13 15:55:30.225 [http-nio-8080-exec-5] DEBUG c.z.f.t.m.UserMapper.findByUsername      : ==>  Preparing: SELECT * FROM users WHERE username = ?
2026-05-13 15:55:30.226 [http-nio-8080-exec-5] DEBUG c.z.f.t.m.UserMapper.findByUsername      : ==> Parameters: Andy(String)
2026-05-13 15:55:30.228 [http-nio-8080-exec-5] DEBUG c.z.f.t.m.UserMapper.findByUsername      : <==      Total: 1
2026-05-13 15:55:30.282 [http-nio-8080-exec-7] DEBUG c.z.f.t.filter.JwtAuthenticationFilter   : Authenticated [user=Andy, uri=/api/transactions/history]
2026-05-13 15:55:30.283 [http-nio-8080-exec-7] DEBUG c.z.f.t.m.UserMapper.findByUsername      : ==>  Preparing: SELECT * FROM users WHERE username = ?
2026-05-13 15:55:30.284 [http-nio-8080-exec-7] DEBUG c.z.f.t.m.UserMapper.findByUsername      : ==> Parameters: Andy(String)
2026-05-13 15:55:30.285 [http-nio-8080-exec-7] DEBUG c.z.f.t.m.UserMapper.findByUsername      : <==      Total: 1
2026-05-13 15:55:30.286 [http-nio-8080-exec-7] DEBUG c.z.f.t.m.T.findAllFiltered              : ==>  Preparing: SELECT t.*, c.name as categoryName FROM transactions t LEFT JOIN categories c ON t.category_id = c.id WHERE t.user_id = ? ORDER BY t.date DESC, t.id DESC LIMIT ? OFFSET ?
2026-05-13 15:55:30.286 [http-nio-8080-exec-7] DEBUG c.z.f.t.m.T.findAllFiltered              : ==> Parameters: 1(Long), 15(Integer), 0(Integer)
2026-05-13 15:55:30.293 [http-nio-8080-exec-7] DEBUG c.z.f.t.m.T.findAllFiltered              : <==      Total: 15
2026-05-13 15:55:30.304 [http-nio-8080-exec-7] DEBUG c.z.f.t.m.T.countFiltered                : ==>  Preparing: SELECT COUNT(*) FROM transactions t WHERE user_id = ?
2026-05-13 15:55:30.304 [http-nio-8080-exec-7] DEBUG c.z.f.t.m.T.countFiltered                : ==> Parameters: 1(Long)
2026-05-13 15:55:30.306 [http-nio-8080-exec-7] DEBUG c.z.f.t.m.T.countFiltered                : <==      Total: 1
2026-05-13 15:55:30.306 [http-nio-8080-exec-7] DEBUG c.z.f.t.c.TransactionController          : History query [userId=1, page=0, size=15, total=32]
2026-05-13 15:55:30.667 [http-nio-8080-exec-9] DEBUG c.z.f.t.filter.JwtAuthenticationFilter   : Authenticated [user=Andy, uri=/api/categories]
2026-05-13 15:55:30.668 [http-nio-8080-exec-9] DEBUG c.z.f.t.m.UserMapper.findByUsername      : ==>  Preparing: SELECT * FROM users WHERE username = ?
2026-05-13 15:55:30.668 [http-nio-8080-exec-9] DEBUG c.z.f.t.m.UserMapper.findByUsername      : ==> Parameters: Andy(String)
2026-05-13 15:55:30.670 [http-nio-8080-exec-9] DEBUG c.z.f.t.m.UserMapper.findByUsername      : <==      Total: 1
2026-05-13 16:00:01.096 [http-nio-8080-exec-1] DEBUG c.z.f.t.filter.JwtAuthenticationFilter   : Authenticated [user=Andy, uri=/api/transactions/summary]
2026-05-13 16:00:01.099 [http-nio-8080-exec-1] DEBUG c.z.f.t.m.UserMapper.findByUsername      : ==>  Preparing: SELECT * FROM users WHERE username = ?
2026-05-13 16:00:01.100 [http-nio-8080-exec-1] DEBUG c.z.f.t.m.UserMapper.findByUsername      : ==> Parameters: Andy(String)
2026-05-13 16:00:01.102 [http-nio-8080-exec-1] DEBUG c.z.f.t.m.UserMapper.findByUsername      : <==      Total: 1
2026-05-13 16:00:01.105 [http-nio-8080-exec-1] DEBUG c.z.f.t.m.T.getTotalBalance              : ==>  Preparing: SELECT COALESCE( SUM(CASE WHEN type = 'INCOME' THEN amount ELSE ABS(amount) * -1 END), 0 ) FROM transactions WHERE user_id = ?
2026-05-13 16:00:01.106 [http-nio-8080-exec-1] DEBUG c.z.f.t.m.T.getTotalBalance              : ==> Parameters: 1(Long)
2026-05-13 16:00:01.108 [http-nio-8080-exec-1] DEBUG c.z.f.t.m.T.getTotalBalance              : <==      Total: 1
2026-05-13 16:00:01.108 [http-nio-8080-exec-1] DEBUG c.z.f.t.m.T.getMonthlyBalance            : ==>  Preparing: SELECT SUM(CASE WHEN type = 'INCOME' THEN amount ELSE 0 END) as income, SUM(CASE WHEN type = 'EXPENSE' THEN ABS(amount) ELSE 0 END) as expense, SUM(CASE WHEN type = 'INCOME' THEN amount ELSE ABS(amount) * -1 END) as net FROM transactions WHERE user_id = ? AND DATE_FORMAT(date, '%Y-%m') = ?
2026-05-13 16:00:01.109 [http-nio-8080-exec-1] DEBUG c.z.f.t.m.T.getMonthlyBalance            : ==> Parameters: 1(Long), 2026-05(String)
2026-05-13 16:00:01.111 [http-nio-8080-exec-1] DEBUG c.z.f.t.m.T.getMonthlyBalance            : <==      Total: 1
2026-05-13 16:00:01.112 [http-nio-8080-exec-1] DEBUG c.z.f.t.m.T.getIncomeVsExpense           : ==>  Preparing: SELECT SUM(CASE WHEN type = 'INCOME' THEN amount ELSE 0 END) as totalIncome, SUM(CASE WHEN type = 'EXPENSE' THEN ABS(amount) ELSE 0 END) as totalExpense FROM transactions WHERE user_id = ?
2026-05-13 16:00:01.112 [http-nio-8080-exec-1] DEBUG c.z.f.t.m.T.getIncomeVsExpense           : ==> Parameters: 1(Long)
2026-05-13 16:00:01.114 [http-nio-8080-exec-1] DEBUG c.z.f.t.m.T.getIncomeVsExpense           : <==      Total: 1
2026-05-13 16:00:01.115 [http-nio-8080-exec-1] DEBUG c.z.f.t.m.T.getCategorySummary           : ==>  Preparing: SELECT c.name as name, SUM(ABS(t.amount)) as value FROM transactions t INNER JOIN categories c ON t.category_id = c.id WHERE t.user_id = ? AND t.type = ? GROUP BY c.name
2026-05-13 16:00:01.115 [http-nio-8080-exec-1] DEBUG c.z.f.t.m.T.getCategorySummary           : ==> Parameters: 1(Long), INCOME(String)
2026-05-13 16:00:01.118 [http-nio-8080-exec-1] DEBUG c.z.f.t.m.T.getCategorySummary           : <==      Total: 4
2026-05-13 16:00:01.119 [http-nio-8080-exec-1] DEBUG c.z.f.t.m.T.getCategorySummary           : ==>  Preparing: SELECT c.name as name, SUM(ABS(t.amount)) as value FROM transactions t INNER JOIN categories c ON t.category_id = c.id WHERE t.user_id = ? AND t.type = ? GROUP BY c.name
2026-05-13 16:00:01.119 [http-nio-8080-exec-1] DEBUG c.z.f.t.m.T.getCategorySummary           : ==> Parameters: 1(Long), EXPENSE(String)
2026-05-13 16:00:01.122 [http-nio-8080-exec-1] DEBUG c.z.f.t.m.T.getCategorySummary           : <==      Total: 7
2026-05-13 16:00:01.499 [http-nio-8080-exec-3] DEBUG c.z.f.t.filter.JwtAuthenticationFilter   : Authenticated [user=Andy, uri=/api/transactions/daily-trends]
2026-05-13 16:00:01.499 [http-nio-8080-exec-3] DEBUG c.z.f.t.m.UserMapper.findByUsername      : ==>  Preparing: SELECT * FROM users WHERE username = ?
2026-05-13 16:00:01.500 [http-nio-8080-exec-3] DEBUG c.z.f.t.m.UserMapper.findByUsername      : ==> Parameters: Andy(String)
2026-05-13 16:00:01.502 [http-nio-8080-exec-3] DEBUG c.z.f.t.m.UserMapper.findByUsername      : <==      Total: 1
2026-05-13 16:00:01.505 [http-nio-8080-exec-3] DEBUG c.z.f.t.m.T.getDailyTrends               : ==>  Preparing: SELECT DATE(t.date) as date, SUM(CASE WHEN t.type = 'INCOME' THEN t.amount ELSE 0 END) as income, SUM(CASE WHEN t.type = 'EXPENSE' THEN t.amount ELSE 0 END) as expense FROM transactions t WHERE t.user_id = ? AND t.date >= DATE_SUB(CURDATE(), INTERVAL ? DAY) GROUP BY DATE(t.date) ORDER BY date ASC
2026-05-13 16:00:01.505 [http-nio-8080-exec-3] DEBUG c.z.f.t.m.T.getDailyTrends               : ==> Parameters: 1(Long), 30(Integer)
2026-05-13 16:00:01.511 [http-nio-8080-exec-3] DEBUG c.z.f.t.m.T.getDailyTrends               : <==      Total: 10
2026-05-13 16:00:01.953 [http-nio-8080-exec-5] DEBUG c.z.f.t.filter.JwtAuthenticationFilter   : Authenticated [user=Andy, uri=/api/transactions/history]
2026-05-13 16:00:01.954 [http-nio-8080-exec-5] DEBUG c.z.f.t.m.UserMapper.findByUsername      : ==>  Preparing: SELECT * FROM users WHERE username = ?
2026-05-13 16:00:01.955 [http-nio-8080-exec-5] DEBUG c.z.f.t.m.UserMapper.findByUsername      : ==> Parameters: Andy(String)
2026-05-13 16:00:01.957 [http-nio-8080-exec-5] DEBUG c.z.f.t.m.UserMapper.findByUsername      : <==      Total: 1
2026-05-13 16:00:01.958 [http-nio-8080-exec-5] DEBUG c.z.f.t.m.T.findAllFiltered              : ==>  Preparing: SELECT t.*, c.name as categoryName FROM transactions t LEFT JOIN categories c ON t.category_id = c.id WHERE t.user_id = ? ORDER BY t.date DESC, t.id DESC LIMIT ? OFFSET ?
2026-05-13 16:00:01.958 [http-nio-8080-exec-5] DEBUG c.z.f.t.m.T.findAllFiltered              : ==> Parameters: 1(Long), 5(Integer), 0(Integer)
2026-05-13 16:00:01.963 [http-nio-8080-exec-5] DEBUG c.z.f.t.m.T.findAllFiltered              : <==      Total: 5
2026-05-13 16:00:01.968 [http-nio-8080-exec-5] DEBUG c.z.f.t.m.T.countFiltered                : ==>  Preparing: SELECT COUNT(*) FROM transactions t WHERE user_id = ?
2026-05-13 16:00:01.969 [http-nio-8080-exec-5] DEBUG c.z.f.t.m.T.countFiltered                : ==> Parameters: 1(Long)
2026-05-13 16:00:01.972 [http-nio-8080-exec-5] DEBUG c.z.f.t.m.T.countFiltered                : <==      Total: 1
2026-05-13 16:00:01.972 [http-nio-8080-exec-5] DEBUG c.z.f.t.c.TransactionController          : History query [userId=1, page=0, size=5, total=32]
2026-05-13 16:00:02.358 [http-nio-8080-exec-7] DEBUG c.z.f.t.filter.JwtAuthenticationFilter   : Authenticated [user=Andy, uri=/api/recurring/upcoming]
2026-05-13 16:00:02.359 [http-nio-8080-exec-7] DEBUG c.z.f.t.m.UserMapper.findByUsername      : ==>  Preparing: SELECT * FROM users WHERE username = ?
2026-05-13 16:00:02.360 [http-nio-8080-exec-7] DEBUG c.z.f.t.m.UserMapper.findByUsername      : ==> Parameters: Andy(String)
2026-05-13 16:00:02.361 [http-nio-8080-exec-7] DEBUG c.z.f.t.m.UserMapper.findByUsername      : <==      Total: 1
2026-05-13 16:00:02.362 [http-nio-8080-exec-7] DEBUG c.z.f.t.m.RecurringMapper.findUpcoming   : ==>  Preparing: SELECT r.*, c.name as categoryName FROM recurring_transactions r LEFT JOIN categories c ON r.category_id = c.id WHERE r.user_id = ? AND r.is_active = TRUE AND r.next_due_date <= DATE_ADD(CURDATE(), INTERVAL ? DAY) ORDER BY r.next_due_date ASC
2026-05-13 16:00:02.362 [http-nio-8080-exec-7] DEBUG c.z.f.t.m.RecurringMapper.findUpcoming   : ==> Parameters: 1(Long), 7(Integer)
2026-05-13 16:00:02.363 [http-nio-8080-exec-7] DEBUG c.z.f.t.m.RecurringMapper.findUpcoming   : <==      Total: 0
2026-05-13 16:00:49.783 [http-nio-8080-exec-9] DEBUG c.z.f.t.filter.JwtAuthenticationFilter   : Authenticated [user=Andy, uri=/api/profile]
2026-05-13 16:00:49.786 [http-nio-8080-exec-9] DEBUG c.z.f.t.m.UserMapper.findByUsername      : ==>  Preparing: SELECT * FROM users WHERE username = ?
2026-05-13 16:00:49.787 [http-nio-8080-exec-9] DEBUG c.z.f.t.m.UserMapper.findByUsername      : ==> Parameters: Andy(String)
2026-05-13 16:00:49.790 [http-nio-8080-exec-9] DEBUG c.z.f.t.m.UserMapper.findByUsername      : <==      Total: 1
2026-05-13 16:00:50.358 [http-nio-8080-exec-1] DEBUG c.z.f.t.filter.JwtAuthenticationFilter   : Authenticated [user=Andy, uri=/api/profile/avatar-url]
2026-05-13 16:00:50.366 [http-nio-8080-exec-1] WARN  .w.s.m.s.DefaultHandlerExceptionResolver : Resolved [org.springframework.web.bind.MissingPathVariableException: Required URI template variable 'id' for method parameter type Long is not present]
2026-05-13 16:01:46.033 [http-nio-8080-exec-3] DEBUG c.z.f.t.filter.JwtAuthenticationFilter   : Authenticated [user=Andy, uri=/api/transactions/trends]
2026-05-13 16:01:46.035 [http-nio-8080-exec-3] DEBUG c.z.f.t.m.UserMapper.findByUsername      : ==>  Preparing: SELECT * FROM users WHERE username = ?
2026-05-13 16:01:46.036 [http-nio-8080-exec-3] DEBUG c.z.f.t.m.UserMapper.findByUsername      : ==> Parameters: Andy(String)
2026-05-13 16:01:46.038 [http-nio-8080-exec-3] DEBUG c.z.f.t.m.UserMapper.findByUsername      : <==      Total: 1
2026-05-13 16:01:46.040 [http-nio-8080-exec-3] DEBUG c.z.f.t.m.T.getTimeSeriesData            : ==>  Preparing: SELECT DATE_FORMAT(date, '%Y-%m') as timeLabel, SUM(ABS(amount)) as total FROM transactions WHERE user_id = ? AND type = ? GROUP BY timeLabel ORDER BY timeLabel ASC
2026-05-13 16:01:46.040 [http-nio-8080-exec-3] DEBUG c.z.f.t.m.T.getTimeSeriesData            : ==> Parameters: 1(Long), INCOME(String)
2026-05-13 16:01:46.043 [http-nio-8080-exec-3] DEBUG c.z.f.t.m.T.getTimeSeriesData            : <==      Total: 4
2026-05-13 16:01:46.396 [http-nio-8080-exec-5] DEBUG c.z.f.t.filter.JwtAuthenticationFilter   : Authenticated [user=Andy, uri=/api/transactions/trends]
2026-05-13 16:01:46.397 [http-nio-8080-exec-5] DEBUG c.z.f.t.m.UserMapper.findByUsername      : ==>  Preparing: SELECT * FROM users WHERE username = ?
2026-05-13 16:01:46.397 [http-nio-8080-exec-5] DEBUG c.z.f.t.m.UserMapper.findByUsername      : ==> Parameters: Andy(String)
2026-05-13 16:01:46.399 [http-nio-8080-exec-5] DEBUG c.z.f.t.m.UserMapper.findByUsername      : <==      Total: 1
2026-05-13 16:01:46.401 [http-nio-8080-exec-5] DEBUG c.z.f.t.m.T.getTimeSeriesData            : ==>  Preparing: SELECT DATE_FORMAT(date, '%Y-%m') as timeLabel, SUM(ABS(amount)) as total FROM transactions WHERE user_id = ? AND type = ? GROUP BY timeLabel ORDER BY timeLabel ASC
2026-05-13 16:01:46.401 [http-nio-8080-exec-5] DEBUG c.z.f.t.m.T.getTimeSeriesData            : ==> Parameters: 1(Long), EXPENSE(String)
2026-05-13 16:01:46.403 [http-nio-8080-exec-5] DEBUG c.z.f.t.m.T.getTimeSeriesData            : <==      Total: 5
2026-05-13 16:01:46.862 [http-nio-8080-exec-7] DEBUG c.z.f.t.filter.JwtAuthenticationFilter   : Authenticated [user=Andy, uri=/api/transactions/summary]
2026-05-13 16:01:46.863 [http-nio-8080-exec-7] DEBUG c.z.f.t.m.UserMapper.findByUsername      : ==>  Preparing: SELECT * FROM users WHERE username = ?
2026-05-13 16:01:46.864 [http-nio-8080-exec-7] DEBUG c.z.f.t.m.UserMapper.findByUsername      : ==> Parameters: Andy(String)
2026-05-13 16:01:46.865 [http-nio-8080-exec-7] DEBUG c.z.f.t.m.UserMapper.findByUsername      : <==      Total: 1
2026-05-13 16:01:48.353 [http-nio-8080-exec-9] DEBUG c.z.f.t.filter.JwtAuthenticationFilter   : Authenticated [user=Andy, uri=/api/profile]
2026-05-13 16:01:48.355 [http-nio-8080-exec-9] DEBUG c.z.f.t.m.UserMapper.findByUsername      : ==>  Preparing: SELECT * FROM users WHERE username = ?
2026-05-13 16:01:48.355 [http-nio-8080-exec-9] DEBUG c.z.f.t.m.UserMapper.findByUsername      : ==> Parameters: Andy(String)
2026-05-13 16:01:48.357 [http-nio-8080-exec-9] DEBUG c.z.f.t.m.UserMapper.findByUsername      : <==      Total: 1
2026-05-13 16:01:48.596 [http-nio-8080-exec-1] DEBUG c.z.f.t.filter.JwtAuthenticationFilter   : Authenticated [user=Andy, uri=/api/profile/avatar-url]
2026-05-13 16:01:48.597 [http-nio-8080-exec-1] WARN  .w.s.m.s.DefaultHandlerExceptionResolver : Resolved [org.springframework.web.bind.MissingPathVariableException: Required URI template variable 'id' for method parameter type Long is not present]
2026-05-13 16:05:05.244 [SpringApplicationShutdownHook] INFO  o.s.b.w.e.tomcat.GracefulShutdown        : Commencing graceful shutdown. Waiting for active requests to complete
2026-05-13 16:05:07.253 [tomcat-shutdown] INFO  o.s.b.w.e.tomcat.GracefulShutdown        : Graceful shutdown complete
2026-05-13 16:08:04.948 [main] INFO  c.z.f.tracker.FinanceTrackerApplication  : The following 1 profile is active: "dev"
2026-05-13 16:08:05.771 [main] INFO  .s.d.r.c.RepositoryConfigurationDelegate : Multiple Spring Data modules found, entering strict repository configuration mode
2026-05-13 16:08:05.774 [main] INFO  .s.d.r.c.RepositoryConfigurationDelegate : Bootstrapping Spring Data Redis repositories in DEFAULT mode.
2026-05-13 16:08:05.808 [main] INFO  .s.d.r.c.RepositoryConfigurationDelegate : Finished Spring Data repository scanning in 10 ms. Found 0 Redis repository interfaces.
2026-05-13 16:08:06.814 [main] INFO  o.s.b.w.embedded.tomcat.TomcatWebServer  : Tomcat initialized with port 8080 (http)
2026-05-13 16:08:06.831 [main] INFO  o.a.coyote.http11.Http11NioProtocol      : Initializing ProtocolHandler ["http-nio-8080"]
2026-05-13 16:08:06.834 [main] INFO  o.apache.catalina.core.StandardService   : Starting service [Tomcat]
2026-05-13 16:08:06.834 [main] INFO  o.apache.catalina.core.StandardEngine    : Starting Servlet engine: [Apache Tomcat/10.1.49]
2026-05-13 16:08:06.909 [main] INFO  o.a.c.c.C.[Tomcat].[localhost].[/]       : Initializing Spring embedded WebApplicationContext
2026-05-13 16:08:06.909 [main] INFO  w.s.c.ServletWebServerApplicationContext : Root WebApplicationContext: initialization completed in 1938 ms
2026-05-13 16:08:06.999 [main] DEBUG c.z.f.t.filter.JwtAuthenticationFilter   : Filter 'jwtAuthenticationFilter' configured for use
2026-05-13 16:08:09.079 [main] INFO  o.a.coyote.http11.Http11NioProtocol      : Starting ProtocolHandler ["http-nio-8080"]
2026-05-13 16:08:09.115 [main] INFO  o.s.b.w.embedded.tomcat.TomcatWebServer  : Tomcat started on port 8080 (http) with context path '/'
2026-05-13 16:08:09.159 [main] INFO  c.z.f.tracker.FinanceTrackerApplication  : Started FinanceTrackerApplication in 6.183 seconds (process running for 7.222)
2026-05-13 16:14:24.617 [http-nio-8080-exec-1] INFO  o.a.c.c.C.[Tomcat].[localhost].[/]       : Initializing Spring DispatcherServlet 'dispatcherServlet'
2026-05-13 16:14:24.847 [http-nio-8080-exec-1] DEBUG c.z.f.t.filter.JwtAuthenticationFilter   : Authenticated [user=Andy, uri=/api/transactions/summary]
2026-05-13 16:14:25.245 [http-nio-8080-exec-1] DEBUG c.z.f.t.m.UserMapper.findByUsername      : ==>  Preparing: SELECT * FROM users WHERE username = ?
2026-05-13 16:14:25.288 [http-nio-8080-exec-1] DEBUG c.z.f.t.m.UserMapper.findByUsername      : ==> Parameters: Andy(String)
2026-05-13 16:14:25.363 [http-nio-8080-exec-1] DEBUG c.z.f.t.m.UserMapper.findByUsername      : <==      Total: 1
2026-05-13 16:14:26.057 [http-nio-8080-exec-1] DEBUG c.z.f.t.m.T.getTotalBalance              : ==>  Preparing: SELECT COALESCE( SUM(CASE WHEN type = 'INCOME' THEN amount ELSE ABS(amount) * -1 END), 0 ) FROM transactions WHERE user_id = ?
2026-05-13 16:14:26.062 [http-nio-8080-exec-1] DEBUG c.z.f.t.m.T.getTotalBalance              : ==> Parameters: 1(Long)
2026-05-13 16:14:26.067 [http-nio-8080-exec-1] DEBUG c.z.f.t.m.T.getTotalBalance              : <==      Total: 1
2026-05-13 16:14:26.071 [http-nio-8080-exec-1] DEBUG c.z.f.t.m.T.getMonthlyBalance            : ==>  Preparing: SELECT SUM(CASE WHEN type = 'INCOME' THEN amount ELSE 0 END) as income, SUM(CASE WHEN type = 'EXPENSE' THEN ABS(amount) ELSE 0 END) as expense, SUM(CASE WHEN type = 'INCOME' THEN amount ELSE ABS(amount) * -1 END) as net FROM transactions WHERE user_id = ? AND DATE_FORMAT(date, '%Y-%m') = ?
2026-05-13 16:14:26.072 [http-nio-8080-exec-1] DEBUG c.z.f.t.m.T.getMonthlyBalance            : ==> Parameters: 1(Long), 2026-05(String)
2026-05-13 16:14:26.074 [http-nio-8080-exec-1] DEBUG c.z.f.t.m.T.getMonthlyBalance            : <==      Total: 1
2026-05-13 16:14:26.075 [http-nio-8080-exec-1] DEBUG c.z.f.t.m.T.getIncomeVsExpense           : ==>  Preparing: SELECT SUM(CASE WHEN type = 'INCOME' THEN amount ELSE 0 END) as totalIncome, SUM(CASE WHEN type = 'EXPENSE' THEN ABS(amount) ELSE 0 END) as totalExpense FROM transactions WHERE user_id = ?
2026-05-13 16:14:26.076 [http-nio-8080-exec-1] DEBUG c.z.f.t.m.T.getIncomeVsExpense           : ==> Parameters: 1(Long)
2026-05-13 16:14:26.079 [http-nio-8080-exec-1] DEBUG c.z.f.t.m.T.getIncomeVsExpense           : <==      Total: 1
2026-05-13 16:14:26.081 [http-nio-8080-exec-1] DEBUG c.z.f.t.m.T.getCategorySummary           : ==>  Preparing: SELECT c.name as name, SUM(ABS(t.amount)) as value FROM transactions t INNER JOIN categories c ON t.category_id = c.id WHERE t.user_id = ? AND t.type = ? GROUP BY c.name
2026-05-13 16:14:26.082 [http-nio-8080-exec-1] DEBUG c.z.f.t.m.T.getCategorySummary           : ==> Parameters: 1(Long), INCOME(String)
2026-05-13 16:14:26.085 [http-nio-8080-exec-1] DEBUG c.z.f.t.m.T.getCategorySummary           : <==      Total: 4
2026-05-13 16:14:26.086 [http-nio-8080-exec-1] DEBUG c.z.f.t.m.T.getCategorySummary           : ==>  Preparing: SELECT c.name as name, SUM(ABS(t.amount)) as value FROM transactions t INNER JOIN categories c ON t.category_id = c.id WHERE t.user_id = ? AND t.type = ? GROUP BY c.name
2026-05-13 16:14:26.086 [http-nio-8080-exec-1] DEBUG c.z.f.t.m.T.getCategorySummary           : ==> Parameters: 1(Long), EXPENSE(String)
2026-05-13 16:14:26.089 [http-nio-8080-exec-1] DEBUG c.z.f.t.m.T.getCategorySummary           : <==      Total: 7
2026-05-13 16:14:26.778 [http-nio-8080-exec-2] DEBUG c.z.f.t.filter.JwtAuthenticationFilter   : Authenticated [user=Andy, uri=/api/transactions/daily-trends]
2026-05-13 16:14:26.785 [http-nio-8080-exec-2] DEBUG c.z.f.t.m.UserMapper.findByUsername      : ==>  Preparing: SELECT * FROM users WHERE username = ?
2026-05-13 16:14:26.786 [http-nio-8080-exec-2] DEBUG c.z.f.t.m.UserMapper.findByUsername      : ==> Parameters: Andy(String)
2026-05-13 16:14:26.788 [http-nio-8080-exec-2] DEBUG c.z.f.t.m.UserMapper.findByUsername      : <==      Total: 1
2026-05-13 16:14:26.794 [http-nio-8080-exec-2] DEBUG c.z.f.t.m.T.getDailyTrends               : ==>  Preparing: SELECT DATE(t.date) as date, SUM(CASE WHEN t.type = 'INCOME' THEN t.amount ELSE 0 END) as income, SUM(CASE WHEN t.type = 'EXPENSE' THEN t.amount ELSE 0 END) as expense FROM transactions t WHERE t.user_id = ? AND t.date >= DATE_SUB(CURDATE(), INTERVAL ? DAY) GROUP BY DATE(t.date) ORDER BY date ASC
2026-05-13 16:14:26.798 [http-nio-8080-exec-2] DEBUG c.z.f.t.m.T.getDailyTrends               : ==> Parameters: 1(Long), 30(Integer)
2026-05-13 16:14:26.805 [http-nio-8080-exec-2] DEBUG c.z.f.t.m.T.getDailyTrends               : <==      Total: 10
2026-05-13 16:14:27.280 [http-nio-8080-exec-4] DEBUG c.z.f.t.filter.JwtAuthenticationFilter   : Authenticated [user=Andy, uri=/api/transactions/history]
2026-05-13 16:14:27.300 [http-nio-8080-exec-4] DEBUG c.z.f.t.m.UserMapper.findByUsername      : ==>  Preparing: SELECT * FROM users WHERE username = ?
2026-05-13 16:14:27.301 [http-nio-8080-exec-4] DEBUG c.z.f.t.m.UserMapper.findByUsername      : ==> Parameters: Andy(String)
2026-05-13 16:14:27.304 [http-nio-8080-exec-4] DEBUG c.z.f.t.m.UserMapper.findByUsername      : <==      Total: 1
2026-05-13 16:14:27.358 [http-nio-8080-exec-4] DEBUG c.z.f.t.m.T.findAllFiltered              : ==>  Preparing: SELECT t.*, c.name as categoryName FROM transactions t LEFT JOIN categories c ON t.category_id = c.id WHERE t.user_id = ? ORDER BY t.date DESC, t.id DESC LIMIT ? OFFSET ?
2026-05-13 16:14:27.359 [http-nio-8080-exec-4] DEBUG c.z.f.t.m.T.findAllFiltered              : ==> Parameters: 1(Long), 5(Integer), 0(Integer)
2026-05-13 16:14:27.368 [http-nio-8080-exec-4] DEBUG c.z.f.t.m.T.findAllFiltered              : <==      Total: 5
2026-05-13 16:14:27.818 [http-nio-8080-exec-4] DEBUG c.z.f.t.m.T.countFiltered                : ==>  Preparing: SELECT COUNT(*) FROM transactions t WHERE user_id = ?
2026-05-13 16:14:27.818 [http-nio-8080-exec-4] DEBUG c.z.f.t.m.T.countFiltered                : ==> Parameters: 1(Long)
2026-05-13 16:14:27.821 [http-nio-8080-exec-4] DEBUG c.z.f.t.m.T.countFiltered                : <==      Total: 1
2026-05-13 16:14:27.822 [http-nio-8080-exec-4] DEBUG c.z.f.t.c.TransactionController          : History query [userId=1, page=0, size=5, total=32]
2026-05-13 16:14:28.312 [http-nio-8080-exec-6] DEBUG c.z.f.t.filter.JwtAuthenticationFilter   : Authenticated [user=Andy, uri=/api/recurring/upcoming]
2026-05-13 16:14:28.313 [http-nio-8080-exec-6] DEBUG c.z.f.t.m.UserMapper.findByUsername      : ==>  Preparing: SELECT * FROM users WHERE username = ?
2026-05-13 16:14:28.314 [http-nio-8080-exec-6] DEBUG c.z.f.t.m.UserMapper.findByUsername      : ==> Parameters: Andy(String)
2026-05-13 16:14:28.316 [http-nio-8080-exec-6] DEBUG c.z.f.t.m.UserMapper.findByUsername      : <==      Total: 1
2026-05-13 16:14:28.316 [http-nio-8080-exec-6] DEBUG c.z.f.t.m.RecurringMapper.findUpcoming   : ==>  Preparing: SELECT r.*, c.name as categoryName FROM recurring_transactions r LEFT JOIN categories c ON r.category_id = c.id WHERE r.user_id = ? AND r.is_active = TRUE AND r.next_due_date <= DATE_ADD(CURDATE(), INTERVAL ? DAY) ORDER BY r.next_due_date ASC
2026-05-13 16:14:28.317 [http-nio-8080-exec-6] DEBUG c.z.f.t.m.RecurringMapper.findUpcoming   : ==> Parameters: 1(Long), 7(Integer)
2026-05-13 16:14:28.319 [http-nio-8080-exec-6] DEBUG c.z.f.t.m.RecurringMapper.findUpcoming   : <==      Total: 0
2026-05-13 16:14:33.628 [http-nio-8080-exec-8] DEBUG c.z.f.t.filter.JwtAuthenticationFilter   : Authenticated [user=Andy, uri=/api/categories]
2026-05-13 16:14:33.633 [http-nio-8080-exec-8] DEBUG c.z.f.t.m.UserMapper.findByUsername      : ==>  Preparing: SELECT * FROM users WHERE username = ?
2026-05-13 16:14:33.633 [http-nio-8080-exec-8] DEBUG c.z.f.t.m.UserMapper.findByUsername      : ==> Parameters: Andy(String)
2026-05-13 16:14:33.635 [http-nio-8080-exec-8] DEBUG c.z.f.t.m.UserMapper.findByUsername      : <==      Total: 1
2026-05-13 16:14:33.689 [http-nio-8080-exec-10] DEBUG c.z.f.t.filter.JwtAuthenticationFilter   : Authenticated [user=Andy, uri=/api/transactions/history]
2026-05-13 16:14:33.691 [http-nio-8080-exec-10] DEBUG c.z.f.t.m.UserMapper.findByUsername      : ==>  Preparing: SELECT * FROM users WHERE username = ?
2026-05-13 16:14:33.692 [http-nio-8080-exec-10] DEBUG c.z.f.t.m.UserMapper.findByUsername      : ==> Parameters: Andy(String)
2026-05-13 16:14:33.694 [http-nio-8080-exec-10] DEBUG c.z.f.t.m.UserMapper.findByUsername      : <==      Total: 1
2026-05-13 16:14:33.695 [http-nio-8080-exec-10] DEBUG c.z.f.t.m.T.findAllFiltered              : ==>  Preparing: SELECT t.*, c.name as categoryName FROM transactions t LEFT JOIN categories c ON t.category_id = c.id WHERE t.user_id = ? ORDER BY t.date DESC, t.id DESC LIMIT ? OFFSET ?
2026-05-13 16:14:33.695 [http-nio-8080-exec-10] DEBUG c.z.f.t.m.T.findAllFiltered              : ==> Parameters: 1(Long), 15(Integer), 0(Integer)
2026-05-13 16:14:33.701 [http-nio-8080-exec-10] DEBUG c.z.f.t.m.T.findAllFiltered              : <==      Total: 15
2026-05-13 16:14:33.714 [http-nio-8080-exec-10] DEBUG c.z.f.t.m.T.countFiltered                : ==>  Preparing: SELECT COUNT(*) FROM transactions t WHERE user_id = ?
2026-05-13 16:14:33.715 [http-nio-8080-exec-10] DEBUG c.z.f.t.m.T.countFiltered                : ==> Parameters: 1(Long)
2026-05-13 16:14:33.717 [http-nio-8080-exec-10] DEBUG c.z.f.t.m.T.countFiltered                : <==      Total: 1
2026-05-13 16:14:33.717 [http-nio-8080-exec-10] DEBUG c.z.f.t.c.TransactionController          : History query [userId=1, page=0, size=15, total=32]
2026-05-13 16:14:34.120 [http-nio-8080-exec-2] DEBUG c.z.f.t.filter.JwtAuthenticationFilter   : Authenticated [user=Andy, uri=/api/categories]
2026-05-13 16:14:34.122 [http-nio-8080-exec-2] DEBUG c.z.f.t.m.UserMapper.findByUsername      : ==>  Preparing: SELECT * FROM users WHERE username = ?
2026-05-13 16:14:34.122 [http-nio-8080-exec-2] DEBUG c.z.f.t.m.UserMapper.findByUsername      : ==> Parameters: Andy(String)
2026-05-13 16:14:34.128 [http-nio-8080-exec-2] DEBUG c.z.f.t.m.UserMapper.findByUsername      : <==      Total: 1
2026-05-13 16:14:49.960 [http-nio-8080-exec-4] DEBUG c.z.f.t.filter.JwtAuthenticationFilter   : Authenticated [user=Andy, uri=/api/transactions/trends]
2026-05-13 16:14:49.964 [http-nio-8080-exec-4] DEBUG c.z.f.t.m.UserMapper.findByUsername      : ==>  Preparing: SELECT * FROM users WHERE username = ?
2026-05-13 16:14:49.965 [http-nio-8080-exec-4] DEBUG c.z.f.t.m.UserMapper.findByUsername      : ==> Parameters: Andy(String)
2026-05-13 16:14:49.966 [http-nio-8080-exec-4] DEBUG c.z.f.t.m.UserMapper.findByUsername      : <==      Total: 1
2026-05-13 16:14:49.969 [http-nio-8080-exec-4] DEBUG c.z.f.t.m.T.getTimeSeriesData            : ==>  Preparing: SELECT DATE_FORMAT(date, '%Y-%m') as timeLabel, SUM(ABS(amount)) as total FROM transactions WHERE user_id = ? AND type = ? GROUP BY timeLabel ORDER BY timeLabel ASC
2026-05-13 16:14:49.970 [http-nio-8080-exec-4] DEBUG c.z.f.t.m.T.getTimeSeriesData            : ==> Parameters: 1(Long), INCOME(String)
2026-05-13 16:14:49.972 [http-nio-8080-exec-4] DEBUG c.z.f.t.m.T.getTimeSeriesData            : <==      Total: 4
2026-05-13 16:14:50.370 [http-nio-8080-exec-6] DEBUG c.z.f.t.filter.JwtAuthenticationFilter   : Authenticated [user=Andy, uri=/api/transactions/trends]
2026-05-13 16:14:50.370 [http-nio-8080-exec-6] DEBUG c.z.f.t.m.UserMapper.findByUsername      : ==>  Preparing: SELECT * FROM users WHERE username = ?
2026-05-13 16:14:50.371 [http-nio-8080-exec-6] DEBUG c.z.f.t.m.UserMapper.findByUsername      : ==> Parameters: Andy(String)
2026-05-13 16:14:50.372 [http-nio-8080-exec-6] DEBUG c.z.f.t.m.UserMapper.findByUsername      : <==      Total: 1
2026-05-13 16:14:50.375 [http-nio-8080-exec-6] DEBUG c.z.f.t.m.T.getTimeSeriesData            : ==>  Preparing: SELECT DATE_FORMAT(date, '%Y-%m') as timeLabel, SUM(ABS(amount)) as total FROM transactions WHERE user_id = ? AND type = ? GROUP BY timeLabel ORDER BY timeLabel ASC
2026-05-13 16:14:50.376 [http-nio-8080-exec-6] DEBUG c.z.f.t.m.T.getTimeSeriesData            : ==> Parameters: 1(Long), EXPENSE(String)
2026-05-13 16:14:50.378 [http-nio-8080-exec-6] DEBUG c.z.f.t.m.T.getTimeSeriesData            : <==      Total: 5
2026-05-13 16:14:50.726 [http-nio-8080-exec-8] DEBUG c.z.f.t.filter.JwtAuthenticationFilter   : Authenticated [user=Andy, uri=/api/transactions/summary]
2026-05-13 16:14:50.727 [http-nio-8080-exec-8] DEBUG c.z.f.t.m.UserMapper.findByUsername      : ==>  Preparing: SELECT * FROM users WHERE username = ?
2026-05-13 16:14:50.728 [http-nio-8080-exec-8] DEBUG c.z.f.t.m.UserMapper.findByUsername      : ==> Parameters: Andy(String)
2026-05-13 16:14:50.730 [http-nio-8080-exec-8] DEBUG c.z.f.t.m.UserMapper.findByUsername      : <==      Total: 1
2026-05-13 16:14:52.657 [http-nio-8080-exec-10] DEBUG c.z.f.t.filter.JwtAuthenticationFilter   : Authenticated [user=Andy, uri=/api/profile]
2026-05-13 16:14:52.659 [http-nio-8080-exec-10] DEBUG c.z.f.t.m.UserMapper.findByUsername      : ==>  Preparing: SELECT * FROM users WHERE username = ?
2026-05-13 16:14:52.660 [http-nio-8080-exec-10] DEBUG c.z.f.t.m.UserMapper.findByUsername      : ==> Parameters: Andy(String)
2026-05-13 16:14:52.662 [http-nio-8080-exec-10] DEBUG c.z.f.t.m.UserMapper.findByUsername      : <==      Total: 1
2026-05-13 16:15:42.239 [http-nio-8080-exec-2] DEBUG c.z.f.t.filter.JwtAuthenticationFilter   : Authenticated [user=Andy, uri=/api/transactions/summary]
2026-05-13 16:15:42.243 [http-nio-8080-exec-2] DEBUG c.z.f.t.m.UserMapper.findByUsername      : ==>  Preparing: SELECT * FROM users WHERE username = ?
2026-05-13 16:15:42.244 [http-nio-8080-exec-2] DEBUG c.z.f.t.m.UserMapper.findByUsername      : ==> Parameters: Andy(String)
2026-05-13 16:15:42.247 [http-nio-8080-exec-2] DEBUG c.z.f.t.m.UserMapper.findByUsername      : <==      Total: 1
2026-05-13 16:15:42.811 [http-nio-8080-exec-4] DEBUG c.z.f.t.filter.JwtAuthenticationFilter   : Authenticated [user=Andy, uri=/api/transactions/daily-trends]
2026-05-13 16:15:42.813 [http-nio-8080-exec-4] DEBUG c.z.f.t.m.UserMapper.findByUsername      : ==>  Preparing: SELECT * FROM users WHERE username = ?
2026-05-13 16:15:42.814 [http-nio-8080-exec-4] DEBUG c.z.f.t.m.UserMapper.findByUsername      : ==> Parameters: Andy(String)
2026-05-13 16:15:42.816 [http-nio-8080-exec-4] DEBUG c.z.f.t.m.UserMapper.findByUsername      : <==      Total: 1
2026-05-13 16:15:43.197 [http-nio-8080-exec-6] DEBUG c.z.f.t.filter.JwtAuthenticationFilter   : Authenticated [user=Andy, uri=/api/transactions/history]
2026-05-13 16:15:43.198 [http-nio-8080-exec-6] DEBUG c.z.f.t.m.UserMapper.findByUsername      : ==>  Preparing: SELECT * FROM users WHERE username = ?
2026-05-13 16:15:43.199 [http-nio-8080-exec-6] DEBUG c.z.f.t.m.UserMapper.findByUsername      : ==> Parameters: Andy(String)
2026-05-13 16:15:43.200 [http-nio-8080-exec-6] DEBUG c.z.f.t.m.UserMapper.findByUsername      : <==      Total: 1
2026-05-13 16:15:43.201 [http-nio-8080-exec-6] DEBUG c.z.f.t.m.T.findAllFiltered              : ==>  Preparing: SELECT t.*, c.name as categoryName FROM transactions t LEFT JOIN categories c ON t.category_id = c.id WHERE t.user_id = ? ORDER BY t.date DESC, t.id DESC LIMIT ? OFFSET ?
2026-05-13 16:15:43.201 [http-nio-8080-exec-6] DEBUG c.z.f.t.m.T.findAllFiltered              : ==> Parameters: 1(Long), 5(Integer), 0(Integer)
2026-05-13 16:15:43.204 [http-nio-8080-exec-6] DEBUG c.z.f.t.m.T.findAllFiltered              : <==      Total: 5
2026-05-13 16:15:43.211 [http-nio-8080-exec-6] DEBUG c.z.f.t.m.T.countFiltered                : ==>  Preparing: SELECT COUNT(*) FROM transactions t WHERE user_id = ?
2026-05-13 16:15:43.211 [http-nio-8080-exec-6] DEBUG c.z.f.t.m.T.countFiltered                : ==> Parameters: 1(Long)
2026-05-13 16:15:43.213 [http-nio-8080-exec-6] DEBUG c.z.f.t.m.T.countFiltered                : <==      Total: 1
2026-05-13 16:15:43.213 [http-nio-8080-exec-6] DEBUG c.z.f.t.c.TransactionController          : History query [userId=1, page=0, size=5, total=32]
2026-05-13 16:15:43.577 [http-nio-8080-exec-8] DEBUG c.z.f.t.filter.JwtAuthenticationFilter   : Authenticated [user=Andy, uri=/api/recurring/upcoming]
2026-05-13 16:15:43.578 [http-nio-8080-exec-8] DEBUG c.z.f.t.m.UserMapper.findByUsername      : ==>  Preparing: SELECT * FROM users WHERE username = ?
2026-05-13 16:15:43.578 [http-nio-8080-exec-8] DEBUG c.z.f.t.m.UserMapper.findByUsername      : ==> Parameters: Andy(String)
2026-05-13 16:15:43.580 [http-nio-8080-exec-8] DEBUG c.z.f.t.m.UserMapper.findByUsername      : <==      Total: 1
2026-05-13 16:15:43.581 [http-nio-8080-exec-8] DEBUG c.z.f.t.m.RecurringMapper.findUpcoming   : ==>  Preparing: SELECT r.*, c.name as categoryName FROM recurring_transactions r LEFT JOIN categories c ON r.category_id = c.id WHERE r.user_id = ? AND r.is_active = TRUE AND r.next_due_date <= DATE_ADD(CURDATE(), INTERVAL ? DAY) ORDER BY r.next_due_date ASC
2026-05-13 16:15:43.581 [http-nio-8080-exec-8] DEBUG c.z.f.t.m.RecurringMapper.findUpcoming   : ==> Parameters: 1(Long), 7(Integer)
2026-05-13 16:15:43.583 [http-nio-8080-exec-8] DEBUG c.z.f.t.m.RecurringMapper.findUpcoming   : <==      Total: 0
2026-05-13 16:15:46.770 [http-nio-8080-exec-10] DEBUG c.z.f.t.filter.JwtAuthenticationFilter   : Authenticated [user=Andy, uri=/api/profile]
2026-05-13 16:15:46.773 [http-nio-8080-exec-10] DEBUG c.z.f.t.m.UserMapper.findByUsername      : ==>  Preparing: SELECT * FROM users WHERE username = ?
2026-05-13 16:15:46.774 [http-nio-8080-exec-10] DEBUG c.z.f.t.m.UserMapper.findByUsername      : ==> Parameters: Andy(String)
2026-05-13 16:15:46.777 [http-nio-8080-exec-10] DEBUG c.z.f.t.m.UserMapper.findByUsername      : <==      Total: 1
2026-05-13 16:15:49.141 [http-nio-8080-exec-2] DEBUG c.z.f.t.filter.JwtAuthenticationFilter   : Authenticated [user=Andy, uri=/api/transactions/summary]
2026-05-13 16:15:49.145 [http-nio-8080-exec-2] DEBUG c.z.f.t.m.UserMapper.findByUsername      : ==>  Preparing: SELECT * FROM users WHERE username = ?
2026-05-13 16:15:49.146 [http-nio-8080-exec-2] DEBUG c.z.f.t.m.UserMapper.findByUsername      : ==> Parameters: Andy(String)
2026-05-13 16:15:49.149 [http-nio-8080-exec-2] DEBUG c.z.f.t.m.UserMapper.findByUsername      : <==      Total: 1
2026-05-13 16:15:49.614 [http-nio-8080-exec-4] DEBUG c.z.f.t.filter.JwtAuthenticationFilter   : Authenticated [user=Andy, uri=/api/transactions/daily-trends]
2026-05-13 16:15:49.615 [http-nio-8080-exec-4] DEBUG c.z.f.t.m.UserMapper.findByUsername      : ==>  Preparing: SELECT * FROM users WHERE username = ?
2026-05-13 16:15:49.616 [http-nio-8080-exec-4] DEBUG c.z.f.t.m.UserMapper.findByUsername      : ==> Parameters: Andy(String)
2026-05-13 16:15:49.617 [http-nio-8080-exec-4] DEBUG c.z.f.t.m.UserMapper.findByUsername      : <==      Total: 1
2026-05-13 16:15:49.921 [http-nio-8080-exec-6] DEBUG c.z.f.t.filter.JwtAuthenticationFilter   : Authenticated [user=Andy, uri=/api/transactions/history]
2026-05-13 16:15:49.923 [http-nio-8080-exec-6] DEBUG c.z.f.t.m.UserMapper.findByUsername      : ==>  Preparing: SELECT * FROM users WHERE username = ?
2026-05-13 16:15:49.923 [http-nio-8080-exec-6] DEBUG c.z.f.t.m.UserMapper.findByUsername      : ==> Parameters: Andy(String)
2026-05-13 16:15:49.925 [http-nio-8080-exec-6] DEBUG c.z.f.t.m.UserMapper.findByUsername      : <==      Total: 1
2026-05-13 16:15:49.927 [http-nio-8080-exec-6] DEBUG c.z.f.t.m.T.findAllFiltered              : ==>  Preparing: SELECT t.*, c.name as categoryName FROM transactions t LEFT JOIN categories c ON t.category_id = c.id WHERE t.user_id = ? ORDER BY t.date DESC, t.id DESC LIMIT ? OFFSET ?
2026-05-13 16:15:49.927 [http-nio-8080-exec-6] DEBUG c.z.f.t.m.T.findAllFiltered              : ==> Parameters: 1(Long), 5(Integer), 0(Integer)
2026-05-13 16:15:49.931 [http-nio-8080-exec-6] DEBUG c.z.f.t.m.T.findAllFiltered              : <==      Total: 5
2026-05-13 16:15:49.936 [http-nio-8080-exec-6] DEBUG c.z.f.t.m.T.countFiltered                : ==>  Preparing: SELECT COUNT(*) FROM transactions t WHERE user_id = ?
2026-05-13 16:15:49.937 [http-nio-8080-exec-6] DEBUG c.z.f.t.m.T.countFiltered                : ==> Parameters: 1(Long)
2026-05-13 16:15:49.939 [http-nio-8080-exec-6] DEBUG c.z.f.t.m.T.countFiltered                : <==      Total: 1
2026-05-13 16:15:49.939 [http-nio-8080-exec-6] DEBUG c.z.f.t.c.TransactionController          : History query [userId=1, page=0, size=5, total=32]
2026-05-13 16:15:50.294 [http-nio-8080-exec-8] DEBUG c.z.f.t.filter.JwtAuthenticationFilter   : Authenticated [user=Andy, uri=/api/recurring/upcoming]
2026-05-13 16:15:50.295 [http-nio-8080-exec-8] DEBUG c.z.f.t.m.UserMapper.findByUsername      : ==>  Preparing: SELECT * FROM users WHERE username = ?
2026-05-13 16:15:50.296 [http-nio-8080-exec-8] DEBUG c.z.f.t.m.UserMapper.findByUsername      : ==> Parameters: Andy(String)
2026-05-13 16:15:50.298 [http-nio-8080-exec-8] DEBUG c.z.f.t.m.UserMapper.findByUsername      : <==      Total: 1
2026-05-13 16:15:50.299 [http-nio-8080-exec-8] DEBUG c.z.f.t.m.RecurringMapper.findUpcoming   : ==>  Preparing: SELECT r.*, c.name as categoryName FROM recurring_transactions r LEFT JOIN categories c ON r.category_id = c.id WHERE r.user_id = ? AND r.is_active = TRUE AND r.next_due_date <= DATE_ADD(CURDATE(), INTERVAL ? DAY) ORDER BY r.next_due_date ASC
2026-05-13 16:15:50.299 [http-nio-8080-exec-8] DEBUG c.z.f.t.m.RecurringMapper.findUpcoming   : ==> Parameters: 1(Long), 7(Integer)
2026-05-13 16:15:50.302 [http-nio-8080-exec-8] DEBUG c.z.f.t.m.RecurringMapper.findUpcoming   : <==      Total: 0
2026-05-13 16:19:48.078 [SpringApplicationShutdownHook] INFO  o.s.b.w.e.tomcat.GracefulShutdown        : Commencing graceful shutdown. Waiting for active requests to complete
2026-05-13 16:19:50.087 [tomcat-shutdown] INFO  o.s.b.w.e.tomcat.GracefulShutdown        : Graceful shutdown complete
2026-05-13 16:19:54.269 [main] INFO  c.z.f.tracker.FinanceTrackerApplication  : The following 1 profile is active: "dev"
2026-05-13 16:19:55.339 [main] INFO  .s.d.r.c.RepositoryConfigurationDelegate : Multiple Spring Data modules found, entering strict repository configuration mode
2026-05-13 16:19:55.343 [main] INFO  .s.d.r.c.RepositoryConfigurationDelegate : Bootstrapping Spring Data Redis repositories in DEFAULT mode.
2026-05-13 16:19:55.378 [main] INFO  .s.d.r.c.RepositoryConfigurationDelegate : Finished Spring Data repository scanning in 11 ms. Found 0 Redis repository interfaces.
2026-05-13 16:19:56.774 [main] INFO  o.s.b.w.embedded.tomcat.TomcatWebServer  : Tomcat initialized with port 8080 (http)
2026-05-13 16:19:56.825 [main] INFO  o.a.coyote.http11.Http11NioProtocol      : Initializing ProtocolHandler ["http-nio-8080"]
2026-05-13 16:19:56.830 [main] INFO  o.apache.catalina.core.StandardService   : Starting service [Tomcat]
2026-05-13 16:19:56.831 [main] INFO  o.apache.catalina.core.StandardEngine    : Starting Servlet engine: [Apache Tomcat/10.1.49]
2026-05-13 16:19:56.945 [main] INFO  o.a.c.c.C.[Tomcat].[localhost].[/]       : Initializing Spring embedded WebApplicationContext
2026-05-13 16:19:56.945 [main] INFO  w.s.c.ServletWebServerApplicationContext : Root WebApplicationContext: initialization completed in 2639 ms
2026-05-13 16:19:57.073 [main] DEBUG c.z.f.t.filter.JwtAuthenticationFilter   : Filter 'jwtAuthenticationFilter' configured for use
2026-05-13 16:19:59.641 [main] INFO  o.a.coyote.http11.Http11NioProtocol      : Starting ProtocolHandler ["http-nio-8080"]
2026-05-13 16:19:59.680 [main] INFO  o.s.b.w.embedded.tomcat.TomcatWebServer  : Tomcat started on port 8080 (http) with context path '/'
2026-05-13 16:19:59.699 [main] INFO  c.z.f.tracker.FinanceTrackerApplication  : Started FinanceTrackerApplication in 7.642 seconds (process running for 8.863)
2026-05-13 16:20:24.870 [http-nio-8080-exec-1] INFO  o.a.c.c.C.[Tomcat].[localhost].[/]       : Initializing Spring DispatcherServlet 'dispatcherServlet'
2026-05-13 16:20:25.136 [http-nio-8080-exec-1] DEBUG c.z.f.t.filter.JwtAuthenticationFilter   : Authenticated [user=Andy, uri=/api/transactions/summary]
2026-05-13 16:20:25.639 [http-nio-8080-exec-1] DEBUG c.z.f.t.m.UserMapper.findByUsername      : ==>  Preparing: SELECT * FROM users WHERE username = ?
2026-05-13 16:20:25.700 [http-nio-8080-exec-1] DEBUG c.z.f.t.m.UserMapper.findByUsername      : ==> Parameters: Andy(String)
2026-05-13 16:20:25.793 [http-nio-8080-exec-1] DEBUG c.z.f.t.m.UserMapper.findByUsername      : <==      Total: 1
2026-05-13 16:20:26.501 [http-nio-8080-exec-1] DEBUG c.z.f.t.m.T.getTotalBalance              : ==>  Preparing: SELECT COALESCE( SUM(CASE WHEN type = 'INCOME' THEN amount ELSE ABS(amount) * -1 END), 0 ) FROM transactions WHERE user_id = ?
2026-05-13 16:20:26.535 [http-nio-8080-exec-1] DEBUG c.z.f.t.m.T.getTotalBalance              : ==> Parameters: 1(Long)
2026-05-13 16:20:26.601 [http-nio-8080-exec-1] DEBUG c.z.f.t.m.T.getTotalBalance              : <==      Total: 1
2026-05-13 16:20:26.606 [http-nio-8080-exec-1] DEBUG c.z.f.t.m.T.getMonthlyBalance            : ==>  Preparing: SELECT SUM(CASE WHEN type = 'INCOME' THEN amount ELSE 0 END) as income, SUM(CASE WHEN type = 'EXPENSE' THEN ABS(amount) ELSE 0 END) as expense, SUM(CASE WHEN type = 'INCOME' THEN amount ELSE ABS(amount) * -1 END) as net FROM transactions WHERE user_id = ? AND DATE_FORMAT(date, '%Y-%m') = ?
2026-05-13 16:20:26.609 [http-nio-8080-exec-1] DEBUG c.z.f.t.m.T.getMonthlyBalance            : ==> Parameters: 1(Long), 2026-05(String)
2026-05-13 16:20:26.618 [http-nio-8080-exec-1] DEBUG c.z.f.t.m.T.getMonthlyBalance            : <==      Total: 1
2026-05-13 16:20:26.620 [http-nio-8080-exec-1] DEBUG c.z.f.t.m.T.getIncomeVsExpense           : ==>  Preparing: SELECT SUM(CASE WHEN type = 'INCOME' THEN amount ELSE 0 END) as totalIncome, SUM(CASE WHEN type = 'EXPENSE' THEN ABS(amount) ELSE 0 END) as totalExpense FROM transactions WHERE user_id = ?
2026-05-13 16:20:26.621 [http-nio-8080-exec-1] DEBUG c.z.f.t.m.T.getIncomeVsExpense           : ==> Parameters: 1(Long)
2026-05-13 16:20:26.624 [http-nio-8080-exec-1] DEBUG c.z.f.t.m.T.getIncomeVsExpense           : <==      Total: 1
2026-05-13 16:20:26.626 [http-nio-8080-exec-1] DEBUG c.z.f.t.m.T.getCategorySummary           : ==>  Preparing: SELECT c.name as name, SUM(ABS(t.amount)) as value FROM transactions t INNER JOIN categories c ON t.category_id = c.id WHERE t.user_id = ? AND t.type = ? GROUP BY c.name
2026-05-13 16:20:26.627 [http-nio-8080-exec-1] DEBUG c.z.f.t.m.T.getCategorySummary           : ==> Parameters: 1(Long), INCOME(String)
2026-05-13 16:20:26.631 [http-nio-8080-exec-1] DEBUG c.z.f.t.m.T.getCategorySummary           : <==      Total: 4
2026-05-13 16:20:26.632 [http-nio-8080-exec-1] DEBUG c.z.f.t.m.T.getCategorySummary           : ==>  Preparing: SELECT c.name as name, SUM(ABS(t.amount)) as value FROM transactions t INNER JOIN categories c ON t.category_id = c.id WHERE t.user_id = ? AND t.type = ? GROUP BY c.name
2026-05-13 16:20:26.632 [http-nio-8080-exec-1] DEBUG c.z.f.t.m.T.getCategorySummary           : ==> Parameters: 1(Long), EXPENSE(String)
2026-05-13 16:20:26.638 [http-nio-8080-exec-1] DEBUG c.z.f.t.m.T.getCategorySummary           : <==      Total: 7
2026-05-13 16:20:27.398 [http-nio-8080-exec-3] DEBUG c.z.f.t.filter.JwtAuthenticationFilter   : Authenticated [user=Andy, uri=/api/transactions/daily-trends]
2026-05-13 16:20:27.405 [http-nio-8080-exec-3] DEBUG c.z.f.t.m.UserMapper.findByUsername      : ==>  Preparing: SELECT * FROM users WHERE username = ?
2026-05-13 16:20:27.405 [http-nio-8080-exec-3] DEBUG c.z.f.t.m.UserMapper.findByUsername      : ==> Parameters: Andy(String)
2026-05-13 16:20:27.408 [http-nio-8080-exec-3] DEBUG c.z.f.t.m.UserMapper.findByUsername      : <==      Total: 1
2026-05-13 16:20:27.413 [http-nio-8080-exec-3] DEBUG c.z.f.t.m.T.getDailyTrends               : ==>  Preparing: SELECT DATE(t.date) as date, SUM(CASE WHEN t.type = 'INCOME' THEN t.amount ELSE 0 END) as income, SUM(CASE WHEN t.type = 'EXPENSE' THEN t.amount ELSE 0 END) as expense FROM transactions t WHERE t.user_id = ? AND t.date >= DATE_SUB(CURDATE(), INTERVAL ? DAY) GROUP BY DATE(t.date) ORDER BY date ASC
2026-05-13 16:20:27.416 [http-nio-8080-exec-3] DEBUG c.z.f.t.m.T.getDailyTrends               : ==> Parameters: 1(Long), 30(Integer)
2026-05-13 16:20:27.423 [http-nio-8080-exec-3] DEBUG c.z.f.t.m.T.getDailyTrends               : <==      Total: 10
2026-05-13 16:20:27.890 [http-nio-8080-exec-5] DEBUG c.z.f.t.filter.JwtAuthenticationFilter   : Authenticated [user=Andy, uri=/api/transactions/history]
2026-05-13 16:20:27.902 [http-nio-8080-exec-5] DEBUG c.z.f.t.m.UserMapper.findByUsername      : ==>  Preparing: SELECT * FROM users WHERE username = ?
2026-05-13 16:20:27.903 [http-nio-8080-exec-5] DEBUG c.z.f.t.m.UserMapper.findByUsername      : ==> Parameters: Andy(String)
2026-05-13 16:20:27.905 [http-nio-8080-exec-5] DEBUG c.z.f.t.m.UserMapper.findByUsername      : <==      Total: 1
2026-05-13 16:20:27.944 [http-nio-8080-exec-5] DEBUG c.z.f.t.m.T.findAllFiltered              : ==>  Preparing: SELECT t.*, c.name as categoryName FROM transactions t LEFT JOIN categories c ON t.category_id = c.id WHERE t.user_id = ? ORDER BY t.date DESC, t.id DESC LIMIT ? OFFSET ?
2026-05-13 16:20:27.945 [http-nio-8080-exec-5] DEBUG c.z.f.t.m.T.findAllFiltered              : ==> Parameters: 1(Long), 5(Integer), 0(Integer)
2026-05-13 16:20:27.955 [http-nio-8080-exec-5] DEBUG c.z.f.t.m.T.findAllFiltered              : <==      Total: 5
2026-05-13 16:20:28.224 [http-nio-8080-exec-5] DEBUG c.z.f.t.m.T.countFiltered                : ==>  Preparing: SELECT COUNT(*) FROM transactions t WHERE user_id = ?
2026-05-13 16:20:28.224 [http-nio-8080-exec-5] DEBUG c.z.f.t.m.T.countFiltered                : ==> Parameters: 1(Long)
2026-05-13 16:20:28.226 [http-nio-8080-exec-5] DEBUG c.z.f.t.m.T.countFiltered                : <==      Total: 1
2026-05-13 16:20:28.227 [http-nio-8080-exec-5] DEBUG c.z.f.t.c.TransactionController          : History query [userId=1, page=0, size=5, total=32]
2026-05-13 16:20:28.638 [http-nio-8080-exec-7] DEBUG c.z.f.t.filter.JwtAuthenticationFilter   : Authenticated [user=Andy, uri=/api/recurring/upcoming]
2026-05-13 16:20:28.640 [http-nio-8080-exec-7] DEBUG c.z.f.t.m.UserMapper.findByUsername      : ==>  Preparing: SELECT * FROM users WHERE username = ?
2026-05-13 16:20:28.640 [http-nio-8080-exec-7] DEBUG c.z.f.t.m.UserMapper.findByUsername      : ==> Parameters: Andy(String)
2026-05-13 16:20:28.642 [http-nio-8080-exec-7] DEBUG c.z.f.t.m.UserMapper.findByUsername      : <==      Total: 1
2026-05-13 16:20:28.642 [http-nio-8080-exec-7] DEBUG c.z.f.t.m.RecurringMapper.findUpcoming   : ==>  Preparing: SELECT r.*, c.name as categoryName FROM recurring_transactions r LEFT JOIN categories c ON r.category_id = c.id WHERE r.user_id = ? AND r.is_active = TRUE AND r.next_due_date <= DATE_ADD(CURDATE(), INTERVAL ? DAY) ORDER BY r.next_due_date ASC
2026-05-13 16:20:28.643 [http-nio-8080-exec-7] DEBUG c.z.f.t.m.RecurringMapper.findUpcoming   : ==> Parameters: 1(Long), 7(Integer)
2026-05-13 16:20:28.645 [http-nio-8080-exec-7] DEBUG c.z.f.t.m.RecurringMapper.findUpcoming   : <==      Total: 0
2026-05-13 16:20:31.600 [http-nio-8080-exec-9] DEBUG c.z.f.t.filter.JwtAuthenticationFilter   : Authenticated [user=Andy, uri=/api/categories]
2026-05-13 16:20:31.603 [http-nio-8080-exec-9] DEBUG c.z.f.t.m.UserMapper.findByUsername      : ==>  Preparing: SELECT * FROM users WHERE username = ?
2026-05-13 16:20:31.604 [http-nio-8080-exec-9] DEBUG c.z.f.t.m.UserMapper.findByUsername      : ==> Parameters: Andy(String)
2026-05-13 16:20:31.606 [http-nio-8080-exec-9] DEBUG c.z.f.t.m.UserMapper.findByUsername      : <==      Total: 1
2026-05-13 16:20:31.700 [http-nio-8080-exec-1] DEBUG c.z.f.t.filter.JwtAuthenticationFilter   : Authenticated [user=Andy, uri=/api/transactions/history]
2026-05-13 16:20:31.717 [http-nio-8080-exec-1] DEBUG c.z.f.t.m.UserMapper.findByUsername      : ==>  Preparing: SELECT * FROM users WHERE username = ?
2026-05-13 16:20:31.717 [http-nio-8080-exec-1] DEBUG c.z.f.t.m.UserMapper.findByUsername      : ==> Parameters: Andy(String)
2026-05-13 16:20:31.720 [http-nio-8080-exec-1] DEBUG c.z.f.t.m.UserMapper.findByUsername      : <==      Total: 1
2026-05-13 16:20:31.721 [http-nio-8080-exec-1] DEBUG c.z.f.t.m.T.findAllFiltered              : ==>  Preparing: SELECT t.*, c.name as categoryName FROM transactions t LEFT JOIN categories c ON t.category_id = c.id WHERE t.user_id = ? ORDER BY t.date DESC, t.id DESC LIMIT ? OFFSET ?
2026-05-13 16:20:31.722 [http-nio-8080-exec-1] DEBUG c.z.f.t.m.T.findAllFiltered              : ==> Parameters: 1(Long), 15(Integer), 0(Integer)
2026-05-13 16:20:31.734 [http-nio-8080-exec-1] DEBUG c.z.f.t.m.T.findAllFiltered              : <==      Total: 15
2026-05-13 16:20:31.754 [http-nio-8080-exec-1] DEBUG c.z.f.t.m.T.countFiltered                : ==>  Preparing: SELECT COUNT(*) FROM transactions t WHERE user_id = ?
2026-05-13 16:20:31.755 [http-nio-8080-exec-1] DEBUG c.z.f.t.m.T.countFiltered                : ==> Parameters: 1(Long)
2026-05-13 16:20:31.759 [http-nio-8080-exec-1] DEBUG c.z.f.t.m.T.countFiltered                : <==      Total: 1
2026-05-13 16:20:31.759 [http-nio-8080-exec-1] DEBUG c.z.f.t.c.TransactionController          : History query [userId=1, page=0, size=15, total=32]
2026-05-13 16:20:32.116 [http-nio-8080-exec-3] DEBUG c.z.f.t.filter.JwtAuthenticationFilter   : Authenticated [user=Andy, uri=/api/categories]
2026-05-13 16:20:32.118 [http-nio-8080-exec-3] DEBUG c.z.f.t.m.UserMapper.findByUsername      : ==>  Preparing: SELECT * FROM users WHERE username = ?
2026-05-13 16:20:32.118 [http-nio-8080-exec-3] DEBUG c.z.f.t.m.UserMapper.findByUsername      : ==> Parameters: Andy(String)
2026-05-13 16:20:32.121 [http-nio-8080-exec-3] DEBUG c.z.f.t.m.UserMapper.findByUsername      : <==      Total: 1
2026-05-13 16:21:06.961 [http-nio-8080-exec-5] DEBUG c.z.f.t.filter.JwtAuthenticationFilter   : Authenticated [user=Andy, uri=/api/transactions/trends]
2026-05-13 16:21:06.966 [http-nio-8080-exec-5] DEBUG c.z.f.t.m.UserMapper.findByUsername      : ==>  Preparing: SELECT * FROM users WHERE username = ?
2026-05-13 16:21:06.966 [http-nio-8080-exec-5] DEBUG c.z.f.t.m.UserMapper.findByUsername      : ==> Parameters: Andy(String)
2026-05-13 16:21:06.970 [http-nio-8080-exec-5] DEBUG c.z.f.t.m.UserMapper.findByUsername      : <==      Total: 1
2026-05-13 16:21:06.974 [http-nio-8080-exec-5] DEBUG c.z.f.t.m.T.getTimeSeriesData            : ==>  Preparing: SELECT DATE_FORMAT(date, '%Y-%m') as timeLabel, SUM(ABS(amount)) as total FROM transactions WHERE user_id = ? AND type = ? GROUP BY timeLabel ORDER BY timeLabel ASC
2026-05-13 16:21:06.975 [http-nio-8080-exec-5] DEBUG c.z.f.t.m.T.getTimeSeriesData            : ==> Parameters: 1(Long), INCOME(String)
2026-05-13 16:21:06.979 [http-nio-8080-exec-5] DEBUG c.z.f.t.m.T.getTimeSeriesData            : <==      Total: 4
2026-05-13 16:21:07.486 [http-nio-8080-exec-7] DEBUG c.z.f.t.filter.JwtAuthenticationFilter   : Authenticated [user=Andy, uri=/api/transactions/trends]
2026-05-13 16:21:07.488 [http-nio-8080-exec-7] DEBUG c.z.f.t.m.UserMapper.findByUsername      : ==>  Preparing: SELECT * FROM users WHERE username = ?
2026-05-13 16:21:07.488 [http-nio-8080-exec-7] DEBUG c.z.f.t.m.UserMapper.findByUsername      : ==> Parameters: Andy(String)
2026-05-13 16:21:07.490 [http-nio-8080-exec-7] DEBUG c.z.f.t.m.UserMapper.findByUsername      : <==      Total: 1
2026-05-13 16:21:07.493 [http-nio-8080-exec-7] DEBUG c.z.f.t.m.T.getTimeSeriesData            : ==>  Preparing: SELECT DATE_FORMAT(date, '%Y-%m') as timeLabel, SUM(ABS(amount)) as total FROM transactions WHERE user_id = ? AND type = ? GROUP BY timeLabel ORDER BY timeLabel ASC
2026-05-13 16:21:07.494 [http-nio-8080-exec-7] DEBUG c.z.f.t.m.T.getTimeSeriesData            : ==> Parameters: 1(Long), EXPENSE(String)
2026-05-13 16:21:07.496 [http-nio-8080-exec-7] DEBUG c.z.f.t.m.T.getTimeSeriesData            : <==      Total: 5
2026-05-13 16:21:07.896 [http-nio-8080-exec-9] DEBUG c.z.f.t.filter.JwtAuthenticationFilter   : Authenticated [user=Andy, uri=/api/transactions/summary]
2026-05-13 16:21:07.897 [http-nio-8080-exec-9] DEBUG c.z.f.t.m.UserMapper.findByUsername      : ==>  Preparing: SELECT * FROM users WHERE username = ?
2026-05-13 16:21:07.898 [http-nio-8080-exec-9] DEBUG c.z.f.t.m.UserMapper.findByUsername      : ==> Parameters: Andy(String)
2026-05-13 16:21:07.900 [http-nio-8080-exec-9] DEBUG c.z.f.t.m.UserMapper.findByUsername      : <==      Total: 1
2026-05-13 16:21:09.861 [http-nio-8080-exec-1] DEBUG c.z.f.t.filter.JwtAuthenticationFilter   : Authenticated [user=Andy, uri=/api/profile]
2026-05-13 16:21:09.863 [http-nio-8080-exec-1] DEBUG c.z.f.t.m.UserMapper.findByUsername      : ==>  Preparing: SELECT * FROM users WHERE username = ?
2026-05-13 16:21:09.863 [http-nio-8080-exec-1] DEBUG c.z.f.t.m.UserMapper.findByUsername      : ==> Parameters: Andy(String)
2026-05-13 16:21:09.865 [http-nio-8080-exec-1] DEBUG c.z.f.t.m.UserMapper.findByUsername      : <==      Total: 1
2026-05-13 16:21:15.075 [http-nio-8080-exec-3] DEBUG c.z.f.t.filter.JwtAuthenticationFilter   : Authenticated [user=Andy, uri=/api/transactions/summary]
2026-05-13 16:21:15.078 [http-nio-8080-exec-3] DEBUG c.z.f.t.m.UserMapper.findByUsername      : ==>  Preparing: SELECT * FROM users WHERE username = ?
2026-05-13 16:21:15.078 [http-nio-8080-exec-3] DEBUG c.z.f.t.m.UserMapper.findByUsername      : ==> Parameters: Andy(String)
2026-05-13 16:21:15.081 [http-nio-8080-exec-3] DEBUG c.z.f.t.m.UserMapper.findByUsername      : <==      Total: 1
2026-05-13 16:21:15.574 [http-nio-8080-exec-5] DEBUG c.z.f.t.filter.JwtAuthenticationFilter   : Authenticated [user=Andy, uri=/api/transactions/daily-trends]
2026-05-13 16:21:15.575 [http-nio-8080-exec-5] DEBUG c.z.f.t.m.UserMapper.findByUsername      : ==>  Preparing: SELECT * FROM users WHERE username = ?
2026-05-13 16:21:15.576 [http-nio-8080-exec-5] DEBUG c.z.f.t.m.UserMapper.findByUsername      : ==> Parameters: Andy(String)
2026-05-13 16:21:15.577 [http-nio-8080-exec-5] DEBUG c.z.f.t.m.UserMapper.findByUsername      : <==      Total: 1
2026-05-13 16:21:15.983 [http-nio-8080-exec-7] DEBUG c.z.f.t.filter.JwtAuthenticationFilter   : Authenticated [user=Andy, uri=/api/transactions/history]
2026-05-13 16:21:15.985 [http-nio-8080-exec-7] DEBUG c.z.f.t.m.UserMapper.findByUsername      : ==>  Preparing: SELECT * FROM users WHERE username = ?
2026-05-13 16:21:15.986 [http-nio-8080-exec-7] DEBUG c.z.f.t.m.UserMapper.findByUsername      : ==> Parameters: Andy(String)
2026-05-13 16:21:15.989 [http-nio-8080-exec-7] DEBUG c.z.f.t.m.UserMapper.findByUsername      : <==      Total: 1
2026-05-13 16:21:15.989 [http-nio-8080-exec-7] DEBUG c.z.f.t.m.T.findAllFiltered              : ==>  Preparing: SELECT t.*, c.name as categoryName FROM transactions t LEFT JOIN categories c ON t.category_id = c.id WHERE t.user_id = ? ORDER BY t.date DESC, t.id DESC LIMIT ? OFFSET ?
2026-05-13 16:21:15.990 [http-nio-8080-exec-7] DEBUG c.z.f.t.m.T.findAllFiltered              : ==> Parameters: 1(Long), 5(Integer), 0(Integer)
2026-05-13 16:21:15.993 [http-nio-8080-exec-7] DEBUG c.z.f.t.m.T.findAllFiltered              : <==      Total: 5
2026-05-13 16:21:15.999 [http-nio-8080-exec-7] DEBUG c.z.f.t.m.T.countFiltered                : ==>  Preparing: SELECT COUNT(*) FROM transactions t WHERE user_id = ?
2026-05-13 16:21:16.000 [http-nio-8080-exec-7] DEBUG c.z.f.t.m.T.countFiltered                : ==> Parameters: 1(Long)
2026-05-13 16:21:16.002 [http-nio-8080-exec-7] DEBUG c.z.f.t.m.T.countFiltered                : <==      Total: 1
2026-05-13 16:21:16.003 [http-nio-8080-exec-7] DEBUG c.z.f.t.c.TransactionController          : History query [userId=1, page=0, size=5, total=32]
2026-05-13 16:21:16.374 [http-nio-8080-exec-9] DEBUG c.z.f.t.filter.JwtAuthenticationFilter   : Authenticated [user=Andy, uri=/api/recurring/upcoming]
2026-05-13 16:21:16.376 [http-nio-8080-exec-9] DEBUG c.z.f.t.m.UserMapper.findByUsername      : ==>  Preparing: SELECT * FROM users WHERE username = ?
2026-05-13 16:21:16.377 [http-nio-8080-exec-9] DEBUG c.z.f.t.m.UserMapper.findByUsername      : ==> Parameters: Andy(String)
2026-05-13 16:21:16.380 [http-nio-8080-exec-9] DEBUG c.z.f.t.m.UserMapper.findByUsername      : <==      Total: 1
2026-05-13 16:21:16.381 [http-nio-8080-exec-9] DEBUG c.z.f.t.m.RecurringMapper.findUpcoming   : ==>  Preparing: SELECT r.*, c.name as categoryName FROM recurring_transactions r LEFT JOIN categories c ON r.category_id = c.id WHERE r.user_id = ? AND r.is_active = TRUE AND r.next_due_date <= DATE_ADD(CURDATE(), INTERVAL ? DAY) ORDER BY r.next_due_date ASC
2026-05-13 16:21:16.382 [http-nio-8080-exec-9] DEBUG c.z.f.t.m.RecurringMapper.findUpcoming   : ==> Parameters: 1(Long), 7(Integer)
2026-05-13 16:21:16.386 [http-nio-8080-exec-9] DEBUG c.z.f.t.m.RecurringMapper.findUpcoming   : <==      Total: 0
2026-05-13 16:21:18.385 [http-nio-8080-exec-1] DEBUG c.z.f.t.filter.JwtAuthenticationFilter   : Authenticated [user=Andy, uri=/api/profile]
2026-05-13 16:21:18.386 [http-nio-8080-exec-1] DEBUG c.z.f.t.m.UserMapper.findByUsername      : ==>  Preparing: SELECT * FROM users WHERE username = ?
2026-05-13 16:21:18.387 [http-nio-8080-exec-1] DEBUG c.z.f.t.m.UserMapper.findByUsername      : ==> Parameters: Andy(String)
2026-05-13 16:21:18.388 [http-nio-8080-exec-1] DEBUG c.z.f.t.m.UserMapper.findByUsername      : <==      Total: 1
2026-05-13 16:21:20.200 [http-nio-8080-exec-3] DEBUG c.z.f.t.filter.JwtAuthenticationFilter   : Authenticated [user=Andy, uri=/api/transactions/summary]
2026-05-13 16:21:20.202 [http-nio-8080-exec-3] DEBUG c.z.f.t.m.UserMapper.findByUsername      : ==>  Preparing: SELECT * FROM users WHERE username = ?
2026-05-13 16:21:20.203 [http-nio-8080-exec-3] DEBUG c.z.f.t.m.UserMapper.findByUsername      : ==> Parameters: Andy(String)
2026-05-13 16:21:20.207 [http-nio-8080-exec-3] DEBUG c.z.f.t.m.UserMapper.findByUsername      : <==      Total: 1
2026-05-13 16:21:21.037 [http-nio-8080-exec-5] DEBUG c.z.f.t.filter.JwtAuthenticationFilter   : Authenticated [user=Andy, uri=/api/transactions/daily-trends]
2026-05-13 16:21:21.039 [http-nio-8080-exec-5] DEBUG c.z.f.t.m.UserMapper.findByUsername      : ==>  Preparing: SELECT * FROM users WHERE username = ?
2026-05-13 16:21:21.039 [http-nio-8080-exec-5] DEBUG c.z.f.t.m.UserMapper.findByUsername      : ==> Parameters: Andy(String)
2026-05-13 16:21:21.041 [http-nio-8080-exec-5] DEBUG c.z.f.t.m.UserMapper.findByUsername      : <==      Total: 1
2026-05-13 16:21:21.469 [http-nio-8080-exec-7] DEBUG c.z.f.t.filter.JwtAuthenticationFilter   : Authenticated [user=Andy, uri=/api/transactions/history]
2026-05-13 16:21:21.471 [http-nio-8080-exec-7] DEBUG c.z.f.t.m.UserMapper.findByUsername      : ==>  Preparing: SELECT * FROM users WHERE username = ?
2026-05-13 16:21:21.471 [http-nio-8080-exec-7] DEBUG c.z.f.t.m.UserMapper.findByUsername      : ==> Parameters: Andy(String)
2026-05-13 16:21:21.473 [http-nio-8080-exec-7] DEBUG c.z.f.t.m.UserMapper.findByUsername      : <==      Total: 1
2026-05-13 16:21:21.474 [http-nio-8080-exec-7] DEBUG c.z.f.t.m.T.findAllFiltered              : ==>  Preparing: SELECT t.*, c.name as categoryName FROM transactions t LEFT JOIN categories c ON t.category_id = c.id WHERE t.user_id = ? ORDER BY t.date DESC, t.id DESC LIMIT ? OFFSET ?
2026-05-13 16:21:21.474 [http-nio-8080-exec-7] DEBUG c.z.f.t.m.T.findAllFiltered              : ==> Parameters: 1(Long), 5(Integer), 0(Integer)
2026-05-13 16:21:21.477 [http-nio-8080-exec-7] DEBUG c.z.f.t.m.T.findAllFiltered              : <==      Total: 5
2026-05-13 16:21:21.481 [http-nio-8080-exec-7] DEBUG c.z.f.t.m.T.countFiltered                : ==>  Preparing: SELECT COUNT(*) FROM transactions t WHERE user_id = ?
2026-05-13 16:21:21.482 [http-nio-8080-exec-7] DEBUG c.z.f.t.m.T.countFiltered                : ==> Parameters: 1(Long)
2026-05-13 16:21:21.484 [http-nio-8080-exec-7] DEBUG c.z.f.t.m.T.countFiltered                : <==      Total: 1
2026-05-13 16:21:21.485 [http-nio-8080-exec-7] DEBUG c.z.f.t.c.TransactionController          : History query [userId=1, page=0, size=5, total=32]
2026-05-13 16:21:21.829 [http-nio-8080-exec-9] DEBUG c.z.f.t.filter.JwtAuthenticationFilter   : Authenticated [user=Andy, uri=/api/recurring/upcoming]
2026-05-13 16:21:21.830 [http-nio-8080-exec-9] DEBUG c.z.f.t.m.UserMapper.findByUsername      : ==>  Preparing: SELECT * FROM users WHERE username = ?
2026-05-13 16:21:21.830 [http-nio-8080-exec-9] DEBUG c.z.f.t.m.UserMapper.findByUsername      : ==> Parameters: Andy(String)
2026-05-13 16:21:21.832 [http-nio-8080-exec-9] DEBUG c.z.f.t.m.UserMapper.findByUsername      : <==      Total: 1
2026-05-13 16:21:21.833 [http-nio-8080-exec-9] DEBUG c.z.f.t.m.RecurringMapper.findUpcoming   : ==>  Preparing: SELECT r.*, c.name as categoryName FROM recurring_transactions r LEFT JOIN categories c ON r.category_id = c.id WHERE r.user_id = ? AND r.is_active = TRUE AND r.next_due_date <= DATE_ADD(CURDATE(), INTERVAL ? DAY) ORDER BY r.next_due_date ASC
2026-05-13 16:21:21.833 [http-nio-8080-exec-9] DEBUG c.z.f.t.m.RecurringMapper.findUpcoming   : ==> Parameters: 1(Long), 7(Integer)
2026-05-13 16:21:21.836 [http-nio-8080-exec-9] DEBUG c.z.f.t.m.RecurringMapper.findUpcoming   : <==      Total: 0
2026-05-13 17:05:14.112 [http-nio-8080-exec-1] DEBUG c.z.f.t.filter.JwtAuthenticationFilter   : Authenticated [user=Andy, uri=/api/transactions/summary]
2026-05-13 17:05:14.126 [http-nio-8080-exec-1] DEBUG c.z.f.t.m.UserMapper.findByUsername      : ==>  Preparing: SELECT * FROM users WHERE username = ?
2026-05-13 17:05:14.128 [http-nio-8080-exec-1] DEBUG c.z.f.t.m.UserMapper.findByUsername      : ==> Parameters: Andy(String)
2026-05-13 17:05:14.138 [http-nio-8080-exec-1] DEBUG c.z.f.t.m.UserMapper.findByUsername      : <==      Total: 1
2026-05-13 17:05:14.153 [http-nio-8080-exec-1] DEBUG c.z.f.t.m.T.getTotalBalance              : ==>  Preparing: SELECT COALESCE( SUM(CASE WHEN type = 'INCOME' THEN amount ELSE ABS(amount) * -1 END), 0 ) FROM transactions WHERE user_id = ?
2026-05-13 17:05:14.153 [http-nio-8080-exec-1] DEBUG c.z.f.t.m.T.getTotalBalance              : ==> Parameters: 1(Long)
2026-05-13 17:05:14.155 [http-nio-8080-exec-1] DEBUG c.z.f.t.m.T.getTotalBalance              : <==      Total: 1
2026-05-13 17:05:14.156 [http-nio-8080-exec-1] DEBUG c.z.f.t.m.T.getMonthlyBalance            : ==>  Preparing: SELECT SUM(CASE WHEN type = 'INCOME' THEN amount ELSE 0 END) as income, SUM(CASE WHEN type = 'EXPENSE' THEN ABS(amount) ELSE 0 END) as expense, SUM(CASE WHEN type = 'INCOME' THEN amount ELSE ABS(amount) * -1 END) as net FROM transactions WHERE user_id = ? AND DATE_FORMAT(date, '%Y-%m') = ?
2026-05-13 17:05:14.156 [http-nio-8080-exec-1] DEBUG c.z.f.t.m.T.getMonthlyBalance            : ==> Parameters: 1(Long), 2026-05(String)
2026-05-13 17:05:14.158 [http-nio-8080-exec-1] DEBUG c.z.f.t.m.T.getMonthlyBalance            : <==      Total: 1
2026-05-13 17:05:14.159 [http-nio-8080-exec-1] DEBUG c.z.f.t.m.T.getIncomeVsExpense           : ==>  Preparing: SELECT SUM(CASE WHEN type = 'INCOME' THEN amount ELSE 0 END) as totalIncome, SUM(CASE WHEN type = 'EXPENSE' THEN ABS(amount) ELSE 0 END) as totalExpense FROM transactions WHERE user_id = ?
2026-05-13 17:05:14.159 [http-nio-8080-exec-1] DEBUG c.z.f.t.m.T.getIncomeVsExpense           : ==> Parameters: 1(Long)
2026-05-13 17:05:14.161 [http-nio-8080-exec-1] DEBUG c.z.f.t.m.T.getIncomeVsExpense           : <==      Total: 1
2026-05-13 17:05:14.161 [http-nio-8080-exec-1] DEBUG c.z.f.t.m.T.getCategorySummary           : ==>  Preparing: SELECT c.name as name, SUM(ABS(t.amount)) as value FROM transactions t INNER JOIN categories c ON t.category_id = c.id WHERE t.user_id = ? AND t.type = ? GROUP BY c.name
2026-05-13 17:05:14.162 [http-nio-8080-exec-1] DEBUG c.z.f.t.m.T.getCategorySummary           : ==> Parameters: 1(Long), INCOME(String)
2026-05-13 17:05:14.164 [http-nio-8080-exec-1] DEBUG c.z.f.t.m.T.getCategorySummary           : <==      Total: 4
2026-05-13 17:05:14.164 [http-nio-8080-exec-1] DEBUG c.z.f.t.m.T.getCategorySummary           : ==>  Preparing: SELECT c.name as name, SUM(ABS(t.amount)) as value FROM transactions t INNER JOIN categories c ON t.category_id = c.id WHERE t.user_id = ? AND t.type = ? GROUP BY c.name
2026-05-13 17:05:14.165 [http-nio-8080-exec-1] DEBUG c.z.f.t.m.T.getCategorySummary           : ==> Parameters: 1(Long), EXPENSE(String)
2026-05-13 17:05:14.167 [http-nio-8080-exec-1] DEBUG c.z.f.t.m.T.getCategorySummary           : <==      Total: 7
2026-05-13 17:05:14.861 [http-nio-8080-exec-3] DEBUG c.z.f.t.filter.JwtAuthenticationFilter   : Authenticated [user=Andy, uri=/api/transactions/daily-trends]
2026-05-13 17:05:14.863 [http-nio-8080-exec-3] DEBUG c.z.f.t.m.UserMapper.findByUsername      : ==>  Preparing: SELECT * FROM users WHERE username = ?
2026-05-13 17:05:14.863 [http-nio-8080-exec-3] DEBUG c.z.f.t.m.UserMapper.findByUsername      : ==> Parameters: Andy(String)
2026-05-13 17:05:14.865 [http-nio-8080-exec-3] DEBUG c.z.f.t.m.UserMapper.findByUsername      : <==      Total: 1
2026-05-13 17:05:14.867 [http-nio-8080-exec-3] DEBUG c.z.f.t.m.T.getDailyTrends               : ==>  Preparing: SELECT DATE(t.date) as date, SUM(CASE WHEN t.type = 'INCOME' THEN t.amount ELSE 0 END) as income, SUM(CASE WHEN t.type = 'EXPENSE' THEN t.amount ELSE 0 END) as expense FROM transactions t WHERE t.user_id = ? AND t.date >= DATE_SUB(CURDATE(), INTERVAL ? DAY) GROUP BY DATE(t.date) ORDER BY date ASC
2026-05-13 17:05:14.868 [http-nio-8080-exec-3] DEBUG c.z.f.t.m.T.getDailyTrends               : ==> Parameters: 1(Long), 30(Integer)
2026-05-13 17:05:14.871 [http-nio-8080-exec-3] DEBUG c.z.f.t.m.T.getDailyTrends               : <==      Total: 10
2026-05-13 17:05:15.525 [http-nio-8080-exec-5] DEBUG c.z.f.t.filter.JwtAuthenticationFilter   : Authenticated [user=Andy, uri=/api/transactions/history]
2026-05-13 17:05:15.527 [http-nio-8080-exec-5] DEBUG c.z.f.t.m.UserMapper.findByUsername      : ==>  Preparing: SELECT * FROM users WHERE username = ?
2026-05-13 17:05:15.527 [http-nio-8080-exec-5] DEBUG c.z.f.t.m.UserMapper.findByUsername      : ==> Parameters: Andy(String)
2026-05-13 17:05:15.528 [http-nio-8080-exec-5] DEBUG c.z.f.t.m.UserMapper.findByUsername      : <==      Total: 1
2026-05-13 17:05:15.530 [http-nio-8080-exec-5] DEBUG c.z.f.t.m.T.findAllFiltered              : ==>  Preparing: SELECT t.*, c.name as categoryName FROM transactions t LEFT JOIN categories c ON t.category_id = c.id WHERE t.user_id = ? ORDER BY t.date DESC, t.id DESC LIMIT ? OFFSET ?
2026-05-13 17:05:15.530 [http-nio-8080-exec-5] DEBUG c.z.f.t.m.T.findAllFiltered              : ==> Parameters: 1(Long), 5(Integer), 0(Integer)
2026-05-13 17:05:15.534 [http-nio-8080-exec-5] DEBUG c.z.f.t.m.T.findAllFiltered              : <==      Total: 5
2026-05-13 17:05:15.543 [http-nio-8080-exec-5] DEBUG c.z.f.t.m.T.countFiltered                : ==>  Preparing: SELECT COUNT(*) FROM transactions t WHERE user_id = ?
2026-05-13 17:05:15.543 [http-nio-8080-exec-5] DEBUG c.z.f.t.m.T.countFiltered                : ==> Parameters: 1(Long)
2026-05-13 17:05:15.545 [http-nio-8080-exec-5] DEBUG c.z.f.t.m.T.countFiltered                : <==      Total: 1
2026-05-13 17:05:15.545 [http-nio-8080-exec-5] DEBUG c.z.f.t.c.TransactionController          : History query [userId=1, page=0, size=5, total=32]
2026-05-13 17:05:16.213 [http-nio-8080-exec-7] DEBUG c.z.f.t.filter.JwtAuthenticationFilter   : Authenticated [user=Andy, uri=/api/recurring/upcoming]
2026-05-13 17:05:16.215 [http-nio-8080-exec-7] DEBUG c.z.f.t.m.UserMapper.findByUsername      : ==>  Preparing: SELECT * FROM users WHERE username = ?
2026-05-13 17:05:16.215 [http-nio-8080-exec-7] DEBUG c.z.f.t.m.UserMapper.findByUsername      : ==> Parameters: Andy(String)
2026-05-13 17:05:16.216 [http-nio-8080-exec-7] DEBUG c.z.f.t.m.UserMapper.findByUsername      : <==      Total: 1
2026-05-13 17:05:16.217 [http-nio-8080-exec-7] DEBUG c.z.f.t.m.RecurringMapper.findUpcoming   : ==>  Preparing: SELECT r.*, c.name as categoryName FROM recurring_transactions r LEFT JOIN categories c ON r.category_id = c.id WHERE r.user_id = ? AND r.is_active = TRUE AND r.next_due_date <= DATE_ADD(CURDATE(), INTERVAL ? DAY) ORDER BY r.next_due_date ASC
2026-05-13 17:05:16.217 [http-nio-8080-exec-7] DEBUG c.z.f.t.m.RecurringMapper.findUpcoming   : ==> Parameters: 1(Long), 7(Integer)
2026-05-13 17:05:16.218 [http-nio-8080-exec-7] DEBUG c.z.f.t.m.RecurringMapper.findUpcoming   : <==      Total: 0
2026-05-13 17:05:19.105 [http-nio-8080-exec-9] DEBUG c.z.f.t.filter.JwtAuthenticationFilter   : Authenticated [user=Andy, uri=/api/categories]
2026-05-13 17:05:19.107 [http-nio-8080-exec-9] DEBUG c.z.f.t.m.UserMapper.findByUsername      : ==>  Preparing: SELECT * FROM users WHERE username = ?
2026-05-13 17:05:19.107 [http-nio-8080-exec-9] DEBUG c.z.f.t.m.UserMapper.findByUsername      : ==> Parameters: Andy(String)
2026-05-13 17:05:19.109 [http-nio-8080-exec-9] DEBUG c.z.f.t.m.UserMapper.findByUsername      : <==      Total: 1
2026-05-13 17:05:19.112 [http-nio-8080-exec-9] DEBUG c.z.f.t.m.C.findByUserIdAndType          : ==>  Preparing: SELECT * FROM categories WHERE user_id = ? AND type = ? ORDER BY name ASC
2026-05-13 17:05:19.113 [http-nio-8080-exec-9] DEBUG c.z.f.t.m.C.findByUserIdAndType          : ==> Parameters: 1(Long), EXPENSE(String)
2026-05-13 17:05:19.115 [http-nio-8080-exec-9] DEBUG c.z.f.t.m.C.findByUserIdAndType          : <==      Total: 10
2026-05-13 17:05:19.148 [http-nio-8080-exec-1] DEBUG c.z.f.t.filter.JwtAuthenticationFilter   : Authenticated [user=Andy, uri=/api/transactions/history]
2026-05-13 17:05:19.149 [http-nio-8080-exec-1] DEBUG c.z.f.t.m.UserMapper.findByUsername      : ==>  Preparing: SELECT * FROM users WHERE username = ?
2026-05-13 17:05:19.149 [http-nio-8080-exec-1] DEBUG c.z.f.t.m.UserMapper.findByUsername      : ==> Parameters: Andy(String)
2026-05-13 17:05:19.151 [http-nio-8080-exec-1] DEBUG c.z.f.t.m.UserMapper.findByUsername      : <==      Total: 1
2026-05-13 17:05:19.151 [http-nio-8080-exec-1] DEBUG c.z.f.t.m.T.findAllFiltered              : ==>  Preparing: SELECT t.*, c.name as categoryName FROM transactions t LEFT JOIN categories c ON t.category_id = c.id WHERE t.user_id = ? ORDER BY t.date DESC, t.id DESC LIMIT ? OFFSET ?
2026-05-13 17:05:19.152 [http-nio-8080-exec-1] DEBUG c.z.f.t.m.T.findAllFiltered              : ==> Parameters: 1(Long), 15(Integer), 0(Integer)
2026-05-13 17:05:19.156 [http-nio-8080-exec-1] DEBUG c.z.f.t.m.T.findAllFiltered              : <==      Total: 15
2026-05-13 17:05:19.163 [http-nio-8080-exec-1] DEBUG c.z.f.t.m.T.countFiltered                : ==>  Preparing: SELECT COUNT(*) FROM transactions t WHERE user_id = ?
2026-05-13 17:05:19.164 [http-nio-8080-exec-1] DEBUG c.z.f.t.m.T.countFiltered                : ==> Parameters: 1(Long)
2026-05-13 17:05:19.165 [http-nio-8080-exec-1] DEBUG c.z.f.t.m.T.countFiltered                : <==      Total: 1
2026-05-13 17:05:19.165 [http-nio-8080-exec-1] DEBUG c.z.f.t.c.TransactionController          : History query [userId=1, page=0, size=15, total=32]
2026-05-13 17:05:19.763 [http-nio-8080-exec-3] DEBUG c.z.f.t.filter.JwtAuthenticationFilter   : Authenticated [user=Andy, uri=/api/categories]
2026-05-13 17:05:19.765 [http-nio-8080-exec-3] DEBUG c.z.f.t.m.UserMapper.findByUsername      : ==>  Preparing: SELECT * FROM users WHERE username = ?
2026-05-13 17:05:19.765 [http-nio-8080-exec-3] DEBUG c.z.f.t.m.UserMapper.findByUsername      : ==> Parameters: Andy(String)
2026-05-13 17:05:19.766 [http-nio-8080-exec-3] DEBUG c.z.f.t.m.UserMapper.findByUsername      : <==      Total: 1
2026-05-13 17:05:19.767 [http-nio-8080-exec-3] DEBUG c.z.f.t.m.C.findByUserIdAndType          : ==>  Preparing: SELECT * FROM categories WHERE user_id = ? AND type = ? ORDER BY name ASC
2026-05-13 17:05:19.768 [http-nio-8080-exec-3] DEBUG c.z.f.t.m.C.findByUserIdAndType          : ==> Parameters: 1(Long), INCOME(String)
2026-05-13 17:05:19.769 [http-nio-8080-exec-3] DEBUG c.z.f.t.m.C.findByUserIdAndType          : <==      Total: 5
2026-05-13 17:05:40.785 [http-nio-8080-exec-5] DEBUG c.z.f.t.filter.JwtAuthenticationFilter   : Authenticated [user=Andy, uri=/api/transactions/trends]
2026-05-13 17:05:40.788 [http-nio-8080-exec-5] DEBUG c.z.f.t.m.UserMapper.findByUsername      : ==>  Preparing: SELECT * FROM users WHERE username = ?
2026-05-13 17:05:40.789 [http-nio-8080-exec-5] DEBUG c.z.f.t.m.UserMapper.findByUsername      : ==> Parameters: Andy(String)
2026-05-13 17:05:40.791 [http-nio-8080-exec-5] DEBUG c.z.f.t.m.UserMapper.findByUsername      : <==      Total: 1
2026-05-13 17:05:40.793 [http-nio-8080-exec-5] DEBUG c.z.f.t.m.T.getTimeSeriesData            : ==>  Preparing: SELECT DATE_FORMAT(date, '%Y-%m') as timeLabel, SUM(ABS(amount)) as total FROM transactions WHERE user_id = ? AND type = ? GROUP BY timeLabel ORDER BY timeLabel ASC
2026-05-13 17:05:40.793 [http-nio-8080-exec-5] DEBUG c.z.f.t.m.T.getTimeSeriesData            : ==> Parameters: 1(Long), INCOME(String)
2026-05-13 17:05:40.795 [http-nio-8080-exec-5] DEBUG c.z.f.t.m.T.getTimeSeriesData            : <==      Total: 4
2026-05-13 17:05:41.386 [http-nio-8080-exec-7] DEBUG c.z.f.t.filter.JwtAuthenticationFilter   : Authenticated [user=Andy, uri=/api/transactions/trends]
2026-05-13 17:05:41.389 [http-nio-8080-exec-7] DEBUG c.z.f.t.m.UserMapper.findByUsername      : ==>  Preparing: SELECT * FROM users WHERE username = ?
2026-05-13 17:05:41.390 [http-nio-8080-exec-7] DEBUG c.z.f.t.m.UserMapper.findByUsername      : ==> Parameters: Andy(String)
2026-05-13 17:05:41.392 [http-nio-8080-exec-7] DEBUG c.z.f.t.m.UserMapper.findByUsername      : <==      Total: 1
2026-05-13 17:05:41.394 [http-nio-8080-exec-7] DEBUG c.z.f.t.m.T.getTimeSeriesData            : ==>  Preparing: SELECT DATE_FORMAT(date, '%Y-%m') as timeLabel, SUM(ABS(amount)) as total FROM transactions WHERE user_id = ? AND type = ? GROUP BY timeLabel ORDER BY timeLabel ASC
2026-05-13 17:05:41.395 [http-nio-8080-exec-7] DEBUG c.z.f.t.m.T.getTimeSeriesData            : ==> Parameters: 1(Long), EXPENSE(String)
2026-05-13 17:05:41.397 [http-nio-8080-exec-7] DEBUG c.z.f.t.m.T.getTimeSeriesData            : <==      Total: 5
2026-05-13 17:05:41.988 [http-nio-8080-exec-9] DEBUG c.z.f.t.filter.JwtAuthenticationFilter   : Authenticated [user=Andy, uri=/api/transactions/summary]
2026-05-13 17:05:41.990 [http-nio-8080-exec-9] DEBUG c.z.f.t.m.UserMapper.findByUsername      : ==>  Preparing: SELECT * FROM users WHERE username = ?
2026-05-13 17:05:41.990 [http-nio-8080-exec-9] DEBUG c.z.f.t.m.UserMapper.findByUsername      : ==> Parameters: Andy(String)
2026-05-13 17:05:41.992 [http-nio-8080-exec-9] DEBUG c.z.f.t.m.UserMapper.findByUsername      : <==      Total: 1
2026-05-13 17:05:44.051 [http-nio-8080-exec-1] DEBUG c.z.f.t.filter.JwtAuthenticationFilter   : Authenticated [user=Andy, uri=/api/profile]
2026-05-13 17:05:44.053 [http-nio-8080-exec-1] DEBUG c.z.f.t.m.UserMapper.findByUsername      : ==>  Preparing: SELECT * FROM users WHERE username = ?
2026-05-13 17:05:44.053 [http-nio-8080-exec-1] DEBUG c.z.f.t.m.UserMapper.findByUsername      : ==> Parameters: Andy(String)
2026-05-13 17:05:44.054 [http-nio-8080-exec-1] DEBUG c.z.f.t.m.UserMapper.findByUsername      : <==      Total: 1
2026-05-13 17:05:44.700 [http-nio-8080-exec-3] DEBUG c.z.f.t.filter.JwtAuthenticationFilter   : Authenticated [user=Andy, uri=/api/categories]
2026-05-13 17:05:44.701 [http-nio-8080-exec-3] DEBUG c.z.f.t.m.UserMapper.findByUsername      : ==>  Preparing: SELECT * FROM users WHERE username = ?
2026-05-13 17:05:44.702 [http-nio-8080-exec-3] DEBUG c.z.f.t.m.UserMapper.findByUsername      : ==> Parameters: Andy(String)
2026-05-13 17:05:44.703 [http-nio-8080-exec-3] DEBUG c.z.f.t.m.UserMapper.findByUsername      : <==      Total: 1
2026-05-13 17:05:44.790 [http-nio-8080-exec-5] DEBUG c.z.f.t.filter.JwtAuthenticationFilter   : Authenticated [user=Andy, uri=/api/transactions/history]
2026-05-13 17:05:44.791 [http-nio-8080-exec-5] DEBUG c.z.f.t.m.UserMapper.findByUsername      : ==>  Preparing: SELECT * FROM users WHERE username = ?
2026-05-13 17:05:44.791 [http-nio-8080-exec-5] DEBUG c.z.f.t.m.UserMapper.findByUsername      : ==> Parameters: Andy(String)
2026-05-13 17:05:44.793 [http-nio-8080-exec-5] DEBUG c.z.f.t.m.UserMapper.findByUsername      : <==      Total: 1
2026-05-13 17:05:44.793 [http-nio-8080-exec-5] DEBUG c.z.f.t.m.T.findAllFiltered              : ==>  Preparing: SELECT t.*, c.name as categoryName FROM transactions t LEFT JOIN categories c ON t.category_id = c.id WHERE t.user_id = ? ORDER BY t.date DESC, t.id DESC LIMIT ? OFFSET ?
2026-05-13 17:05:44.794 [http-nio-8080-exec-5] DEBUG c.z.f.t.m.T.findAllFiltered              : ==> Parameters: 1(Long), 15(Integer), 0(Integer)
2026-05-13 17:05:44.798 [http-nio-8080-exec-5] DEBUG c.z.f.t.m.T.findAllFiltered              : <==      Total: 15
2026-05-13 17:05:44.805 [http-nio-8080-exec-5] DEBUG c.z.f.t.m.T.countFiltered                : ==>  Preparing: SELECT COUNT(*) FROM transactions t WHERE user_id = ?
2026-05-13 17:05:44.805 [http-nio-8080-exec-5] DEBUG c.z.f.t.m.T.countFiltered                : ==> Parameters: 1(Long)
2026-05-13 17:05:44.807 [http-nio-8080-exec-5] DEBUG c.z.f.t.m.T.countFiltered                : <==      Total: 1
2026-05-13 17:05:44.807 [http-nio-8080-exec-5] DEBUG c.z.f.t.c.TransactionController          : History query [userId=1, page=0, size=15, total=32]
2026-05-13 17:05:45.413 [http-nio-8080-exec-7] DEBUG c.z.f.t.filter.JwtAuthenticationFilter   : Authenticated [user=Andy, uri=/api/transactions/trends]
2026-05-13 17:05:45.414 [http-nio-8080-exec-7] DEBUG c.z.f.t.m.UserMapper.findByUsername      : ==>  Preparing: SELECT * FROM users WHERE username = ?
2026-05-13 17:05:45.414 [http-nio-8080-exec-7] DEBUG c.z.f.t.m.UserMapper.findByUsername      : ==> Parameters: Andy(String)
2026-05-13 17:05:45.416 [http-nio-8080-exec-7] DEBUG c.z.f.t.m.UserMapper.findByUsername      : <==      Total: 1
2026-05-13 17:05:46.102 [http-nio-8080-exec-9] DEBUG c.z.f.t.filter.JwtAuthenticationFilter   : Authenticated [user=Andy, uri=/api/goals]
2026-05-13 17:05:46.104 [http-nio-8080-exec-9] DEBUG c.z.f.t.m.UserMapper.findByUsername      : ==>  Preparing: SELECT * FROM users WHERE username = ?
2026-05-13 17:05:46.105 [http-nio-8080-exec-9] DEBUG c.z.f.t.m.UserMapper.findByUsername      : ==> Parameters: Andy(String)
2026-05-13 17:05:46.106 [http-nio-8080-exec-9] DEBUG c.z.f.t.m.UserMapper.findByUsername      : <==      Total: 1
2026-05-13 17:05:46.109 [http-nio-8080-exec-9] DEBUG c.z.f.t.mapper.GoalMapper.findByUserId   : ==>  Preparing: SELECT * FROM savings_goals WHERE user_id = ? ORDER BY created_at DESC
2026-05-13 17:05:46.109 [http-nio-8080-exec-9] DEBUG c.z.f.t.mapper.GoalMapper.findByUserId   : ==> Parameters: 1(Long)
2026-05-13 17:05:46.127 [http-nio-8080-exec-9] DEBUG c.z.f.t.mapper.GoalMapper.findByUserId   : <==      Total: 1
2026-05-13 17:05:49.527 [http-nio-8080-exec-1] DEBUG c.z.f.t.filter.JwtAuthenticationFilter   : Authenticated [user=Andy, uri=/api/transactions/history]
2026-05-13 17:05:49.529 [http-nio-8080-exec-1] DEBUG c.z.f.t.m.UserMapper.findByUsername      : ==>  Preparing: SELECT * FROM users WHERE username = ?
2026-05-13 17:05:49.530 [http-nio-8080-exec-1] DEBUG c.z.f.t.m.UserMapper.findByUsername      : ==> Parameters: Andy(String)
2026-05-13 17:05:49.531 [http-nio-8080-exec-1] DEBUG c.z.f.t.m.UserMapper.findByUsername      : <==      Total: 1
2026-05-13 17:05:49.532 [http-nio-8080-exec-1] DEBUG c.z.f.t.m.T.findAllFiltered              : ==>  Preparing: SELECT t.*, c.name as categoryName FROM transactions t LEFT JOIN categories c ON t.category_id = c.id WHERE t.user_id = ? AND t.date >= ? AND t.date <= ? ORDER BY t.date DESC, t.id DESC LIMIT ? OFFSET ?
2026-05-13 17:05:49.532 [http-nio-8080-exec-1] DEBUG c.z.f.t.m.T.findAllFiltered              : ==> Parameters: 1(Long), 2026-05-01(String), 2026-05-31(String), 300(Integer), 0(Integer)
2026-05-13 17:05:49.536 [http-nio-8080-exec-1] DEBUG c.z.f.t.m.T.findAllFiltered              : <==      Total: 6
2026-05-13 17:05:49.540 [http-nio-8080-exec-1] DEBUG c.z.f.t.m.T.countFiltered                : ==>  Preparing: SELECT COUNT(*) FROM transactions t WHERE user_id = ? AND t.date >= ? AND t.date <= ?
2026-05-13 17:05:49.541 [http-nio-8080-exec-1] DEBUG c.z.f.t.m.T.countFiltered                : ==> Parameters: 1(Long), 2026-05-01(String), 2026-05-31(String)
2026-05-13 17:05:49.542 [http-nio-8080-exec-1] DEBUG c.z.f.t.m.T.countFiltered                : <==      Total: 1
2026-05-13 17:05:49.542 [http-nio-8080-exec-1] DEBUG c.z.f.t.c.TransactionController          : History query [userId=1, page=0, size=300, total=6]
2026-05-13 17:06:02.804 [http-nio-8080-exec-3] DEBUG c.z.f.t.filter.JwtAuthenticationFilter   : Authenticated [user=Andy, uri=/api/transactions/monthly-breakdown]
2026-05-13 17:06:02.807 [http-nio-8080-exec-3] DEBUG c.z.f.t.m.UserMapper.findByUsername      : ==>  Preparing: SELECT * FROM users WHERE username = ?
2026-05-13 17:06:02.807 [http-nio-8080-exec-3] DEBUG c.z.f.t.m.UserMapper.findByUsername      : ==> Parameters: Andy(String)
2026-05-13 17:06:02.809 [http-nio-8080-exec-3] DEBUG c.z.f.t.m.UserMapper.findByUsername      : <==      Total: 1
2026-05-13 17:06:02.809 [http-nio-8080-exec-3] DEBUG c.z.f.t.m.T.getMonthlyBreakdown          : ==>  Preparing: SELECT DATE_FORMAT(date, '%Y-%m') as month, SUM(CASE WHEN type = 'INCOME' THEN amount ELSE 0 END) as income, SUM(CASE WHEN type = 'EXPENSE' THEN amount ELSE 0 END) as expense, COUNT(*) as transactionCount FROM transactions WHERE user_id = ? AND date >= DATE_SUB(CURDATE(), INTERVAL ? MONTH) GROUP BY DATE_FORMAT(date, '%Y-%m') ORDER BY month DESC
2026-05-13 17:06:02.810 [http-nio-8080-exec-3] DEBUG c.z.f.t.m.T.getMonthlyBreakdown          : ==> Parameters: 1(Long), 6(Integer)
2026-05-13 17:06:02.811 [http-nio-8080-exec-3] DEBUG c.z.f.t.m.T.getMonthlyBreakdown          : <==      Total: 5
2026-05-13 17:06:03.421 [http-nio-8080-exec-5] DEBUG c.z.f.t.filter.JwtAuthenticationFilter   : Authenticated [user=Andy, uri=/api/transactions/biggest-transactions]
2026-05-13 17:06:03.424 [http-nio-8080-exec-5] DEBUG c.z.f.t.m.UserMapper.findByUsername      : ==>  Preparing: SELECT * FROM users WHERE username = ?
2026-05-13 17:06:03.424 [http-nio-8080-exec-5] DEBUG c.z.f.t.m.UserMapper.findByUsername      : ==> Parameters: Andy(String)
2026-05-13 17:06:03.425 [http-nio-8080-exec-5] DEBUG c.z.f.t.m.UserMapper.findByUsername      : <==      Total: 1
2026-05-13 17:06:03.426 [http-nio-8080-exec-5] DEBUG c.z.f.t.m.T.getBiggestTransactions       : ==>  Preparing: SELECT t.text, t.amount, t.date, c.name as categoryName FROM transactions t LEFT JOIN categories c ON t.category_id = c.id WHERE t.user_id = ? AND t.type = 'EXPENSE' AND t.date >= DATE_SUB(CURDATE(), INTERVAL 3 MONTH) ORDER BY t.amount DESC LIMIT ?
2026-05-13 17:06:03.426 [http-nio-8080-exec-5] DEBUG c.z.f.t.m.T.getBiggestTransactions       : ==> Parameters: 1(Long), 5(Integer)
2026-05-13 17:06:03.429 [http-nio-8080-exec-5] DEBUG c.z.f.t.m.T.getBiggestTransactions       : <==      Total: 5
2026-05-13 17:06:13.073 [http-nio-8080-exec-7] DEBUG c.z.f.t.filter.JwtAuthenticationFilter   : Authenticated [user=Andy, uri=/api/recurring]
2026-05-13 17:06:13.074 [http-nio-8080-exec-7] DEBUG c.z.f.t.m.UserMapper.findByUsername      : ==>  Preparing: SELECT * FROM users WHERE username = ?
2026-05-13 17:06:13.074 [http-nio-8080-exec-7] DEBUG c.z.f.t.m.UserMapper.findByUsername      : ==> Parameters: Andy(String)
2026-05-13 17:06:13.076 [http-nio-8080-exec-7] DEBUG c.z.f.t.m.UserMapper.findByUsername      : <==      Total: 1
2026-05-13 17:06:13.076 [http-nio-8080-exec-7] DEBUG c.z.f.t.m.RecurringMapper.findByUserId   : ==>  Preparing: SELECT r.*, c.name as categoryName FROM recurring_transactions r LEFT JOIN categories c ON r.category_id = c.id WHERE r.user_id = ? AND r.is_active = TRUE ORDER BY r.next_due_date ASC
2026-05-13 17:06:13.076 [http-nio-8080-exec-7] DEBUG c.z.f.t.m.RecurringMapper.findByUserId   : ==> Parameters: 1(Long)
2026-05-13 17:06:13.078 [http-nio-8080-exec-7] DEBUG c.z.f.t.m.RecurringMapper.findByUserId   : <==      Total: 0
2026-05-13 17:06:14.813 [http-nio-8080-exec-9] DEBUG c.z.f.t.filter.JwtAuthenticationFilter   : Authenticated [user=Andy, uri=/api/profile]
2026-05-13 17:06:14.814 [http-nio-8080-exec-9] DEBUG c.z.f.t.m.UserMapper.findByUsername      : ==>  Preparing: SELECT * FROM users WHERE username = ?
2026-05-13 17:06:14.815 [http-nio-8080-exec-9] DEBUG c.z.f.t.m.UserMapper.findByUsername      : ==> Parameters: Andy(String)
2026-05-13 17:06:14.816 [http-nio-8080-exec-9] DEBUG c.z.f.t.m.UserMapper.findByUsername      : <==      Total: 1
2026-05-13 17:06:18.927 [http-nio-8080-exec-1] DEBUG c.z.f.t.filter.JwtAuthenticationFilter   : Authenticated [user=Andy, uri=/api/transactions/summary]
2026-05-13 17:06:18.928 [http-nio-8080-exec-1] DEBUG c.z.f.t.m.UserMapper.findByUsername      : ==>  Preparing: SELECT * FROM users WHERE username = ?
2026-05-13 17:06:18.929 [http-nio-8080-exec-1] DEBUG c.z.f.t.m.UserMapper.findByUsername      : ==> Parameters: Andy(String)
2026-05-13 17:06:18.930 [http-nio-8080-exec-1] DEBUG c.z.f.t.m.UserMapper.findByUsername      : <==      Total: 1
2026-05-13 17:06:19.537 [http-nio-8080-exec-3] DEBUG c.z.f.t.filter.JwtAuthenticationFilter   : Authenticated [user=Andy, uri=/api/transactions/daily-trends]
2026-05-13 17:06:19.539 [http-nio-8080-exec-3] DEBUG c.z.f.t.m.UserMapper.findByUsername      : ==>  Preparing: SELECT * FROM users WHERE username = ?
2026-05-13 17:06:19.539 [http-nio-8080-exec-3] DEBUG c.z.f.t.m.UserMapper.findByUsername      : ==> Parameters: Andy(String)
2026-05-13 17:06:19.540 [http-nio-8080-exec-3] DEBUG c.z.f.t.m.UserMapper.findByUsername      : <==      Total: 1
2026-05-13 17:06:20.155 [http-nio-8080-exec-5] DEBUG c.z.f.t.filter.JwtAuthenticationFilter   : Authenticated [user=Andy, uri=/api/transactions/history]
2026-05-13 17:06:20.158 [http-nio-8080-exec-5] DEBUG c.z.f.t.m.UserMapper.findByUsername      : ==>  Preparing: SELECT * FROM users WHERE username = ?
2026-05-13 17:06:20.158 [http-nio-8080-exec-5] DEBUG c.z.f.t.m.UserMapper.findByUsername      : ==> Parameters: Andy(String)
2026-05-13 17:06:20.160 [http-nio-8080-exec-5] DEBUG c.z.f.t.m.UserMapper.findByUsername      : <==      Total: 1
2026-05-13 17:06:20.161 [http-nio-8080-exec-5] DEBUG c.z.f.t.m.T.findAllFiltered              : ==>  Preparing: SELECT t.*, c.name as categoryName FROM transactions t LEFT JOIN categories c ON t.category_id = c.id WHERE t.user_id = ? ORDER BY t.date DESC, t.id DESC LIMIT ? OFFSET ?
2026-05-13 17:06:20.161 [http-nio-8080-exec-5] DEBUG c.z.f.t.m.T.findAllFiltered              : ==> Parameters: 1(Long), 5(Integer), 0(Integer)
2026-05-13 17:06:20.164 [http-nio-8080-exec-5] DEBUG c.z.f.t.m.T.findAllFiltered              : <==      Total: 5
2026-05-13 17:06:20.168 [http-nio-8080-exec-5] DEBUG c.z.f.t.m.T.countFiltered                : ==>  Preparing: SELECT COUNT(*) FROM transactions t WHERE user_id = ?
2026-05-13 17:06:20.168 [http-nio-8080-exec-5] DEBUG c.z.f.t.m.T.countFiltered                : ==> Parameters: 1(Long)
2026-05-13 17:06:20.170 [http-nio-8080-exec-5] DEBUG c.z.f.t.m.T.countFiltered                : <==      Total: 1
2026-05-13 17:06:20.170 [http-nio-8080-exec-5] DEBUG c.z.f.t.c.TransactionController          : History query [userId=1, page=0, size=5, total=32]
2026-05-13 17:06:20.810 [http-nio-8080-exec-7] DEBUG c.z.f.t.filter.JwtAuthenticationFilter   : Authenticated [user=Andy, uri=/api/recurring/upcoming]
2026-05-13 17:06:20.811 [http-nio-8080-exec-7] DEBUG c.z.f.t.m.UserMapper.findByUsername      : ==>  Preparing: SELECT * FROM users WHERE username = ?
2026-05-13 17:06:20.812 [http-nio-8080-exec-7] DEBUG c.z.f.t.m.UserMapper.findByUsername      : ==> Parameters: Andy(String)
2026-05-13 17:06:20.813 [http-nio-8080-exec-7] DEBUG c.z.f.t.m.UserMapper.findByUsername      : <==      Total: 1
2026-05-13 17:06:20.813 [http-nio-8080-exec-7] DEBUG c.z.f.t.m.RecurringMapper.findUpcoming   : ==>  Preparing: SELECT r.*, c.name as categoryName FROM recurring_transactions r LEFT JOIN categories c ON r.category_id = c.id WHERE r.user_id = ? AND r.is_active = TRUE AND r.next_due_date <= DATE_ADD(CURDATE(), INTERVAL ? DAY) ORDER BY r.next_due_date ASC
2026-05-13 17:06:20.814 [http-nio-8080-exec-7] DEBUG c.z.f.t.m.RecurringMapper.findUpcoming   : ==> Parameters: 1(Long), 7(Integer)
2026-05-13 17:06:20.815 [http-nio-8080-exec-7] DEBUG c.z.f.t.m.RecurringMapper.findUpcoming   : <==      Total: 0
2026-05-13 17:06:22.904 [http-nio-8080-exec-9] DEBUG c.z.f.t.filter.JwtAuthenticationFilter   : Authenticated [user=Andy, uri=/api/profile]
2026-05-13 17:06:22.905 [http-nio-8080-exec-9] DEBUG c.z.f.t.m.UserMapper.findByUsername      : ==>  Preparing: SELECT * FROM users WHERE username = ?
2026-05-13 17:06:22.905 [http-nio-8080-exec-9] DEBUG c.z.f.t.m.UserMapper.findByUsername      : ==> Parameters: Andy(String)
2026-05-13 17:06:22.906 [http-nio-8080-exec-9] DEBUG c.z.f.t.m.UserMapper.findByUsername      : <==      Total: 1
2026-05-13 17:06:24.850 [http-nio-8080-exec-1] DEBUG c.z.f.t.filter.JwtAuthenticationFilter   : Authenticated [user=Andy, uri=/api/transactions/summary]
2026-05-13 17:06:24.852 [http-nio-8080-exec-1] DEBUG c.z.f.t.m.UserMapper.findByUsername      : ==>  Preparing: SELECT * FROM users WHERE username = ?
2026-05-13 17:06:24.852 [http-nio-8080-exec-1] DEBUG c.z.f.t.m.UserMapper.findByUsername      : ==> Parameters: Andy(String)
2026-05-13 17:06:24.853 [http-nio-8080-exec-1] DEBUG c.z.f.t.m.UserMapper.findByUsername      : <==      Total: 1
2026-05-13 17:06:25.491 [http-nio-8080-exec-3] DEBUG c.z.f.t.filter.JwtAuthenticationFilter   : Authenticated [user=Andy, uri=/api/transactions/daily-trends]
2026-05-13 17:06:25.492 [http-nio-8080-exec-3] DEBUG c.z.f.t.m.UserMapper.findByUsername      : ==>  Preparing: SELECT * FROM users WHERE username = ?
2026-05-13 17:06:25.493 [http-nio-8080-exec-3] DEBUG c.z.f.t.m.UserMapper.findByUsername      : ==> Parameters: Andy(String)
2026-05-13 17:06:25.494 [http-nio-8080-exec-3] DEBUG c.z.f.t.m.UserMapper.findByUsername      : <==      Total: 1
2026-05-13 17:06:26.092 [http-nio-8080-exec-5] DEBUG c.z.f.t.filter.JwtAuthenticationFilter   : Authenticated [user=Andy, uri=/api/transactions/history]
2026-05-13 17:06:26.094 [http-nio-8080-exec-5] DEBUG c.z.f.t.m.UserMapper.findByUsername      : ==>  Preparing: SELECT * FROM users WHERE username = ?
2026-05-13 17:06:26.094 [http-nio-8080-exec-5] DEBUG c.z.f.t.m.UserMapper.findByUsername      : ==> Parameters: Andy(String)
2026-05-13 17:06:26.095 [http-nio-8080-exec-5] DEBUG c.z.f.t.m.UserMapper.findByUsername      : <==      Total: 1
2026-05-13 17:06:26.096 [http-nio-8080-exec-5] DEBUG c.z.f.t.m.T.findAllFiltered              : ==>  Preparing: SELECT t.*, c.name as categoryName FROM transactions t LEFT JOIN categories c ON t.category_id = c.id WHERE t.user_id = ? ORDER BY t.date DESC, t.id DESC LIMIT ? OFFSET ?
2026-05-13 17:06:26.096 [http-nio-8080-exec-5] DEBUG c.z.f.t.m.T.findAllFiltered              : ==> Parameters: 1(Long), 5(Integer), 0(Integer)
2026-05-13 17:06:26.099 [http-nio-8080-exec-5] DEBUG c.z.f.t.m.T.findAllFiltered              : <==      Total: 5
2026-05-13 17:06:26.103 [http-nio-8080-exec-5] DEBUG c.z.f.t.m.T.countFiltered                : ==>  Preparing: SELECT COUNT(*) FROM transactions t WHERE user_id = ?
2026-05-13 17:06:26.103 [http-nio-8080-exec-5] DEBUG c.z.f.t.m.T.countFiltered                : ==> Parameters: 1(Long)
2026-05-13 17:06:26.104 [http-nio-8080-exec-5] DEBUG c.z.f.t.m.T.countFiltered                : <==      Total: 1
2026-05-13 17:06:26.104 [http-nio-8080-exec-5] DEBUG c.z.f.t.c.TransactionController          : History query [userId=1, page=0, size=5, total=32]
2026-05-13 17:06:26.737 [http-nio-8080-exec-7] DEBUG c.z.f.t.filter.JwtAuthenticationFilter   : Authenticated [user=Andy, uri=/api/recurring/upcoming]
2026-05-13 17:06:26.739 [http-nio-8080-exec-7] DEBUG c.z.f.t.m.UserMapper.findByUsername      : ==>  Preparing: SELECT * FROM users WHERE username = ?
2026-05-13 17:06:26.739 [http-nio-8080-exec-7] DEBUG c.z.f.t.m.UserMapper.findByUsername      : ==> Parameters: Andy(String)
2026-05-13 17:06:26.741 [http-nio-8080-exec-7] DEBUG c.z.f.t.m.UserMapper.findByUsername      : <==      Total: 1
2026-05-13 17:06:26.741 [http-nio-8080-exec-7] DEBUG c.z.f.t.m.RecurringMapper.findUpcoming   : ==>  Preparing: SELECT r.*, c.name as categoryName FROM recurring_transactions r LEFT JOIN categories c ON r.category_id = c.id WHERE r.user_id = ? AND r.is_active = TRUE AND r.next_due_date <= DATE_ADD(CURDATE(), INTERVAL ? DAY) ORDER BY r.next_due_date ASC
2026-05-13 17:06:26.742 [http-nio-8080-exec-7] DEBUG c.z.f.t.m.RecurringMapper.findUpcoming   : ==> Parameters: 1(Long), 7(Integer)
2026-05-13 17:06:26.744 [http-nio-8080-exec-7] DEBUG c.z.f.t.m.RecurringMapper.findUpcoming   : <==      Total: 0
2026-05-13 17:06:27.992 [http-nio-8080-exec-9] DEBUG c.z.f.t.filter.JwtAuthenticationFilter   : Authenticated [user=Andy, uri=/api/profile]
2026-05-13 17:06:27.993 [http-nio-8080-exec-9] DEBUG c.z.f.t.m.UserMapper.findByUsername      : ==>  Preparing: SELECT * FROM users WHERE username = ?
2026-05-13 17:06:27.993 [http-nio-8080-exec-9] DEBUG c.z.f.t.m.UserMapper.findByUsername      : ==> Parameters: Andy(String)
2026-05-13 17:06:27.994 [http-nio-8080-exec-9] DEBUG c.z.f.t.m.UserMapper.findByUsername      : <==      Total: 1
2026-05-13 17:11:19.734 [SpringApplicationShutdownHook] INFO  o.s.b.w.e.tomcat.GracefulShutdown        : Commencing graceful shutdown. Waiting for active requests to complete
2026-05-13 17:18:12.923 [main] INFO  c.z.f.tracker.FinanceTrackerApplication  : The following 1 profile is active: "dev"
2026-05-13 17:18:13.804 [main] INFO  .s.d.r.c.RepositoryConfigurationDelegate : Multiple Spring Data modules found, entering strict repository configuration mode
2026-05-13 17:18:13.808 [main] INFO  .s.d.r.c.RepositoryConfigurationDelegate : Bootstrapping Spring Data Redis repositories in DEFAULT mode.
2026-05-13 17:18:13.845 [main] INFO  .s.d.r.c.RepositoryConfigurationDelegate : Finished Spring Data repository scanning in 11 ms. Found 0 Redis repository interfaces.
2026-05-13 17:18:14.823 [main] INFO  o.s.b.w.embedded.tomcat.TomcatWebServer  : Tomcat initialized with port 8080 (http)
2026-05-13 17:18:14.842 [main] INFO  o.a.coyote.http11.Http11NioProtocol      : Initializing ProtocolHandler ["http-nio-8080"]
2026-05-13 17:18:14.845 [main] INFO  o.apache.catalina.core.StandardService   : Starting service [Tomcat]
2026-05-13 17:18:14.845 [main] INFO  o.apache.catalina.core.StandardEngine    : Starting Servlet engine: [Apache Tomcat/10.1.49]
2026-05-13 17:18:14.915 [main] INFO  o.a.c.c.C.[Tomcat].[localhost].[/]       : Initializing Spring embedded WebApplicationContext
2026-05-13 17:18:14.915 [main] INFO  w.s.c.ServletWebServerApplicationContext : Root WebApplicationContext: initialization completed in 1966 ms
2026-05-13 17:18:14.988 [main] DEBUG c.z.f.t.filter.JwtAuthenticationFilter   : Filter 'jwtAuthenticationFilter' configured for use
2026-05-13 17:18:17.161 [main] INFO  o.a.coyote.http11.Http11NioProtocol      : Starting ProtocolHandler ["http-nio-8080"]
2026-05-13 17:18:17.196 [main] INFO  o.s.b.w.embedded.tomcat.TomcatWebServer  : Tomcat started on port 8080 (http) with context path '/'
2026-05-13 17:18:17.211 [main] INFO  c.z.f.tracker.FinanceTrackerApplication  : Started FinanceTrackerApplication in 5.973 seconds (process running for 7.421)
2026-05-13 17:18:33.182 [http-nio-8080-exec-1] INFO  o.a.c.c.C.[Tomcat].[localhost].[/]       : Initializing Spring DispatcherServlet 'dispatcherServlet'
2026-05-13 17:18:33.325 [http-nio-8080-exec-1] WARN  c.z.f.t.filter.JwtAuthenticationFilter   : JWT processing error [uri=/api/transactions/summary, error=JWT signature does not match locally computed signature. JWT validity cannot be asserted and should not be trusted.]
2026-05-13 17:18:34.034 [http-nio-8080-exec-3] WARN  c.z.f.t.filter.JwtAuthenticationFilter   : JWT processing error [uri=/api/transactions/daily-trends, error=JWT signature does not match locally computed signature. JWT validity cannot be asserted and should not be trusted.]
2026-05-13 17:18:34.589 [http-nio-8080-exec-5] WARN  c.z.f.t.filter.JwtAuthenticationFilter   : JWT processing error [uri=/api/transactions/history, error=JWT signature does not match locally computed signature. JWT validity cannot be asserted and should not be trusted.]
2026-05-13 17:18:35.262 [http-nio-8080-exec-7] WARN  c.z.f.t.filter.JwtAuthenticationFilter   : JWT processing error [uri=/api/recurring/upcoming, error=JWT signature does not match locally computed signature. JWT validity cannot be asserted and should not be trusted.]
2026-05-13 17:18:38.925 [http-nio-8080-exec-9] WARN  c.z.f.t.filter.JwtAuthenticationFilter   : JWT processing error [uri=/api/profile, error=JWT signature does not match locally computed signature. JWT validity cannot be asserted and should not be trusted.]
2026-05-13 17:18:59.005 [SpringApplicationShutdownHook] INFO  o.s.b.w.e.tomcat.GracefulShutdown        : Commencing graceful shutdown. Waiting for active requests to complete
2026-05-13 17:19:01.022 [tomcat-shutdown] INFO  o.s.b.w.e.tomcat.GracefulShutdown        : Graceful shutdown complete
2026-05-13 17:19:03.972 [main] INFO  c.z.f.tracker.FinanceTrackerApplication  : The following 1 profile is active: "dev"
2026-05-13 17:19:04.640 [main] INFO  .s.d.r.c.RepositoryConfigurationDelegate : Multiple Spring Data modules found, entering strict repository configuration mode
2026-05-13 17:19:04.643 [main] INFO  .s.d.r.c.RepositoryConfigurationDelegate : Bootstrapping Spring Data Redis repositories in DEFAULT mode.
2026-05-13 17:19:04.671 [main] INFO  .s.d.r.c.RepositoryConfigurationDelegate : Finished Spring Data repository scanning in 11 ms. Found 0 Redis repository interfaces.
2026-05-13 17:19:05.431 [main] INFO  o.s.b.w.embedded.tomcat.TomcatWebServer  : Tomcat initialized with port 8080 (http)
2026-05-13 17:19:05.472 [main] INFO  o.a.coyote.http11.Http11NioProtocol      : Initializing ProtocolHandler ["http-nio-8080"]
2026-05-13 17:19:05.479 [main] INFO  o.apache.catalina.core.StandardService   : Starting service [Tomcat]
2026-05-13 17:19:05.480 [main] INFO  o.apache.catalina.core.StandardEngine    : Starting Servlet engine: [Apache Tomcat/10.1.49]
2026-05-13 17:19:05.617 [main] INFO  o.a.c.c.C.[Tomcat].[localhost].[/]       : Initializing Spring embedded WebApplicationContext
2026-05-13 17:19:05.619 [main] INFO  w.s.c.ServletWebServerApplicationContext : Root WebApplicationContext: initialization completed in 1627 ms
2026-05-13 17:19:05.785 [main] DEBUG c.z.f.t.filter.JwtAuthenticationFilter   : Filter 'jwtAuthenticationFilter' configured for use
2026-05-13 17:19:07.514 [main] INFO  o.a.coyote.http11.Http11NioProtocol      : Starting ProtocolHandler ["http-nio-8080"]
2026-05-13 17:19:07.548 [main] INFO  o.s.b.w.embedded.tomcat.TomcatWebServer  : Tomcat started on port 8080 (http) with context path '/'
2026-05-13 17:19:07.566 [main] INFO  c.z.f.tracker.FinanceTrackerApplication  : Started FinanceTrackerApplication in 4.851 seconds (process running for 5.797)
2026-05-13 17:19:17.619 [http-nio-8080-exec-1] INFO  o.a.c.c.C.[Tomcat].[localhost].[/]       : Initializing Spring DispatcherServlet 'dispatcherServlet'
2026-05-13 17:19:17.772 [http-nio-8080-exec-1] WARN  c.z.f.t.filter.JwtAuthenticationFilter   : JWT processing error [uri=/api/transactions/summary, error=JWT signature does not match locally computed signature. JWT validity cannot be asserted and should not be trusted.]
2026-05-13 17:19:18.631 [http-nio-8080-exec-3] WARN  c.z.f.t.filter.JwtAuthenticationFilter   : JWT processing error [uri=/api/transactions/daily-trends, error=JWT signature does not match locally computed signature. JWT validity cannot be asserted and should not be trusted.]
2026-05-13 17:19:19.292 [http-nio-8080-exec-5] WARN  c.z.f.t.filter.JwtAuthenticationFilter   : JWT processing error [uri=/api/transactions/history, error=JWT signature does not match locally computed signature. JWT validity cannot be asserted and should not be trusted.]
2026-05-13 17:19:19.907 [http-nio-8080-exec-7] WARN  c.z.f.t.filter.JwtAuthenticationFilter   : JWT processing error [uri=/api/recurring/upcoming, error=JWT signature does not match locally computed signature. JWT validity cannot be asserted and should not be trusted.]
2026-05-13 17:19:21.344 [http-nio-8080-exec-9] WARN  c.z.f.t.filter.JwtAuthenticationFilter   : JWT processing error [uri=/api/profile, error=JWT signature does not match locally computed signature. JWT validity cannot be asserted and should not be trusted.]
2026-05-13 17:19:35.238 [http-nio-8080-exec-1] DEBUG c.z.f.tracker.controller.AuthController  : Login attempt: [username=Andy]
2026-05-13 17:19:35.568 [http-nio-8080-exec-1] DEBUG c.z.f.t.m.UserMapper.findByUsername      : ==>  Preparing: SELECT * FROM users WHERE username = ?
2026-05-13 17:19:35.626 [http-nio-8080-exec-1] DEBUG c.z.f.t.m.UserMapper.findByUsername      : ==> Parameters: Andy(String)
2026-05-13 17:19:35.689 [http-nio-8080-exec-1] DEBUG c.z.f.t.m.UserMapper.findByUsername      : <==      Total: 1
2026-05-13 17:19:35.955 [http-nio-8080-exec-1] INFO  c.z.f.tracker.controller.AuthController  : Login success: [username=Andy]
2026-05-13 17:19:37.098 [http-nio-8080-exec-3] DEBUG c.z.f.t.filter.JwtAuthenticationFilter   : Authenticated [user=Andy, uri=/api/transactions/summary]
2026-05-13 17:19:37.107 [http-nio-8080-exec-3] DEBUG c.z.f.t.m.UserMapper.findByUsername      : ==>  Preparing: SELECT * FROM users WHERE username = ?
2026-05-13 17:19:37.107 [http-nio-8080-exec-3] DEBUG c.z.f.t.m.UserMapper.findByUsername      : ==> Parameters: Andy(String)
2026-05-13 17:19:37.108 [http-nio-8080-exec-3] DEBUG c.z.f.t.m.UserMapper.findByUsername      : <==      Total: 1
2026-05-13 17:19:37.512 [http-nio-8080-exec-3] DEBUG c.z.f.t.m.T.getTotalBalance              : ==>  Preparing: SELECT COALESCE( SUM(CASE WHEN type = 'INCOME' THEN amount ELSE ABS(amount) * -1 END), 0 ) FROM transactions WHERE user_id = ?
2026-05-13 17:19:37.515 [http-nio-8080-exec-3] DEBUG c.z.f.t.m.T.getTotalBalance              : ==> Parameters: 1(Long)
2026-05-13 17:19:37.521 [http-nio-8080-exec-3] DEBUG c.z.f.t.m.T.getTotalBalance              : <==      Total: 1
2026-05-13 17:19:37.522 [http-nio-8080-exec-3] DEBUG c.z.f.t.m.T.getMonthlyBalance            : ==>  Preparing: SELECT SUM(CASE WHEN type = 'INCOME' THEN amount ELSE 0 END) as income, SUM(CASE WHEN type = 'EXPENSE' THEN ABS(amount) ELSE 0 END) as expense, SUM(CASE WHEN type = 'INCOME' THEN amount ELSE ABS(amount) * -1 END) as net FROM transactions WHERE user_id = ? AND DATE_FORMAT(date, '%Y-%m') = ?
2026-05-13 17:19:37.522 [http-nio-8080-exec-3] DEBUG c.z.f.t.m.T.getMonthlyBalance            : ==> Parameters: 1(Long), 2026-05(String)
2026-05-13 17:19:37.524 [http-nio-8080-exec-3] DEBUG c.z.f.t.m.T.getMonthlyBalance            : <==      Total: 1
2026-05-13 17:19:37.525 [http-nio-8080-exec-3] DEBUG c.z.f.t.m.T.getIncomeVsExpense           : ==>  Preparing: SELECT SUM(CASE WHEN type = 'INCOME' THEN amount ELSE 0 END) as totalIncome, SUM(CASE WHEN type = 'EXPENSE' THEN ABS(amount) ELSE 0 END) as totalExpense FROM transactions WHERE user_id = ?
2026-05-13 17:19:37.525 [http-nio-8080-exec-3] DEBUG c.z.f.t.m.T.getIncomeVsExpense           : ==> Parameters: 1(Long)
2026-05-13 17:19:37.527 [http-nio-8080-exec-3] DEBUG c.z.f.t.m.T.getIncomeVsExpense           : <==      Total: 1
2026-05-13 17:19:37.527 [http-nio-8080-exec-3] DEBUG c.z.f.t.m.T.getCategorySummary           : ==>  Preparing: SELECT c.name as name, SUM(ABS(t.amount)) as value FROM transactions t INNER JOIN categories c ON t.category_id = c.id WHERE t.user_id = ? AND t.type = ? GROUP BY c.name
2026-05-13 17:19:37.528 [http-nio-8080-exec-3] DEBUG c.z.f.t.m.T.getCategorySummary           : ==> Parameters: 1(Long), INCOME(String)
2026-05-13 17:19:37.530 [http-nio-8080-exec-3] DEBUG c.z.f.t.m.T.getCategorySummary           : <==      Total: 4
2026-05-13 17:19:37.531 [http-nio-8080-exec-3] DEBUG c.z.f.t.m.T.getCategorySummary           : ==>  Preparing: SELECT c.name as name, SUM(ABS(t.amount)) as value FROM transactions t INNER JOIN categories c ON t.category_id = c.id WHERE t.user_id = ? AND t.type = ? GROUP BY c.name
2026-05-13 17:19:37.531 [http-nio-8080-exec-3] DEBUG c.z.f.t.m.T.getCategorySummary           : ==> Parameters: 1(Long), EXPENSE(String)
2026-05-13 17:19:37.533 [http-nio-8080-exec-3] DEBUG c.z.f.t.m.T.getCategorySummary           : <==      Total: 7
2026-05-13 17:19:38.748 [http-nio-8080-exec-5] DEBUG c.z.f.t.filter.JwtAuthenticationFilter   : Authenticated [user=Andy, uri=/api/transactions/daily-trends]
2026-05-13 17:19:38.752 [http-nio-8080-exec-5] DEBUG c.z.f.t.m.UserMapper.findByUsername      : ==>  Preparing: SELECT * FROM users WHERE username = ?
2026-05-13 17:19:38.752 [http-nio-8080-exec-5] DEBUG c.z.f.t.m.UserMapper.findByUsername      : ==> Parameters: Andy(String)
2026-05-13 17:19:38.754 [http-nio-8080-exec-5] DEBUG c.z.f.t.m.UserMapper.findByUsername      : <==      Total: 1
2026-05-13 17:19:38.758 [http-nio-8080-exec-5] DEBUG c.z.f.t.m.T.getDailyTrends               : ==>  Preparing: SELECT DATE(t.date) as date, SUM(CASE WHEN t.type = 'INCOME' THEN t.amount ELSE 0 END) as income, SUM(CASE WHEN t.type = 'EXPENSE' THEN t.amount ELSE 0 END) as expense FROM transactions t WHERE t.user_id = ? AND t.date >= DATE_SUB(CURDATE(), INTERVAL ? DAY) GROUP BY DATE(t.date) ORDER BY date ASC
2026-05-13 17:19:38.760 [http-nio-8080-exec-5] DEBUG c.z.f.t.m.T.getDailyTrends               : ==> Parameters: 1(Long), 30(Integer)
2026-05-13 17:19:38.764 [http-nio-8080-exec-5] DEBUG c.z.f.t.m.T.getDailyTrends               : <==      Total: 10
2026-05-13 17:19:39.527 [http-nio-8080-exec-7] DEBUG c.z.f.t.filter.JwtAuthenticationFilter   : Authenticated [user=Andy, uri=/api/transactions/history]
2026-05-13 17:19:39.534 [http-nio-8080-exec-7] DEBUG c.z.f.t.m.UserMapper.findByUsername      : ==>  Preparing: SELECT * FROM users WHERE username = ?
2026-05-13 17:19:39.534 [http-nio-8080-exec-7] DEBUG c.z.f.t.m.UserMapper.findByUsername      : ==> Parameters: Andy(String)
2026-05-13 17:19:39.536 [http-nio-8080-exec-7] DEBUG c.z.f.t.m.UserMapper.findByUsername      : <==      Total: 1
2026-05-13 17:19:39.557 [http-nio-8080-exec-7] DEBUG c.z.f.t.m.T.findAllFiltered              : ==>  Preparing: SELECT t.*, c.name as categoryName FROM transactions t LEFT JOIN categories c ON t.category_id = c.id WHERE t.user_id = ? ORDER BY t.date DESC, t.id DESC LIMIT ? OFFSET ?
2026-05-13 17:19:39.558 [http-nio-8080-exec-7] DEBUG c.z.f.t.m.T.findAllFiltered              : ==> Parameters: 1(Long), 5(Integer), 0(Integer)
2026-05-13 17:19:39.562 [http-nio-8080-exec-7] DEBUG c.z.f.t.m.T.findAllFiltered              : <==      Total: 5
2026-05-13 17:19:39.774 [http-nio-8080-exec-7] DEBUG c.z.f.t.m.T.countFiltered                : ==>  Preparing: SELECT COUNT(*) FROM transactions t WHERE user_id = ?
2026-05-13 17:19:39.775 [http-nio-8080-exec-7] DEBUG c.z.f.t.m.T.countFiltered                : ==> Parameters: 1(Long)
2026-05-13 17:19:39.779 [http-nio-8080-exec-7] DEBUG c.z.f.t.m.T.countFiltered                : <==      Total: 1
2026-05-13 17:19:39.779 [http-nio-8080-exec-7] DEBUG c.z.f.t.c.TransactionController          : History query [userId=1, page=0, size=5, total=32]
2026-05-13 17:19:40.384 [http-nio-8080-exec-9] DEBUG c.z.f.t.filter.JwtAuthenticationFilter   : Authenticated [user=Andy, uri=/api/recurring/upcoming]
2026-05-13 17:19:40.386 [http-nio-8080-exec-9] DEBUG c.z.f.t.m.UserMapper.findByUsername      : ==>  Preparing: SELECT * FROM users WHERE username = ?
2026-05-13 17:19:40.387 [http-nio-8080-exec-9] DEBUG c.z.f.t.m.UserMapper.findByUsername      : ==> Parameters: Andy(String)
2026-05-13 17:19:40.388 [http-nio-8080-exec-9] DEBUG c.z.f.t.m.UserMapper.findByUsername      : <==      Total: 1
2026-05-13 17:19:40.389 [http-nio-8080-exec-9] DEBUG c.z.f.t.m.RecurringMapper.findUpcoming   : ==>  Preparing: SELECT r.*, c.name as categoryName FROM recurring_transactions r LEFT JOIN categories c ON r.category_id = c.id WHERE r.user_id = ? AND r.is_active = TRUE AND r.next_due_date <= DATE_ADD(CURDATE(), INTERVAL ? DAY) ORDER BY r.next_due_date ASC
2026-05-13 17:19:40.389 [http-nio-8080-exec-9] DEBUG c.z.f.t.m.RecurringMapper.findUpcoming   : ==> Parameters: 1(Long), 7(Integer)
2026-05-13 17:19:40.391 [http-nio-8080-exec-9] DEBUG c.z.f.t.m.RecurringMapper.findUpcoming   : <==      Total: 0
2026-05-13 17:19:42.563 [http-nio-8080-exec-1] DEBUG c.z.f.t.filter.JwtAuthenticationFilter   : Authenticated [user=Andy, uri=/api/transactions/history]
2026-05-13 17:19:42.565 [http-nio-8080-exec-1] DEBUG c.z.f.t.m.UserMapper.findByUsername      : ==>  Preparing: SELECT * FROM users WHERE username = ?
2026-05-13 17:19:42.565 [http-nio-8080-exec-1] DEBUG c.z.f.t.m.UserMapper.findByUsername      : ==> Parameters: Andy(String)
2026-05-13 17:19:42.566 [http-nio-8080-exec-1] DEBUG c.z.f.t.m.UserMapper.findByUsername      : <==      Total: 1
2026-05-13 17:19:42.567 [http-nio-8080-exec-1] DEBUG c.z.f.t.m.T.findAllFiltered              : ==>  Preparing: SELECT t.*, c.name as categoryName FROM transactions t LEFT JOIN categories c ON t.category_id = c.id WHERE t.user_id = ? ORDER BY t.date DESC, t.id DESC LIMIT ? OFFSET ?
2026-05-13 17:19:42.567 [http-nio-8080-exec-1] DEBUG c.z.f.t.m.T.findAllFiltered              : ==> Parameters: 1(Long), 15(Integer), 0(Integer)
2026-05-13 17:19:42.573 [http-nio-8080-exec-1] DEBUG c.z.f.t.m.T.findAllFiltered              : <==      Total: 15
2026-05-13 17:19:42.582 [http-nio-8080-exec-1] DEBUG c.z.f.t.m.T.countFiltered                : ==>  Preparing: SELECT COUNT(*) FROM transactions t WHERE user_id = ?
2026-05-13 17:19:42.582 [http-nio-8080-exec-1] DEBUG c.z.f.t.m.T.countFiltered                : ==> Parameters: 1(Long)
2026-05-13 17:19:42.584 [http-nio-8080-exec-1] DEBUG c.z.f.t.m.T.countFiltered                : <==      Total: 1
2026-05-13 17:19:42.584 [http-nio-8080-exec-1] DEBUG c.z.f.t.c.TransactionController          : History query [userId=1, page=0, size=15, total=32]
2026-05-13 17:19:43.535 [http-nio-8080-exec-3] DEBUG c.z.f.t.filter.JwtAuthenticationFilter   : Authenticated [user=Andy, uri=/api/categories]
2026-05-13 17:19:43.539 [http-nio-8080-exec-3] DEBUG c.z.f.t.m.UserMapper.findByUsername      : ==>  Preparing: SELECT * FROM users WHERE username = ?
2026-05-13 17:19:43.539 [http-nio-8080-exec-3] DEBUG c.z.f.t.m.UserMapper.findByUsername      : ==> Parameters: Andy(String)
2026-05-13 17:19:43.541 [http-nio-8080-exec-3] DEBUG c.z.f.t.m.UserMapper.findByUsername      : <==      Total: 1
2026-05-13 17:19:44.907 [http-nio-8080-exec-5] DEBUG c.z.f.t.filter.JwtAuthenticationFilter   : Authenticated [user=Andy, uri=/api/categories]
2026-05-13 17:19:44.909 [http-nio-8080-exec-5] DEBUG c.z.f.t.m.UserMapper.findByUsername      : ==>  Preparing: SELECT * FROM users WHERE username = ?
2026-05-13 17:19:44.909 [http-nio-8080-exec-5] DEBUG c.z.f.t.m.UserMapper.findByUsername      : ==> Parameters: Andy(String)
2026-05-13 17:19:44.911 [http-nio-8080-exec-5] DEBUG c.z.f.t.m.UserMapper.findByUsername      : <==      Total: 1
2026-05-13 17:22:41.502 [http-nio-8080-exec-7] DEBUG c.z.f.t.filter.JwtAuthenticationFilter   : Authenticated [user=Andy, uri=/api/transactions/summary]
2026-05-13 17:22:41.504 [http-nio-8080-exec-7] DEBUG c.z.f.t.m.UserMapper.findByUsername      : ==>  Preparing: SELECT * FROM users WHERE username = ?
2026-05-13 17:22:41.505 [http-nio-8080-exec-7] DEBUG c.z.f.t.m.UserMapper.findByUsername      : ==> Parameters: Andy(String)
2026-05-13 17:22:41.506 [http-nio-8080-exec-7] DEBUG c.z.f.t.m.UserMapper.findByUsername      : <==      Total: 1
2026-05-13 17:22:42.177 [http-nio-8080-exec-9] DEBUG c.z.f.t.filter.JwtAuthenticationFilter   : Authenticated [user=Andy, uri=/api/transactions/daily-trends]
2026-05-13 17:22:42.179 [http-nio-8080-exec-9] DEBUG c.z.f.t.m.UserMapper.findByUsername      : ==>  Preparing: SELECT * FROM users WHERE username = ?
2026-05-13 17:22:42.179 [http-nio-8080-exec-9] DEBUG c.z.f.t.m.UserMapper.findByUsername      : ==> Parameters: Andy(String)
2026-05-13 17:22:42.180 [http-nio-8080-exec-9] DEBUG c.z.f.t.m.UserMapper.findByUsername      : <==      Total: 1
2026-05-13 17:22:42.789 [http-nio-8080-exec-1] DEBUG c.z.f.t.filter.JwtAuthenticationFilter   : Authenticated [user=Andy, uri=/api/transactions/history]
2026-05-13 17:22:42.792 [http-nio-8080-exec-1] DEBUG c.z.f.t.m.UserMapper.findByUsername      : ==>  Preparing: SELECT * FROM users WHERE username = ?
2026-05-13 17:22:42.792 [http-nio-8080-exec-1] DEBUG c.z.f.t.m.UserMapper.findByUsername      : ==> Parameters: Andy(String)
2026-05-13 17:22:42.793 [http-nio-8080-exec-1] DEBUG c.z.f.t.m.UserMapper.findByUsername      : <==      Total: 1
2026-05-13 17:22:42.794 [http-nio-8080-exec-1] DEBUG c.z.f.t.m.T.findAllFiltered              : ==>  Preparing: SELECT t.*, c.name as categoryName FROM transactions t LEFT JOIN categories c ON t.category_id = c.id WHERE t.user_id = ? ORDER BY t.date DESC, t.id DESC LIMIT ? OFFSET ?
2026-05-13 17:22:42.795 [http-nio-8080-exec-1] DEBUG c.z.f.t.m.T.findAllFiltered              : ==> Parameters: 1(Long), 5(Integer), 0(Integer)
2026-05-13 17:22:42.797 [http-nio-8080-exec-1] DEBUG c.z.f.t.m.T.findAllFiltered              : <==      Total: 5
2026-05-13 17:22:42.802 [http-nio-8080-exec-1] DEBUG c.z.f.t.m.T.countFiltered                : ==>  Preparing: SELECT COUNT(*) FROM transactions t WHERE user_id = ?
2026-05-13 17:22:42.802 [http-nio-8080-exec-1] DEBUG c.z.f.t.m.T.countFiltered                : ==> Parameters: 1(Long)
2026-05-13 17:22:42.804 [http-nio-8080-exec-1] DEBUG c.z.f.t.m.T.countFiltered                : <==      Total: 1
2026-05-13 17:22:42.804 [http-nio-8080-exec-1] DEBUG c.z.f.t.c.TransactionController          : History query [userId=1, page=0, size=5, total=32]
2026-05-13 17:22:43.421 [http-nio-8080-exec-3] DEBUG c.z.f.t.filter.JwtAuthenticationFilter   : Authenticated [user=Andy, uri=/api/recurring/upcoming]
2026-05-13 17:22:43.423 [http-nio-8080-exec-3] DEBUG c.z.f.t.m.UserMapper.findByUsername      : ==>  Preparing: SELECT * FROM users WHERE username = ?
2026-05-13 17:22:43.424 [http-nio-8080-exec-3] DEBUG c.z.f.t.m.UserMapper.findByUsername      : ==> Parameters: Andy(String)
2026-05-13 17:22:43.425 [http-nio-8080-exec-3] DEBUG c.z.f.t.m.UserMapper.findByUsername      : <==      Total: 1
2026-05-13 17:22:43.426 [http-nio-8080-exec-3] DEBUG c.z.f.t.m.RecurringMapper.findUpcoming   : ==>  Preparing: SELECT r.*, c.name as categoryName FROM recurring_transactions r LEFT JOIN categories c ON r.category_id = c.id WHERE r.user_id = ? AND r.is_active = TRUE AND r.next_due_date <= DATE_ADD(CURDATE(), INTERVAL ? DAY) ORDER BY r.next_due_date ASC
2026-05-13 17:22:43.426 [http-nio-8080-exec-3] DEBUG c.z.f.t.m.RecurringMapper.findUpcoming   : ==> Parameters: 1(Long), 7(Integer)
2026-05-13 17:22:43.427 [http-nio-8080-exec-3] DEBUG c.z.f.t.m.RecurringMapper.findUpcoming   : <==      Total: 0
2026-05-13 17:22:46.385 [http-nio-8080-exec-5] DEBUG c.z.f.t.filter.JwtAuthenticationFilter   : Authenticated [user=Andy, uri=/api/categories]
2026-05-13 17:22:46.387 [http-nio-8080-exec-5] DEBUG c.z.f.t.m.UserMapper.findByUsername      : ==>  Preparing: SELECT * FROM users WHERE username = ?
2026-05-13 17:22:46.387 [http-nio-8080-exec-5] DEBUG c.z.f.t.m.UserMapper.findByUsername      : ==> Parameters: Andy(String)
2026-05-13 17:22:46.389 [http-nio-8080-exec-5] DEBUG c.z.f.t.m.UserMapper.findByUsername      : <==      Total: 1
2026-05-13 17:22:46.440 [http-nio-8080-exec-7] DEBUG c.z.f.t.filter.JwtAuthenticationFilter   : Authenticated [user=Andy, uri=/api/transactions/history]
2026-05-13 17:22:46.441 [http-nio-8080-exec-7] DEBUG c.z.f.t.m.UserMapper.findByUsername      : ==>  Preparing: SELECT * FROM users WHERE username = ?
2026-05-13 17:22:46.442 [http-nio-8080-exec-7] DEBUG c.z.f.t.m.UserMapper.findByUsername      : ==> Parameters: Andy(String)
2026-05-13 17:22:46.443 [http-nio-8080-exec-7] DEBUG c.z.f.t.m.UserMapper.findByUsername      : <==      Total: 1
2026-05-13 17:22:46.444 [http-nio-8080-exec-7] DEBUG c.z.f.t.m.T.findAllFiltered              : ==>  Preparing: SELECT t.*, c.name as categoryName FROM transactions t LEFT JOIN categories c ON t.category_id = c.id WHERE t.user_id = ? ORDER BY t.date DESC, t.id DESC LIMIT ? OFFSET ?
2026-05-13 17:22:46.444 [http-nio-8080-exec-7] DEBUG c.z.f.t.m.T.findAllFiltered              : ==> Parameters: 1(Long), 15(Integer), 0(Integer)
2026-05-13 17:22:46.449 [http-nio-8080-exec-7] DEBUG c.z.f.t.m.T.findAllFiltered              : <==      Total: 15
2026-05-13 17:22:46.456 [http-nio-8080-exec-7] DEBUG c.z.f.t.m.T.countFiltered                : ==>  Preparing: SELECT COUNT(*) FROM transactions t WHERE user_id = ?
2026-05-13 17:22:46.456 [http-nio-8080-exec-7] DEBUG c.z.f.t.m.T.countFiltered                : ==> Parameters: 1(Long)
2026-05-13 17:22:46.458 [http-nio-8080-exec-7] DEBUG c.z.f.t.m.T.countFiltered                : <==      Total: 1
2026-05-13 17:22:46.458 [http-nio-8080-exec-7] DEBUG c.z.f.t.c.TransactionController          : History query [userId=1, page=0, size=15, total=32]
2026-05-13 17:22:47.217 [http-nio-8080-exec-9] DEBUG c.z.f.t.filter.JwtAuthenticationFilter   : Authenticated [user=Andy, uri=/api/categories]
2026-05-13 17:22:47.219 [http-nio-8080-exec-9] DEBUG c.z.f.t.m.UserMapper.findByUsername      : ==>  Preparing: SELECT * FROM users WHERE username = ?
2026-05-13 17:22:47.219 [http-nio-8080-exec-9] DEBUG c.z.f.t.m.UserMapper.findByUsername      : ==> Parameters: Andy(String)
2026-05-13 17:22:47.220 [http-nio-8080-exec-9] DEBUG c.z.f.t.m.UserMapper.findByUsername      : <==      Total: 1
2026-05-13 18:17:38.212 [HikariPool-1 housekeeper] WARN  com.zaxxer.hikari.pool.HikariPool        : HikariPool-1 - Thread starvation or clock leap detected (housekeeper delta=22m58s139ms).
2026-05-13 18:34:44.542 [HikariPool-1 housekeeper] WARN  com.zaxxer.hikari.pool.HikariPool        : HikariPool-1 - Thread starvation or clock leap detected (housekeeper delta=17m6s330ms).
2026-05-13 18:53:06.759 [SpringApplicationShutdownHook] INFO  o.s.b.w.e.tomcat.GracefulShutdown        : Commencing graceful shutdown. Waiting for active requests to complete
2026-05-22 18:15:47.127 [main] INFO  c.z.f.tracker.FinanceTrackerApplication  : The following 1 profile is active: "dev"
2026-05-22 18:15:47.980 [main] INFO  .s.d.r.c.RepositoryConfigurationDelegate : Multiple Spring Data modules found, entering strict repository configuration mode
2026-05-22 18:15:47.986 [main] INFO  .s.d.r.c.RepositoryConfigurationDelegate : Bootstrapping Spring Data Redis repositories in DEFAULT mode.
2026-05-22 18:15:48.020 [main] INFO  .s.d.r.c.RepositoryConfigurationDelegate : Finished Spring Data repository scanning in 11 ms. Found 0 Redis repository interfaces.
2026-05-22 18:15:48.884 [main] INFO  o.s.b.w.embedded.tomcat.TomcatWebServer  : Tomcat initialized with port 8080 (http)
2026-05-22 18:15:48.902 [main] INFO  o.a.coyote.http11.Http11NioProtocol      : Initializing ProtocolHandler ["http-nio-8080"]
2026-05-22 18:15:48.905 [main] INFO  o.apache.catalina.core.StandardService   : Starting service [Tomcat]
2026-05-22 18:15:48.906 [main] INFO  o.apache.catalina.core.StandardEngine    : Starting Servlet engine: [Apache Tomcat/10.1.49]
2026-05-22 18:15:48.971 [main] INFO  o.a.c.c.C.[Tomcat].[localhost].[/]       : Initializing Spring embedded WebApplicationContext
2026-05-22 18:15:48.971 [main] INFO  w.s.c.ServletWebServerApplicationContext : Root WebApplicationContext: initialization completed in 1815 ms
2026-05-22 18:15:49.043 [main] DEBUG c.z.f.t.filter.JwtAuthenticationFilter   : Filter 'jwtAuthenticationFilter' configured for use
2026-05-22 18:15:50.808 [main] INFO  o.a.coyote.http11.Http11NioProtocol      : Starting ProtocolHandler ["http-nio-8080"]
2026-05-22 18:15:50.853 [main] INFO  o.s.b.w.embedded.tomcat.TomcatWebServer  : Tomcat started on port 8080 (http) with context path '/'
2026-05-22 18:15:50.870 [main] INFO  c.z.f.tracker.FinanceTrackerApplication  : Started FinanceTrackerApplication in 5.617 seconds (process running for 6.714)
2026-05-22 18:18:02.356 [http-nio-8080-exec-1] INFO  o.a.c.c.C.[Tomcat].[localhost].[/]       : Initializing Spring DispatcherServlet 'dispatcherServlet'
2026-05-22 18:18:02.559 [http-nio-8080-exec-1] WARN  c.z.f.t.filter.JwtAuthenticationFilter   : JWT processing error [uri=/api/transactions/summary, error=JWT signature does not match locally computed signature. JWT validity cannot be asserted and should not be trusted.]
2026-05-22 18:18:02.596 [http-nio-8080-exec-2] WARN  c.z.f.t.filter.JwtAuthenticationFilter   : JWT processing error [uri=/api/transactions/summary, error=JWT signature does not match locally computed signature. JWT validity cannot be asserted and should not be trusted.]
2026-05-22 18:18:02.596 [http-nio-8080-exec-3] WARN  c.z.f.t.filter.JwtAuthenticationFilter   : JWT processing error [uri=/api/transactions/history, error=JWT signature does not match locally computed signature. JWT validity cannot be asserted and should not be trusted.]
2026-05-22 18:18:02.607 [http-nio-8080-exec-4] WARN  c.z.f.t.filter.JwtAuthenticationFilter   : JWT processing error [uri=/api/transactions/history, error=JWT signature does not match locally computed signature. JWT validity cannot be asserted and should not be trusted.]
2026-05-22 18:18:05.622 [http-nio-8080-exec-5] WARN  c.z.f.t.filter.JwtAuthenticationFilter   : JWT processing error [uri=/api/consent, error=JWT signature does not match locally computed signature. JWT validity cannot be asserted and should not be trusted.]
2026-05-22 18:18:06.985 [http-nio-8080-exec-6] WARN  c.z.f.t.filter.JwtAuthenticationFilter   : JWT processing error [uri=/api/profile, error=JWT signature does not match locally computed signature. JWT validity cannot be asserted and should not be trusted.]
2026-05-22 18:18:06.994 [http-nio-8080-exec-7] WARN  c.z.f.t.filter.JwtAuthenticationFilter   : JWT processing error [uri=/api/profile, error=JWT signature does not match locally computed signature. JWT validity cannot be asserted and should not be trusted.]
2026-05-22 18:18:19.209 [http-nio-8080-exec-8] WARN  c.z.f.t.filter.JwtAuthenticationFilter   : JWT processing error [uri=/api/transactions/summary, error=JWT signature does not match locally computed signature. JWT validity cannot be asserted and should not be trusted.]
2026-05-22 18:18:19.219 [http-nio-8080-exec-9] WARN  c.z.f.t.filter.JwtAuthenticationFilter   : JWT processing error [uri=/api/transactions/summary, error=JWT signature does not match locally computed signature. JWT validity cannot be asserted and should not be trusted.]
2026-05-22 18:18:19.225 [http-nio-8080-exec-10] WARN  c.z.f.t.filter.JwtAuthenticationFilter   : JWT processing error [uri=/api/transactions/history, error=JWT signature does not match locally computed signature. JWT validity cannot be asserted and should not be trusted.]
2026-05-22 18:18:19.237 [http-nio-8080-exec-1] WARN  c.z.f.t.filter.JwtAuthenticationFilter   : JWT processing error [uri=/api/transactions/history, error=JWT signature does not match locally computed signature. JWT validity cannot be asserted and should not be trusted.]
2026-05-22 18:18:27.492 [http-nio-8080-exec-3] WARN  c.z.f.t.filter.JwtAuthenticationFilter   : JWT processing error [uri=/api/profile, error=JWT signature does not match locally computed signature. JWT validity cannot be asserted and should not be trusted.]
2026-05-22 18:18:27.499 [http-nio-8080-exec-2] WARN  c.z.f.t.filter.JwtAuthenticationFilter   : JWT processing error [uri=/api/profile, error=JWT signature does not match locally computed signature. JWT validity cannot be asserted and should not be trusted.]
2026-05-22 18:18:34.755 [http-nio-8080-exec-4] WARN  c.z.f.t.filter.JwtAuthenticationFilter   : JWT processing error [uri=/api/categories, error=JWT signature does not match locally computed signature. JWT validity cannot be asserted and should not be trusted.]
2026-05-22 18:18:34.764 [http-nio-8080-exec-5] WARN  c.z.f.t.filter.JwtAuthenticationFilter   : JWT processing error [uri=/api/categories, error=JWT signature does not match locally computed signature. JWT validity cannot be asserted and should not be trusted.]
2026-05-22 18:18:35.384 [http-nio-8080-exec-6] WARN  c.z.f.t.filter.JwtAuthenticationFilter   : JWT processing error [uri=/api/transactions/summary, error=JWT signature does not match locally computed signature. JWT validity cannot be asserted and should not be trusted.]
2026-05-22 18:18:35.393 [http-nio-8080-exec-7] WARN  c.z.f.t.filter.JwtAuthenticationFilter   : JWT processing error [uri=/api/transactions/summary, error=JWT signature does not match locally computed signature. JWT validity cannot be asserted and should not be trusted.]
2026-05-22 18:18:35.393 [http-nio-8080-exec-8] WARN  c.z.f.t.filter.JwtAuthenticationFilter   : JWT processing error [uri=/api/transactions/history, error=JWT signature does not match locally computed signature. JWT validity cannot be asserted and should not be trusted.]
2026-05-22 18:18:35.404 [http-nio-8080-exec-9] WARN  c.z.f.t.filter.JwtAuthenticationFilter   : JWT processing error [uri=/api/transactions/history, error=JWT signature does not match locally computed signature. JWT validity cannot be asserted and should not be trusted.]
2026-05-22 18:18:38.330 [http-nio-8080-exec-10] DEBUG c.z.f.tracker.controller.AuthController  : Login attempt: [username=Andy]
2026-05-22 18:18:38.614 [http-nio-8080-exec-10] DEBUG c.z.f.t.m.UserMapper.findByUsername      : ==>  Preparing: SELECT * FROM users WHERE username = ?
2026-05-22 18:18:38.647 [http-nio-8080-exec-10] DEBUG c.z.f.t.m.UserMapper.findByUsername      : ==> Parameters: Andy(String)
2026-05-22 18:18:38.706 [http-nio-8080-exec-10] DEBUG c.z.f.t.m.UserMapper.findByUsername      : <==      Total: 1
2026-05-22 18:18:38.836 [http-nio-8080-exec-10] INFO  c.z.f.tracker.controller.AuthController  : Login success: [username=Andy]
2026-05-22 18:18:38.859 [http-nio-8080-exec-1] INFO  o.apache.tomcat.util.http.parser.Cookie  : A cookie header was received [g_state={"i_l":0,"i_ll":1779445118657,"i_b":"66yYJ6F6dGseIN+kic9T3N3EPhf5GYO01D3Z62+X428","i_e":{"enable_itp_optimization":0},"i_et":1779445118657}] that contained an invalid cookie. That cookie will be ignored.
 Note: further occurrences of this error will be logged at DEBUG level.
2026-05-22 18:18:38.867 [http-nio-8080-exec-1] DEBUG c.z.f.t.filter.JwtAuthenticationFilter   : Authenticated [user=Andy, uri=/api/consent]
2026-05-22 18:18:38.873 [http-nio-8080-exec-1] DEBUG c.z.f.t.m.UserMapper.findByUsername      : ==>  Preparing: SELECT * FROM users WHERE username = ?
2026-05-22 18:18:38.873 [http-nio-8080-exec-1] DEBUG c.z.f.t.m.UserMapper.findByUsername      : ==> Parameters: Andy(String)
2026-05-22 18:18:38.875 [http-nio-8080-exec-1] DEBUG c.z.f.t.m.UserMapper.findByUsername      : <==      Total: 1
2026-05-22 18:18:38.877 [http-nio-8080-exec-1] DEBUG c.z.f.t.mapper.ConsentMapper.insert      : ==>  Preparing: INSERT INTO user_consents (user_id, policy_version, platform, ip_address, accepted_at) VALUES (?, ?, ?, ?, ?)
2026-05-22 18:18:38.882 [http-nio-8080-exec-1] DEBUG c.z.f.t.mapper.ConsentMapper.insert      : ==> Parameters: 1(Long), 2026-05(String), web(String), 127.0.0.1(String), 2026-05-22T18:18:38.876079(LocalDateTime)
2026-05-22 18:18:38.897 [http-nio-8080-exec-1] DEBUG c.z.f.t.mapper.ConsentMapper.insert      : <==    Updates: 1
2026-05-22 18:18:38.900 [http-nio-8080-exec-1] INFO  c.z.f.t.controller.ConsentController     : Consent recorded [userId=1, platform=web, version=2026-05]
2026-05-22 18:18:38.933 [http-nio-8080-exec-3] DEBUG c.z.f.t.filter.JwtAuthenticationFilter   : Authenticated [user=Andy, uri=/api/transactions/summary]
2026-05-22 18:18:38.948 [http-nio-8080-exec-3] DEBUG c.z.f.t.m.UserMapper.findByUsername      : ==>  Preparing: SELECT * FROM users WHERE username = ?
2026-05-22 18:18:38.948 [http-nio-8080-exec-3] DEBUG c.z.f.t.m.UserMapper.findByUsername      : ==> Parameters: Andy(String)
2026-05-22 18:18:38.950 [http-nio-8080-exec-3] DEBUG c.z.f.t.m.UserMapper.findByUsername      : <==      Total: 1
2026-05-22 18:18:39.431 [http-nio-8080-exec-3] DEBUG c.z.f.t.m.T.getTotalBalance              : ==>  Preparing: SELECT COALESCE( SUM(CASE WHEN type = 'INCOME' THEN amount ELSE ABS(amount) * -1 END), 0 ) FROM transactions WHERE user_id = ?
2026-05-22 18:18:39.432 [http-nio-8080-exec-3] DEBUG c.z.f.t.m.T.getTotalBalance              : ==> Parameters: 1(Long)
2026-05-22 18:18:39.444 [http-nio-8080-exec-3] DEBUG c.z.f.t.m.T.getTotalBalance              : <==      Total: 1
2026-05-22 18:18:39.445 [http-nio-8080-exec-3] DEBUG c.z.f.t.m.T.getMonthlyBalance            : ==>  Preparing: SELECT SUM(CASE WHEN type = 'INCOME' THEN amount ELSE 0 END) as income, SUM(CASE WHEN type = 'EXPENSE' THEN ABS(amount) ELSE 0 END) as expense, SUM(CASE WHEN type = 'INCOME' THEN amount ELSE ABS(amount) * -1 END) as net FROM transactions WHERE user_id = ? AND DATE_FORMAT(date, '%Y-%m') = ?
2026-05-22 18:18:39.445 [http-nio-8080-exec-3] DEBUG c.z.f.t.m.T.getMonthlyBalance            : ==> Parameters: 1(Long), 2026-05(String)
2026-05-22 18:18:39.447 [http-nio-8080-exec-3] DEBUG c.z.f.t.m.T.getMonthlyBalance            : <==      Total: 1
2026-05-22 18:18:39.448 [http-nio-8080-exec-3] DEBUG c.z.f.t.m.T.getIncomeVsExpense           : ==>  Preparing: SELECT SUM(CASE WHEN type = 'INCOME' THEN amount ELSE 0 END) as totalIncome, SUM(CASE WHEN type = 'EXPENSE' THEN ABS(amount) ELSE 0 END) as totalExpense FROM transactions WHERE user_id = ?
2026-05-22 18:18:39.449 [http-nio-8080-exec-3] DEBUG c.z.f.t.m.T.getIncomeVsExpense           : ==> Parameters: 1(Long)
2026-05-22 18:18:39.450 [http-nio-8080-exec-3] DEBUG c.z.f.t.m.T.getIncomeVsExpense           : <==      Total: 1
2026-05-22 18:18:39.451 [http-nio-8080-exec-3] DEBUG c.z.f.t.m.T.getCategorySummary           : ==>  Preparing: SELECT c.name as name, SUM(ABS(t.amount)) as value FROM transactions t INNER JOIN categories c ON t.category_id = c.id WHERE t.user_id = ? AND t.type = ? GROUP BY c.name
2026-05-22 18:18:39.452 [http-nio-8080-exec-3] DEBUG c.z.f.t.m.T.getCategorySummary           : ==> Parameters: 1(Long), INCOME(String)
2026-05-22 18:18:39.460 [http-nio-8080-exec-3] DEBUG c.z.f.t.m.T.getCategorySummary           : <==      Total: 4
2026-05-22 18:18:39.461 [http-nio-8080-exec-3] DEBUG c.z.f.t.m.T.getCategorySummary           : ==>  Preparing: SELECT c.name as name, SUM(ABS(t.amount)) as value FROM transactions t INNER JOIN categories c ON t.category_id = c.id WHERE t.user_id = ? AND t.type = ? GROUP BY c.name
2026-05-22 18:18:39.462 [http-nio-8080-exec-3] DEBUG c.z.f.t.m.T.getCategorySummary           : ==> Parameters: 1(Long), EXPENSE(String)
2026-05-22 18:18:39.464 [http-nio-8080-exec-3] DEBUG c.z.f.t.m.T.getCategorySummary           : <==      Total: 7
2026-05-22 18:18:39.516 [http-nio-8080-exec-4] DEBUG c.z.f.t.filter.JwtAuthenticationFilter   : Authenticated [user=Andy, uri=/api/transactions/history]
2026-05-22 18:18:39.516 [http-nio-8080-exec-2] DEBUG c.z.f.t.filter.JwtAuthenticationFilter   : Authenticated [user=Andy, uri=/api/transactions/summary]
2026-05-22 18:18:39.517 [http-nio-8080-exec-2] DEBUG c.z.f.t.m.UserMapper.findByUsername      : ==>  Preparing: SELECT * FROM users WHERE username = ?
2026-05-22 18:18:39.517 [http-nio-8080-exec-2] DEBUG c.z.f.t.m.UserMapper.findByUsername      : ==> Parameters: Andy(String)
2026-05-22 18:18:39.520 [http-nio-8080-exec-2] DEBUG c.z.f.t.m.UserMapper.findByUsername      : <==      Total: 1
2026-05-22 18:18:39.525 [http-nio-8080-exec-4] DEBUG c.z.f.t.m.UserMapper.findByUsername      : ==>  Preparing: SELECT * FROM users WHERE username = ?
2026-05-22 18:18:39.526 [http-nio-8080-exec-4] DEBUG c.z.f.t.m.UserMapper.findByUsername      : ==> Parameters: Andy(String)
2026-05-22 18:18:39.527 [http-nio-8080-exec-4] DEBUG c.z.f.t.m.UserMapper.findByUsername      : <==      Total: 1
2026-05-22 18:18:39.556 [http-nio-8080-exec-4] DEBUG c.z.f.t.m.T.findAllFiltered              : ==>  Preparing: SELECT t.*, c.name as categoryName FROM transactions t LEFT JOIN categories c ON t.category_id = c.id WHERE t.user_id = ? ORDER BY t.date DESC, t.id DESC LIMIT ? OFFSET ?
2026-05-22 18:18:39.558 [http-nio-8080-exec-4] DEBUG c.z.f.t.m.T.findAllFiltered              : ==> Parameters: 1(Long), 5(Integer), 0(Integer)
2026-05-22 18:18:39.566 [http-nio-8080-exec-4] DEBUG c.z.f.t.m.T.findAllFiltered              : <==      Total: 5
2026-05-22 18:18:39.567 [http-nio-8080-exec-4] DEBUG c.z.f.t.m.T.countFiltered                : ==>  Preparing: SELECT COUNT(*) FROM transactions t WHERE user_id = ?
2026-05-22 18:18:39.567 [http-nio-8080-exec-4] DEBUG c.z.f.t.m.T.countFiltered                : ==> Parameters: 1(Long)
2026-05-22 18:18:39.570 [http-nio-8080-exec-4] DEBUG c.z.f.t.m.T.countFiltered                : <==      Total: 1
2026-05-22 18:18:39.570 [http-nio-8080-exec-4] DEBUG c.z.f.t.c.TransactionController          : History query [userId=1, page=0, size=5, total=32]
2026-05-22 18:18:39.584 [http-nio-8080-exec-5] DEBUG c.z.f.t.filter.JwtAuthenticationFilter   : Authenticated [user=Andy, uri=/api/transactions/history]
2026-05-22 18:18:39.586 [http-nio-8080-exec-5] DEBUG c.z.f.t.m.UserMapper.findByUsername      : ==>  Preparing: SELECT * FROM users WHERE username = ?
2026-05-22 18:18:39.586 [http-nio-8080-exec-5] DEBUG c.z.f.t.m.UserMapper.findByUsername      : ==> Parameters: Andy(String)
2026-05-22 18:18:39.588 [http-nio-8080-exec-5] DEBUG c.z.f.t.m.UserMapper.findByUsername      : <==      Total: 1
2026-05-22 18:18:39.589 [http-nio-8080-exec-5] DEBUG c.z.f.t.m.T.findAllFiltered              : ==>  Preparing: SELECT t.*, c.name as categoryName FROM transactions t LEFT JOIN categories c ON t.category_id = c.id WHERE t.user_id = ? ORDER BY t.date DESC, t.id DESC LIMIT ? OFFSET ?
2026-05-22 18:18:39.590 [http-nio-8080-exec-5] DEBUG c.z.f.t.m.T.findAllFiltered              : ==> Parameters: 1(Long), 5(Integer), 0(Integer)
2026-05-22 18:18:39.595 [http-nio-8080-exec-5] DEBUG c.z.f.t.m.T.findAllFiltered              : <==      Total: 5
2026-05-22 18:18:39.596 [http-nio-8080-exec-5] DEBUG c.z.f.t.m.T.countFiltered                : ==>  Preparing: SELECT COUNT(*) FROM transactions t WHERE user_id = ?
2026-05-22 18:18:39.597 [http-nio-8080-exec-5] DEBUG c.z.f.t.m.T.countFiltered                : ==> Parameters: 1(Long)
2026-05-22 18:18:39.599 [http-nio-8080-exec-5] DEBUG c.z.f.t.m.T.countFiltered                : <==      Total: 1
2026-05-22 18:18:39.599 [http-nio-8080-exec-5] DEBUG c.z.f.t.c.TransactionController          : History query [userId=1, page=0, size=5, total=32]
2026-05-22 18:18:42.527 [http-nio-8080-exec-6] DEBUG c.z.f.t.filter.JwtAuthenticationFilter   : Authenticated [user=Andy, uri=/api/profile]
2026-05-22 18:18:42.529 [http-nio-8080-exec-6] DEBUG c.z.f.t.m.UserMapper.findByUsername      : ==>  Preparing: SELECT * FROM users WHERE username = ?
2026-05-22 18:18:42.529 [http-nio-8080-exec-6] DEBUG c.z.f.t.m.UserMapper.findByUsername      : ==> Parameters: Andy(String)
2026-05-22 18:18:42.531 [http-nio-8080-exec-6] DEBUG c.z.f.t.m.UserMapper.findByUsername      : <==      Total: 1
2026-05-22 18:18:42.542 [http-nio-8080-exec-8] DEBUG c.z.f.t.filter.JwtAuthenticationFilter   : Authenticated [user=Andy, uri=/api/profile]
2026-05-22 18:18:42.543 [http-nio-8080-exec-8] DEBUG c.z.f.t.m.UserMapper.findByUsername      : ==>  Preparing: SELECT * FROM users WHERE username = ?
2026-05-22 18:18:42.544 [http-nio-8080-exec-8] DEBUG c.z.f.t.m.UserMapper.findByUsername      : ==> Parameters: Andy(String)
2026-05-22 18:18:42.547 [http-nio-8080-exec-8] DEBUG c.z.f.t.m.UserMapper.findByUsername      : <==      Total: 1
2026-05-22 18:18:58.825 [http-nio-8080-exec-7] DEBUG c.z.f.t.filter.JwtAuthenticationFilter   : Authenticated [user=Andy, uri=/api/transactions/summary]
2026-05-22 18:18:58.827 [http-nio-8080-exec-7] DEBUG c.z.f.t.m.UserMapper.findByUsername      : ==>  Preparing: SELECT * FROM users WHERE username = ?
2026-05-22 18:18:58.828 [http-nio-8080-exec-7] DEBUG c.z.f.t.m.UserMapper.findByUsername      : ==> Parameters: Andy(String)
2026-05-22 18:18:58.830 [http-nio-8080-exec-7] DEBUG c.z.f.t.m.UserMapper.findByUsername      : <==      Total: 1
2026-05-22 18:18:58.842 [http-nio-8080-exec-10] DEBUG c.z.f.t.filter.JwtAuthenticationFilter   : Authenticated [user=Andy, uri=/api/transactions/history]
2026-05-22 18:18:58.842 [http-nio-8080-exec-9] DEBUG c.z.f.t.filter.JwtAuthenticationFilter   : Authenticated [user=Andy, uri=/api/transactions/summary]
2026-05-22 18:18:58.843 [http-nio-8080-exec-9] DEBUG c.z.f.t.m.UserMapper.findByUsername      : ==>  Preparing: SELECT * FROM users WHERE username = ?
2026-05-22 18:18:58.843 [http-nio-8080-exec-9] DEBUG c.z.f.t.m.UserMapper.findByUsername      : ==> Parameters: Andy(String)
2026-05-22 18:18:58.844 [http-nio-8080-exec-10] DEBUG c.z.f.t.m.UserMapper.findByUsername      : ==>  Preparing: SELECT * FROM users WHERE username = ?
2026-05-22 18:18:58.844 [http-nio-8080-exec-10] DEBUG c.z.f.t.m.UserMapper.findByUsername      : ==> Parameters: Andy(String)
2026-05-22 18:18:58.845 [http-nio-8080-exec-9] DEBUG c.z.f.t.m.UserMapper.findByUsername      : <==      Total: 1
2026-05-22 18:18:58.846 [http-nio-8080-exec-10] DEBUG c.z.f.t.m.UserMapper.findByUsername      : <==      Total: 1
2026-05-22 18:18:58.847 [http-nio-8080-exec-10] DEBUG c.z.f.t.m.T.findAllFiltered              : ==>  Preparing: SELECT t.*, c.name as categoryName FROM transactions t LEFT JOIN categories c ON t.category_id = c.id WHERE t.user_id = ? ORDER BY t.date DESC, t.id DESC LIMIT ? OFFSET ?
2026-05-22 18:18:58.847 [http-nio-8080-exec-10] DEBUG c.z.f.t.m.T.findAllFiltered              : ==> Parameters: 1(Long), 5(Integer), 0(Integer)
2026-05-22 18:18:58.852 [http-nio-8080-exec-10] DEBUG c.z.f.t.m.T.findAllFiltered              : <==      Total: 5
2026-05-22 18:18:58.853 [http-nio-8080-exec-10] DEBUG c.z.f.t.m.T.countFiltered                : ==>  Preparing: SELECT COUNT(*) FROM transactions t WHERE user_id = ?
2026-05-22 18:18:58.853 [http-nio-8080-exec-10] DEBUG c.z.f.t.m.T.countFiltered                : ==> Parameters: 1(Long)
2026-05-22 18:18:58.855 [http-nio-8080-exec-10] DEBUG c.z.f.t.m.T.countFiltered                : <==      Total: 1
2026-05-22 18:18:58.855 [http-nio-8080-exec-10] DEBUG c.z.f.t.c.TransactionController          : History query [userId=1, page=0, size=5, total=32]
2026-05-22 18:18:58.864 [http-nio-8080-exec-1] DEBUG c.z.f.t.filter.JwtAuthenticationFilter   : Authenticated [user=Andy, uri=/api/transactions/history]
2026-05-22 18:18:58.866 [http-nio-8080-exec-1] DEBUG c.z.f.t.m.UserMapper.findByUsername      : ==>  Preparing: SELECT * FROM users WHERE username = ?
2026-05-22 18:18:58.866 [http-nio-8080-exec-1] DEBUG c.z.f.t.m.UserMapper.findByUsername      : ==> Parameters: Andy(String)
2026-05-22 18:18:58.868 [http-nio-8080-exec-1] DEBUG c.z.f.t.m.UserMapper.findByUsername      : <==      Total: 1
2026-05-22 18:18:58.868 [http-nio-8080-exec-1] DEBUG c.z.f.t.m.T.findAllFiltered              : ==>  Preparing: SELECT t.*, c.name as categoryName FROM transactions t LEFT JOIN categories c ON t.category_id = c.id WHERE t.user_id = ? ORDER BY t.date DESC, t.id DESC LIMIT ? OFFSET ?
2026-05-22 18:18:58.869 [http-nio-8080-exec-1] DEBUG c.z.f.t.m.T.findAllFiltered              : ==> Parameters: 1(Long), 5(Integer), 0(Integer)
2026-05-22 18:18:58.873 [http-nio-8080-exec-1] DEBUG c.z.f.t.m.T.findAllFiltered              : <==      Total: 5
2026-05-22 18:18:58.874 [http-nio-8080-exec-1] DEBUG c.z.f.t.m.T.countFiltered                : ==>  Preparing: SELECT COUNT(*) FROM transactions t WHERE user_id = ?
2026-05-22 18:18:58.874 [http-nio-8080-exec-1] DEBUG c.z.f.t.m.T.countFiltered                : ==> Parameters: 1(Long)
2026-05-22 18:18:58.876 [http-nio-8080-exec-1] DEBUG c.z.f.t.m.T.countFiltered                : <==      Total: 1
2026-05-22 18:18:58.876 [http-nio-8080-exec-1] DEBUG c.z.f.t.c.TransactionController          : History query [userId=1, page=0, size=5, total=32]
2026-05-22 18:19:01.194 [http-nio-8080-exec-3] DEBUG c.z.f.t.filter.JwtAuthenticationFilter   : Authenticated [user=Andy, uri=/api/categories]
2026-05-22 18:19:01.197 [http-nio-8080-exec-3] DEBUG c.z.f.t.m.UserMapper.findByUsername      : ==>  Preparing: SELECT * FROM users WHERE username = ?
2026-05-22 18:19:01.197 [http-nio-8080-exec-3] DEBUG c.z.f.t.m.UserMapper.findByUsername      : ==> Parameters: Andy(String)
2026-05-22 18:19:01.199 [http-nio-8080-exec-3] DEBUG c.z.f.t.m.UserMapper.findByUsername      : <==      Total: 1
2026-05-22 18:19:01.202 [http-nio-8080-exec-3] DEBUG c.z.f.t.m.C.findByUserIdAndType          : ==>  Preparing: SELECT * FROM categories WHERE user_id = ? AND type = ? ORDER BY name ASC
2026-05-22 18:19:01.203 [http-nio-8080-exec-3] DEBUG c.z.f.t.m.C.findByUserIdAndType          : ==> Parameters: 1(Long), EXPENSE(String)
2026-05-22 18:19:01.208 [http-nio-8080-exec-3] DEBUG c.z.f.t.m.C.findByUserIdAndType          : <==      Total: 10
2026-05-22 18:19:01.223 [http-nio-8080-exec-2] DEBUG c.z.f.t.filter.JwtAuthenticationFilter   : Authenticated [user=Andy, uri=/api/categories]
2026-05-22 18:19:01.223 [http-nio-8080-exec-2] DEBUG c.z.f.t.m.UserMapper.findByUsername      : ==>  Preparing: SELECT * FROM users WHERE username = ?
2026-05-22 18:19:01.224 [http-nio-8080-exec-2] DEBUG c.z.f.t.m.UserMapper.findByUsername      : ==> Parameters: Andy(String)
2026-05-22 18:19:01.226 [http-nio-8080-exec-2] DEBUG c.z.f.t.m.UserMapper.findByUsername      : <==      Total: 1
2026-05-22 18:19:02.858 [http-nio-8080-exec-4] DEBUG c.z.f.t.filter.JwtAuthenticationFilter   : Authenticated [user=Andy, uri=/api/transactions/summary]
2026-05-22 18:19:02.860 [http-nio-8080-exec-4] DEBUG c.z.f.t.m.UserMapper.findByUsername      : ==>  Preparing: SELECT * FROM users WHERE username = ?
2026-05-22 18:19:02.861 [http-nio-8080-exec-4] DEBUG c.z.f.t.m.UserMapper.findByUsername      : ==> Parameters: Andy(String)
2026-05-22 18:19:02.864 [http-nio-8080-exec-4] DEBUG c.z.f.t.m.UserMapper.findByUsername      : <==      Total: 1
2026-05-22 18:19:02.876 [http-nio-8080-exec-5] DEBUG c.z.f.t.filter.JwtAuthenticationFilter   : Authenticated [user=Andy, uri=/api/transactions/summary]
2026-05-22 18:19:02.877 [http-nio-8080-exec-5] DEBUG c.z.f.t.m.UserMapper.findByUsername      : ==>  Preparing: SELECT * FROM users WHERE username = ?
2026-05-22 18:19:02.877 [http-nio-8080-exec-5] DEBUG c.z.f.t.m.UserMapper.findByUsername      : ==> Parameters: Andy(String)
2026-05-22 18:19:02.879 [http-nio-8080-exec-5] DEBUG c.z.f.t.m.UserMapper.findByUsername      : <==      Total: 1
2026-05-22 18:19:02.901 [http-nio-8080-exec-6] DEBUG c.z.f.t.filter.JwtAuthenticationFilter   : Authenticated [user=Andy, uri=/api/transactions/trends]
2026-05-22 18:19:02.902 [http-nio-8080-exec-6] DEBUG c.z.f.t.m.UserMapper.findByUsername      : ==>  Preparing: SELECT * FROM users WHERE username = ?
2026-05-22 18:19:02.902 [http-nio-8080-exec-6] DEBUG c.z.f.t.m.UserMapper.findByUsername      : ==> Parameters: Andy(String)
2026-05-22 18:19:02.904 [http-nio-8080-exec-6] DEBUG c.z.f.t.m.UserMapper.findByUsername      : <==      Total: 1
2026-05-22 18:19:02.909 [http-nio-8080-exec-6] DEBUG c.z.f.t.m.T.getTimeSeriesData            : ==>  Preparing: SELECT DATE_FORMAT(date, '%Y-%m-%d') as timeLabel, SUM(ABS(amount)) as total FROM transactions WHERE user_id = ? AND type = ? GROUP BY timeLabel ORDER BY timeLabel ASC
2026-05-22 18:19:02.910 [http-nio-8080-exec-6] DEBUG c.z.f.t.m.T.getTimeSeriesData            : ==> Parameters: 1(Long), EXPENSE(String)
2026-05-22 18:19:02.913 [http-nio-8080-exec-6] DEBUG c.z.f.t.m.T.getTimeSeriesData            : <==      Total: 18
2026-05-22 18:19:02.925 [http-nio-8080-exec-8] DEBUG c.z.f.t.filter.JwtAuthenticationFilter   : Authenticated [user=Andy, uri=/api/transactions/trends]
2026-05-22 18:19:02.926 [http-nio-8080-exec-8] DEBUG c.z.f.t.m.UserMapper.findByUsername      : ==>  Preparing: SELECT * FROM users WHERE username = ?
2026-05-22 18:19:02.927 [http-nio-8080-exec-8] DEBUG c.z.f.t.m.UserMapper.findByUsername      : ==> Parameters: Andy(String)
2026-05-22 18:19:02.928 [http-nio-8080-exec-8] DEBUG c.z.f.t.m.UserMapper.findByUsername      : <==      Total: 1
2026-05-22 18:19:06.487 [http-nio-8080-exec-9] DEBUG c.z.f.t.filter.JwtAuthenticationFilter   : Authenticated [user=Andy, uri=/api/transactions/history]
2026-05-22 18:19:06.487 [http-nio-8080-exec-7] DEBUG c.z.f.t.filter.JwtAuthenticationFilter   : Authenticated [user=Andy, uri=/api/categories/getAllByUserId]
2026-05-22 18:19:06.489 [http-nio-8080-exec-7] DEBUG c.z.f.t.m.UserMapper.findByUsername      : ==>  Preparing: SELECT * FROM users WHERE username = ?
2026-05-22 18:19:06.489 [http-nio-8080-exec-9] DEBUG c.z.f.t.m.UserMapper.findByUsername      : ==>  Preparing: SELECT * FROM users WHERE username = ?
2026-05-22 18:19:06.489 [http-nio-8080-exec-7] DEBUG c.z.f.t.m.UserMapper.findByUsername      : ==> Parameters: Andy(String)
2026-05-22 18:19:06.489 [http-nio-8080-exec-9] DEBUG c.z.f.t.m.UserMapper.findByUsername      : ==> Parameters: Andy(String)
2026-05-22 18:19:06.491 [http-nio-8080-exec-7] DEBUG c.z.f.t.m.UserMapper.findByUsername      : <==      Total: 1
2026-05-22 18:19:06.491 [http-nio-8080-exec-9] DEBUG c.z.f.t.m.UserMapper.findByUsername      : <==      Total: 1
2026-05-22 18:19:06.492 [http-nio-8080-exec-9] DEBUG c.z.f.t.m.T.findAllFiltered              : ==>  Preparing: SELECT t.*, c.name as categoryName FROM transactions t LEFT JOIN categories c ON t.category_id = c.id WHERE t.user_id = ? ORDER BY t.date DESC, t.id DESC LIMIT ? OFFSET ?
2026-05-22 18:19:06.492 [http-nio-8080-exec-9] DEBUG c.z.f.t.m.T.findAllFiltered              : ==> Parameters: 1(Long), 15(Integer), 0(Integer)
2026-05-22 18:19:06.494 [http-nio-8080-exec-7] DEBUG c.z.f.t.m.CategoryMapper.findByUserId    : ==>  Preparing: SELECT * FROM categories WHERE user_id = ? ORDER BY name ASC
2026-05-22 18:19:06.494 [http-nio-8080-exec-7] DEBUG c.z.f.t.m.CategoryMapper.findByUserId    : ==> Parameters: 1(Long)
2026-05-22 18:19:06.498 [http-nio-8080-exec-7] DEBUG c.z.f.t.m.CategoryMapper.findByUserId    : <==      Total: 15
2026-05-22 18:19:06.499 [http-nio-8080-exec-9] DEBUG c.z.f.t.m.T.findAllFiltered              : <==      Total: 15
2026-05-22 18:19:06.499 [http-nio-8080-exec-9] DEBUG c.z.f.t.m.T.countFiltered                : ==>  Preparing: SELECT COUNT(*) FROM transactions t WHERE user_id = ?
2026-05-22 18:19:06.500 [http-nio-8080-exec-9] DEBUG c.z.f.t.m.T.countFiltered                : ==> Parameters: 1(Long)
2026-05-22 18:19:06.501 [http-nio-8080-exec-9] DEBUG c.z.f.t.m.T.countFiltered                : <==      Total: 1
2026-05-22 18:19:06.502 [http-nio-8080-exec-9] DEBUG c.z.f.t.c.TransactionController          : History query [userId=1, page=0, size=15, total=32]
2026-05-22 18:19:06.512 [http-nio-8080-exec-10] DEBUG c.z.f.t.filter.JwtAuthenticationFilter   : Authenticated [user=Andy, uri=/api/categories/getAllByUserId]
2026-05-22 18:19:06.512 [http-nio-8080-exec-1] DEBUG c.z.f.t.filter.JwtAuthenticationFilter   : Authenticated [user=Andy, uri=/api/transactions/history]
2026-05-22 18:19:06.513 [http-nio-8080-exec-10] DEBUG c.z.f.t.m.UserMapper.findByUsername      : ==>  Preparing: SELECT * FROM users WHERE username = ?
2026-05-22 18:19:06.513 [http-nio-8080-exec-10] DEBUG c.z.f.t.m.UserMapper.findByUsername      : ==> Parameters: Andy(String)
2026-05-22 18:19:06.513 [http-nio-8080-exec-1] DEBUG c.z.f.t.m.UserMapper.findByUsername      : ==>  Preparing: SELECT * FROM users WHERE username = ?
2026-05-22 18:19:06.514 [http-nio-8080-exec-1] DEBUG c.z.f.t.m.UserMapper.findByUsername      : ==> Parameters: Andy(String)
2026-05-22 18:19:06.515 [http-nio-8080-exec-1] DEBUG c.z.f.t.m.UserMapper.findByUsername      : <==      Total: 1
2026-05-22 18:19:06.515 [http-nio-8080-exec-10] DEBUG c.z.f.t.m.UserMapper.findByUsername      : <==      Total: 1
2026-05-22 18:19:06.516 [http-nio-8080-exec-1] DEBUG c.z.f.t.m.T.findAllFiltered              : ==>  Preparing: SELECT t.*, c.name as categoryName FROM transactions t LEFT JOIN categories c ON t.category_id = c.id WHERE t.user_id = ? ORDER BY t.date DESC, t.id DESC LIMIT ? OFFSET ?
2026-05-22 18:19:06.516 [http-nio-8080-exec-1] DEBUG c.z.f.t.m.T.findAllFiltered              : ==> Parameters: 1(Long), 15(Integer), 0(Integer)
2026-05-22 18:19:06.523 [http-nio-8080-exec-1] DEBUG c.z.f.t.m.T.findAllFiltered              : <==      Total: 15
2026-05-22 18:19:06.524 [http-nio-8080-exec-1] DEBUG c.z.f.t.m.T.countFiltered                : ==>  Preparing: SELECT COUNT(*) FROM transactions t WHERE user_id = ?
2026-05-22 18:19:06.524 [http-nio-8080-exec-1] DEBUG c.z.f.t.m.T.countFiltered                : ==> Parameters: 1(Long)
2026-05-22 18:19:06.526 [http-nio-8080-exec-1] DEBUG c.z.f.t.m.T.countFiltered                : <==      Total: 1
2026-05-22 18:19:06.526 [http-nio-8080-exec-1] DEBUG c.z.f.t.c.TransactionController          : History query [userId=1, page=0, size=15, total=32]
2026-05-22 18:19:09.280 [http-nio-8080-exec-3] DEBUG c.z.f.t.filter.JwtAuthenticationFilter   : Authenticated [user=Andy, uri=/api/transactions/summary]
2026-05-22 18:19:09.282 [http-nio-8080-exec-3] DEBUG c.z.f.t.m.UserMapper.findByUsername      : ==>  Preparing: SELECT * FROM users WHERE username = ?
2026-05-22 18:19:09.282 [http-nio-8080-exec-3] DEBUG c.z.f.t.m.UserMapper.findByUsername      : ==> Parameters: Andy(String)
2026-05-22 18:19:09.284 [http-nio-8080-exec-3] DEBUG c.z.f.t.m.UserMapper.findByUsername      : <==      Total: 1
2026-05-22 18:19:09.319 [http-nio-8080-exec-2] DEBUG c.z.f.t.filter.JwtAuthenticationFilter   : Authenticated [user=Andy, uri=/api/transactions/summary]
2026-05-22 18:19:09.320 [http-nio-8080-exec-2] DEBUG c.z.f.t.m.UserMapper.findByUsername      : ==>  Preparing: SELECT * FROM users WHERE username = ?
2026-05-22 18:19:09.320 [http-nio-8080-exec-2] DEBUG c.z.f.t.m.UserMapper.findByUsername      : ==> Parameters: Andy(String)
2026-05-22 18:19:09.322 [http-nio-8080-exec-4] DEBUG c.z.f.t.filter.JwtAuthenticationFilter   : Authenticated [user=Andy, uri=/api/transactions/trends]
2026-05-22 18:19:09.323 [http-nio-8080-exec-2] DEBUG c.z.f.t.m.UserMapper.findByUsername      : <==      Total: 1
2026-05-22 18:19:09.323 [http-nio-8080-exec-4] DEBUG c.z.f.t.m.UserMapper.findByUsername      : ==>  Preparing: SELECT * FROM users WHERE username = ?
2026-05-22 18:19:09.324 [http-nio-8080-exec-4] DEBUG c.z.f.t.m.UserMapper.findByUsername      : ==> Parameters: Andy(String)
2026-05-22 18:19:09.326 [http-nio-8080-exec-4] DEBUG c.z.f.t.m.UserMapper.findByUsername      : <==      Total: 1
2026-05-22 18:19:09.340 [http-nio-8080-exec-5] DEBUG c.z.f.t.filter.JwtAuthenticationFilter   : Authenticated [user=Andy, uri=/api/transactions/trends]
2026-05-22 18:19:09.341 [http-nio-8080-exec-5] DEBUG c.z.f.t.m.UserMapper.findByUsername      : ==>  Preparing: SELECT * FROM users WHERE username = ?
2026-05-22 18:19:09.341 [http-nio-8080-exec-5] DEBUG c.z.f.t.m.UserMapper.findByUsername      : ==> Parameters: Andy(String)
2026-05-22 18:19:09.343 [http-nio-8080-exec-5] DEBUG c.z.f.t.m.UserMapper.findByUsername      : <==      Total: 1
2026-05-22 18:19:13.772 [http-nio-8080-exec-6] DEBUG c.z.f.t.filter.JwtAuthenticationFilter   : Authenticated [user=Andy, uri=/api/transactions/trends]
2026-05-22 18:19:13.774 [http-nio-8080-exec-6] DEBUG c.z.f.t.m.UserMapper.findByUsername      : ==>  Preparing: SELECT * FROM users WHERE username = ?
2026-05-22 18:19:13.774 [http-nio-8080-exec-6] DEBUG c.z.f.t.m.UserMapper.findByUsername      : ==> Parameters: Andy(String)
2026-05-22 18:19:13.776 [http-nio-8080-exec-6] DEBUG c.z.f.t.m.UserMapper.findByUsername      : <==      Total: 1
2026-05-22 18:19:13.777 [http-nio-8080-exec-6] DEBUG c.z.f.t.m.T.getTimeSeriesData            : ==>  Preparing: SELECT DATE_FORMAT(date, '%Y-%m-%d') as timeLabel, SUM(ABS(amount)) as total FROM transactions WHERE user_id = ? AND type = ? GROUP BY timeLabel ORDER BY timeLabel ASC
2026-05-22 18:19:13.778 [http-nio-8080-exec-6] DEBUG c.z.f.t.m.T.getTimeSeriesData            : ==> Parameters: 1(Long), INCOME(String)
2026-05-22 18:19:13.780 [http-nio-8080-exec-6] DEBUG c.z.f.t.m.T.getTimeSeriesData            : <==      Total: 9
2026-05-22 18:19:16.308 [http-nio-8080-exec-8] DEBUG c.z.f.t.filter.JwtAuthenticationFilter   : Authenticated [user=Andy, uri=/api/transactions/trends]
2026-05-22 18:19:16.311 [http-nio-8080-exec-8] DEBUG c.z.f.t.m.UserMapper.findByUsername      : ==>  Preparing: SELECT * FROM users WHERE username = ?
2026-05-22 18:19:16.311 [http-nio-8080-exec-8] DEBUG c.z.f.t.m.UserMapper.findByUsername      : ==> Parameters: Andy(String)
2026-05-22 18:19:16.314 [http-nio-8080-exec-8] DEBUG c.z.f.t.m.UserMapper.findByUsername      : <==      Total: 1
2026-05-22 18:19:20.233 [http-nio-8080-exec-7] DEBUG c.z.f.t.filter.JwtAuthenticationFilter   : Authenticated [user=Andy, uri=/api/recurring]
2026-05-22 18:19:20.234 [http-nio-8080-exec-9] DEBUG c.z.f.t.filter.JwtAuthenticationFilter   : Authenticated [user=Andy, uri=/api/categories/getAllByUserId]
2026-05-22 18:19:20.235 [http-nio-8080-exec-7] DEBUG c.z.f.t.m.UserMapper.findByUsername      : ==>  Preparing: SELECT * FROM users WHERE username = ?
2026-05-22 18:19:20.235 [http-nio-8080-exec-9] DEBUG c.z.f.t.m.UserMapper.findByUsername      : ==>  Preparing: SELECT * FROM users WHERE username = ?
2026-05-22 18:19:20.236 [http-nio-8080-exec-7] DEBUG c.z.f.t.m.UserMapper.findByUsername      : ==> Parameters: Andy(String)
2026-05-22 18:19:20.236 [http-nio-8080-exec-9] DEBUG c.z.f.t.m.UserMapper.findByUsername      : ==> Parameters: Andy(String)
2026-05-22 18:19:20.238 [http-nio-8080-exec-9] DEBUG c.z.f.t.m.UserMapper.findByUsername      : <==      Total: 1
2026-05-22 18:19:20.238 [http-nio-8080-exec-7] DEBUG c.z.f.t.m.UserMapper.findByUsername      : <==      Total: 1
2026-05-22 18:19:20.239 [http-nio-8080-exec-7] DEBUG c.z.f.t.m.RecurringMapper.findByUserId   : ==>  Preparing: SELECT r.*, c.name as categoryName FROM recurring_transactions r LEFT JOIN categories c ON r.category_id = c.id WHERE r.user_id = ? AND r.is_active = TRUE ORDER BY r.next_due_date ASC
2026-05-22 18:19:20.239 [http-nio-8080-exec-7] DEBUG c.z.f.t.m.RecurringMapper.findByUserId   : ==> Parameters: 1(Long)
2026-05-22 18:19:20.246 [http-nio-8080-exec-7] DEBUG c.z.f.t.m.RecurringMapper.findByUserId   : <==      Total: 0
2026-05-22 18:19:20.250 [http-nio-8080-exec-10] DEBUG c.z.f.t.filter.JwtAuthenticationFilter   : Authenticated [user=Andy, uri=/api/categories/getAllByUserId]
2026-05-22 18:19:20.251 [http-nio-8080-exec-10] DEBUG c.z.f.t.m.UserMapper.findByUsername      : ==>  Preparing: SELECT * FROM users WHERE username = ?
2026-05-22 18:19:20.251 [http-nio-8080-exec-10] DEBUG c.z.f.t.m.UserMapper.findByUsername      : ==> Parameters: Andy(String)
2026-05-22 18:19:20.253 [http-nio-8080-exec-10] DEBUG c.z.f.t.m.UserMapper.findByUsername      : <==      Total: 1
2026-05-22 18:19:20.255 [http-nio-8080-exec-1] DEBUG c.z.f.t.filter.JwtAuthenticationFilter   : Authenticated [user=Andy, uri=/api/recurring]
2026-05-22 18:19:20.255 [http-nio-8080-exec-1] DEBUG c.z.f.t.m.UserMapper.findByUsername      : ==>  Preparing: SELECT * FROM users WHERE username = ?
2026-05-22 18:19:20.256 [http-nio-8080-exec-1] DEBUG c.z.f.t.m.UserMapper.findByUsername      : ==> Parameters: Andy(String)
2026-05-22 18:19:20.257 [http-nio-8080-exec-1] DEBUG c.z.f.t.m.UserMapper.findByUsername      : <==      Total: 1
2026-05-22 18:19:20.258 [http-nio-8080-exec-1] DEBUG c.z.f.t.m.RecurringMapper.findByUserId   : ==>  Preparing: SELECT r.*, c.name as categoryName FROM recurring_transactions r LEFT JOIN categories c ON r.category_id = c.id WHERE r.user_id = ? AND r.is_active = TRUE ORDER BY r.next_due_date ASC
2026-05-22 18:19:20.259 [http-nio-8080-exec-1] DEBUG c.z.f.t.m.RecurringMapper.findByUserId   : ==> Parameters: 1(Long)
2026-05-22 18:19:20.261 [http-nio-8080-exec-1] DEBUG c.z.f.t.m.RecurringMapper.findByUserId   : <==      Total: 0
2026-05-22 18:19:21.485 [http-nio-8080-exec-3] DEBUG c.z.f.t.filter.JwtAuthenticationFilter   : Authenticated [user=Andy, uri=/api/transactions/summary]
2026-05-22 18:19:21.486 [http-nio-8080-exec-3] DEBUG c.z.f.t.m.UserMapper.findByUsername      : ==>  Preparing: SELECT * FROM users WHERE username = ?
2026-05-22 18:19:21.487 [http-nio-8080-exec-3] DEBUG c.z.f.t.m.UserMapper.findByUsername      : ==> Parameters: Andy(String)
2026-05-22 18:19:21.489 [http-nio-8080-exec-3] DEBUG c.z.f.t.m.UserMapper.findByUsername      : <==      Total: 1
2026-05-22 18:19:21.499 [http-nio-8080-exec-2] DEBUG c.z.f.t.filter.JwtAuthenticationFilter   : Authenticated [user=Andy, uri=/api/transactions/summary]
2026-05-22 18:19:21.500 [http-nio-8080-exec-2] DEBUG c.z.f.t.m.UserMapper.findByUsername      : ==>  Preparing: SELECT * FROM users WHERE username = ?
2026-05-22 18:19:21.500 [http-nio-8080-exec-2] DEBUG c.z.f.t.m.UserMapper.findByUsername      : ==> Parameters: Andy(String)
2026-05-22 18:19:21.502 [http-nio-8080-exec-2] DEBUG c.z.f.t.m.UserMapper.findByUsername      : <==      Total: 1
2026-05-22 18:19:34.082 [http-nio-8080-exec-4] DEBUG c.z.f.t.filter.JwtAuthenticationFilter   : Authenticated [user=Andy, uri=/api/transactions/daily-trends]
2026-05-22 18:19:34.088 [http-nio-8080-exec-4] DEBUG c.z.f.t.m.UserMapper.findByUsername      : ==>  Preparing: SELECT * FROM users WHERE username = ?
2026-05-22 18:19:34.088 [http-nio-8080-exec-4] DEBUG c.z.f.t.m.UserMapper.findByUsername      : ==> Parameters: Andy(String)
2026-05-22 18:19:34.091 [http-nio-8080-exec-4] DEBUG c.z.f.t.m.UserMapper.findByUsername      : <==      Total: 1
2026-05-22 18:19:34.095 [http-nio-8080-exec-4] DEBUG c.z.f.t.m.T.getDailyTrends               : ==>  Preparing: SELECT DATE(t.date) as date, SUM(CASE WHEN t.type = 'INCOME' THEN t.amount ELSE 0 END) as income, SUM(CASE WHEN t.type = 'EXPENSE' THEN t.amount ELSE 0 END) as expense FROM transactions t WHERE t.user_id = ? AND t.date >= DATE_SUB(CURDATE(), INTERVAL ? DAY) GROUP BY DATE(t.date) ORDER BY date ASC
2026-05-22 18:19:34.096 [http-nio-8080-exec-4] DEBUG c.z.f.t.m.T.getDailyTrends               : ==> Parameters: 1(Long), 30(Integer)
2026-05-22 18:19:34.100 [http-nio-8080-exec-4] DEBUG c.z.f.t.m.T.getDailyTrends               : <==      Total: 6
2026-05-22 18:19:34.117 [http-nio-8080-exec-5] DEBUG c.z.f.t.filter.JwtAuthenticationFilter   : Authenticated [user=Andy, uri=/api/transactions/daily-trends]
2026-05-22 18:19:34.118 [http-nio-8080-exec-5] DEBUG c.z.f.t.m.UserMapper.findByUsername      : ==>  Preparing: SELECT * FROM users WHERE username = ?
2026-05-22 18:19:34.119 [http-nio-8080-exec-5] DEBUG c.z.f.t.m.UserMapper.findByUsername      : ==> Parameters: Andy(String)
2026-05-22 18:19:34.121 [http-nio-8080-exec-5] DEBUG c.z.f.t.m.UserMapper.findByUsername      : <==      Total: 1
2026-05-22 18:19:43.409 [http-nio-8080-exec-6] DEBUG c.z.f.t.filter.JwtAuthenticationFilter   : Authenticated [user=Andy, uri=/api/profile]
2026-05-22 18:19:43.412 [http-nio-8080-exec-6] DEBUG c.z.f.t.m.UserMapper.findByUsername      : ==>  Preparing: SELECT * FROM users WHERE username = ?
2026-05-22 18:19:43.412 [http-nio-8080-exec-6] DEBUG c.z.f.t.m.UserMapper.findByUsername      : ==> Parameters: Andy(String)
2026-05-22 18:19:43.414 [http-nio-8080-exec-6] DEBUG c.z.f.t.m.UserMapper.findByUsername      : <==      Total: 1
2026-05-22 18:19:43.422 [http-nio-8080-exec-8] DEBUG c.z.f.t.filter.JwtAuthenticationFilter   : Authenticated [user=Andy, uri=/api/profile]
2026-05-22 18:19:43.422 [http-nio-8080-exec-8] DEBUG c.z.f.t.m.UserMapper.findByUsername      : ==>  Preparing: SELECT * FROM users WHERE username = ?
2026-05-22 18:19:43.423 [http-nio-8080-exec-8] DEBUG c.z.f.t.m.UserMapper.findByUsername      : ==> Parameters: Andy(String)
2026-05-22 18:19:43.425 [http-nio-8080-exec-8] DEBUG c.z.f.t.m.UserMapper.findByUsername      : <==      Total: 1
2026-05-22 18:22:32.178 [SpringApplicationShutdownHook] INFO  o.s.b.w.e.tomcat.GracefulShutdown        : Commencing graceful shutdown. Waiting for active requests to complete
2026-05-22 18:22:34.189 [tomcat-shutdown] INFO  o.s.b.w.e.tomcat.GracefulShutdown        : Graceful shutdown complete
2026-05-22 18:40:07.435 [main] INFO  c.z.f.tracker.FinanceTrackerApplication  : The following 1 profile is active: "dev"
2026-05-22 18:40:09.004 [main] INFO  .s.d.r.c.RepositoryConfigurationDelegate : Multiple Spring Data modules found, entering strict repository configuration mode
2026-05-22 18:40:09.010 [main] INFO  .s.d.r.c.RepositoryConfigurationDelegate : Bootstrapping Spring Data Redis repositories in DEFAULT mode.
2026-05-22 18:40:09.085 [main] INFO  .s.d.r.c.RepositoryConfigurationDelegate : Finished Spring Data repository scanning in 37 ms. Found 0 Redis repository interfaces.
2026-05-22 18:40:10.213 [main] INFO  c.z.f.tracker.FinanceTrackerApplication  : The following 1 profile is active: "dev"
2026-05-22 18:40:11.044 [main] INFO  o.s.b.w.embedded.tomcat.TomcatWebServer  : Tomcat initialized with port 8080 (http)
2026-05-22 18:40:11.089 [main] INFO  o.a.coyote.http11.Http11NioProtocol      : Initializing ProtocolHandler ["http-nio-8080"]
2026-05-22 18:40:11.093 [main] INFO  o.apache.catalina.core.StandardService   : Starting service [Tomcat]
2026-05-22 18:40:11.093 [main] INFO  o.apache.catalina.core.StandardEngine    : Starting Servlet engine: [Apache Tomcat/10.1.49]
2026-05-22 18:40:11.227 [main] INFO  o.a.c.c.C.[Tomcat].[localhost].[/]       : Initializing Spring embedded WebApplicationContext
2026-05-22 18:40:11.227 [main] INFO  w.s.c.ServletWebServerApplicationContext : Root WebApplicationContext: initialization completed in 3754 ms
2026-05-22 18:40:11.382 [main] DEBUG c.z.f.t.filter.JwtAuthenticationFilter   : Filter 'jwtAuthenticationFilter' configured for use
2026-05-22 18:40:11.593 [main] INFO  .s.d.r.c.RepositoryConfigurationDelegate : Multiple Spring Data modules found, entering strict repository configuration mode
2026-05-22 18:40:11.602 [main] INFO  .s.d.r.c.RepositoryConfigurationDelegate : Bootstrapping Spring Data Redis repositories in DEFAULT mode.
2026-05-22 18:40:11.661 [main] INFO  .s.d.r.c.RepositoryConfigurationDelegate : Finished Spring Data repository scanning in 18 ms. Found 0 Redis repository interfaces.
2026-05-22 18:40:13.188 [main] INFO  o.s.b.w.embedded.tomcat.TomcatWebServer  : Tomcat initialized with port 8080 (http)
2026-05-22 18:40:13.221 [main] INFO  o.a.coyote.http11.Http11NioProtocol      : Initializing ProtocolHandler ["http-nio-8080"]
2026-05-22 18:40:13.224 [main] INFO  o.apache.catalina.core.StandardService   : Starting service [Tomcat]
2026-05-22 18:40:13.225 [main] INFO  o.apache.catalina.core.StandardEngine    : Starting Servlet engine: [Apache Tomcat/10.1.49]
2026-05-22 18:40:13.367 [main] INFO  o.a.c.c.C.[Tomcat].[localhost].[/]       : Initializing Spring embedded WebApplicationContext
2026-05-22 18:40:13.367 [main] INFO  w.s.c.ServletWebServerApplicationContext : Root WebApplicationContext: initialization completed in 3095 ms
2026-05-22 18:40:13.667 [main] DEBUG c.z.f.t.filter.JwtAuthenticationFilter   : Filter 'jwtAuthenticationFilter' configured for use
2026-05-22 18:40:15.135 [main] INFO  o.a.coyote.http11.Http11NioProtocol      : Starting ProtocolHandler ["http-nio-8080"]
2026-05-22 18:40:15.199 [main] INFO  o.s.b.w.embedded.tomcat.TomcatWebServer  : Tomcat started on port 8080 (http) with context path '/'
2026-05-22 18:40:15.245 [main] INFO  c.z.f.tracker.FinanceTrackerApplication  : Started FinanceTrackerApplication in 11.399 seconds (process running for 13.434)
2026-05-22 18:40:16.953 [main] INFO  o.a.coyote.http11.Http11NioProtocol      : Starting ProtocolHandler ["http-nio-8080"]
2026-05-22 18:40:16.997 [main] WARN  ConfigServletWebServerApplicationContext : Exception encountered during context initialization - cancelling refresh attempt: org.springframework.context.ApplicationContextException: Failed to start bean 'webServerStartStop'
2026-05-22 18:40:17.014 [main] INFO  o.apache.catalina.core.StandardService   : Stopping service [Tomcat]
2026-05-22 18:40:17.036 [main] INFO  .s.b.a.l.ConditionEvaluationReportLogger : 

Error starting ApplicationContext. To display the condition evaluation report re-run your application with 'debug' enabled.
2026-05-22 18:40:17.085 [main] ERROR o.s.b.d.LoggingFailureAnalysisReporter   : 

***************************
APPLICATION FAILED TO START
***************************

Description:

Web server failed to start. Port 8080 was already in use.

Action:

Identify and stop the process that's listening on port 8080 or configure this application to listen on another port.

2026-05-22 18:40:31.315 [SpringApplicationShutdownHook] INFO  o.s.b.w.e.tomcat.GracefulShutdown        : Commencing graceful shutdown. Waiting for active requests to complete
2026-05-22 18:40:38.523 [main] INFO  c.z.f.tracker.FinanceTrackerApplication  : The following 1 profile is active: "dev"
2026-05-22 18:40:39.690 [main] INFO  .s.d.r.c.RepositoryConfigurationDelegate : Multiple Spring Data modules found, entering strict repository configuration mode
2026-05-22 18:40:39.695 [main] INFO  .s.d.r.c.RepositoryConfigurationDelegate : Bootstrapping Spring Data Redis repositories in DEFAULT mode.
2026-05-22 18:40:39.752 [main] INFO  .s.d.r.c.RepositoryConfigurationDelegate : Finished Spring Data repository scanning in 15 ms. Found 0 Redis repository interfaces.
2026-05-22 18:40:41.674 [main] INFO  o.s.b.w.embedded.tomcat.TomcatWebServer  : Tomcat initialized with port 8080 (http)
2026-05-22 18:40:41.720 [main] INFO  o.a.coyote.http11.Http11NioProtocol      : Initializing ProtocolHandler ["http-nio-8080"]
2026-05-22 18:40:41.734 [main] INFO  o.apache.catalina.core.StandardService   : Starting service [Tomcat]
2026-05-22 18:40:41.734 [main] INFO  o.apache.catalina.core.StandardEngine    : Starting Servlet engine: [Apache Tomcat/10.1.49]
2026-05-22 18:40:41.880 [main] INFO  o.a.c.c.C.[Tomcat].[localhost].[/]       : Initializing Spring embedded WebApplicationContext
2026-05-22 18:40:41.881 [main] INFO  w.s.c.ServletWebServerApplicationContext : Root WebApplicationContext: initialization completed in 3323 ms
2026-05-22 18:40:42.056 [main] DEBUG c.z.f.t.filter.JwtAuthenticationFilter   : Filter 'jwtAuthenticationFilter' configured for use
2026-05-22 18:40:46.750 [main] INFO  o.a.coyote.http11.Http11NioProtocol      : Starting ProtocolHandler ["http-nio-8080"]
2026-05-22 18:40:46.853 [main] INFO  o.s.b.w.embedded.tomcat.TomcatWebServer  : Tomcat started on port 8080 (http) with context path '/'
2026-05-22 18:40:46.918 [main] INFO  c.z.f.tracker.FinanceTrackerApplication  : Started FinanceTrackerApplication in 10.719 seconds (process running for 12.275)
2026-05-22 18:41:32.450 [http-nio-8080-exec-1] INFO  o.apache.tomcat.util.http.parser.Cookie  : A cookie header was received [g_state={"i_l":0,"i_ll":1779445548100,"i_b":"66yYJ6F6dGseIN+kic9T3N3EPhf5GYO01D3Z62+X428","i_e":{"enable_itp_optimization":0},"i_et":1779445118657}] that contained an invalid cookie. That cookie will be ignored.
 Note: further occurrences of this error will be logged at DEBUG level.
2026-05-22 18:41:32.462 [http-nio-8080-exec-1] INFO  o.a.c.c.C.[Tomcat].[localhost].[/]       : Initializing Spring DispatcherServlet 'dispatcherServlet'
2026-05-22 18:41:32.724 [http-nio-8080-exec-1] DEBUG c.z.f.tracker.controller.AuthController  : Login attempt: [username=Andy]
2026-05-22 18:41:33.107 [http-nio-8080-exec-1] DEBUG c.z.f.t.m.UserMapper.findByUsername      : ==>  Preparing: SELECT * FROM users WHERE username = ?
2026-05-22 18:41:33.158 [http-nio-8080-exec-1] DEBUG c.z.f.t.m.UserMapper.findByUsername      : ==> Parameters: Andy(String)
2026-05-22 18:41:33.218 [http-nio-8080-exec-1] DEBUG c.z.f.t.m.UserMapper.findByUsername      : <==      Total: 1
2026-05-22 18:41:33.577 [http-nio-8080-exec-1] INFO  c.z.f.tracker.controller.AuthController  : Login success: [username=Andy]
2026-05-22 18:41:33.681 [http-nio-8080-exec-2] DEBUG c.z.f.t.filter.JwtAuthenticationFilter   : Authenticated [user=Andy, uri=/api/consent]
2026-05-22 18:41:33.701 [http-nio-8080-exec-2] DEBUG c.z.f.t.m.UserMapper.findByUsername      : ==>  Preparing: SELECT * FROM users WHERE username = ?
2026-05-22 18:41:33.702 [http-nio-8080-exec-2] DEBUG c.z.f.t.m.UserMapper.findByUsername      : ==> Parameters: Andy(String)
2026-05-22 18:41:33.705 [http-nio-8080-exec-2] DEBUG c.z.f.t.m.UserMapper.findByUsername      : <==      Total: 1
2026-05-22 18:41:33.710 [http-nio-8080-exec-2] DEBUG c.z.f.t.mapper.ConsentMapper.insert      : ==>  Preparing: INSERT INTO user_consents (user_id, policy_version, platform, ip_address, accepted_at) VALUES (?, ?, ?, ?, ?)
2026-05-22 18:41:33.721 [http-nio-8080-exec-2] DEBUG c.z.f.t.mapper.ConsentMapper.insert      : ==> Parameters: 1(Long), 2026-05(String), web(String), 127.0.0.1(String), 2026-05-22T18:41:33.707243(LocalDateTime)
2026-05-22 18:41:33.740 [http-nio-8080-exec-2] DEBUG c.z.f.t.mapper.ConsentMapper.insert      : <==    Updates: 1
2026-05-22 18:41:33.744 [http-nio-8080-exec-2] INFO  c.z.f.t.controller.ConsentController     : Consent recorded [userId=1, platform=web, version=2026-05]
2026-05-22 18:41:33.822 [http-nio-8080-exec-3] DEBUG c.z.f.t.filter.JwtAuthenticationFilter   : Authenticated [user=Andy, uri=/api/transactions/summary]
2026-05-22 18:41:33.838 [http-nio-8080-exec-3] DEBUG c.z.f.t.m.UserMapper.findByUsername      : ==>  Preparing: SELECT * FROM users WHERE username = ?
2026-05-22 18:41:33.839 [http-nio-8080-exec-3] DEBUG c.z.f.t.m.UserMapper.findByUsername      : ==> Parameters: Andy(String)
2026-05-22 18:41:33.851 [http-nio-8080-exec-3] DEBUG c.z.f.t.m.UserMapper.findByUsername      : <==      Total: 1
2026-05-22 18:41:34.546 [http-nio-8080-exec-3] DEBUG c.z.f.t.m.T.getTotalBalance              : ==>  Preparing: SELECT COALESCE( SUM(CASE WHEN type = 'INCOME' THEN amount ELSE ABS(amount) * -1 END), 0 ) FROM transactions WHERE user_id = ?
2026-05-22 18:41:34.547 [http-nio-8080-exec-3] DEBUG c.z.f.t.m.T.getTotalBalance              : ==> Parameters: 1(Long)
2026-05-22 18:41:34.555 [http-nio-8080-exec-3] DEBUG c.z.f.t.m.T.getTotalBalance              : <==      Total: 1
2026-05-22 18:41:34.557 [http-nio-8080-exec-3] DEBUG c.z.f.t.m.T.getMonthlyBalance            : ==>  Preparing: SELECT SUM(CASE WHEN type = 'INCOME' THEN amount ELSE 0 END) as income, SUM(CASE WHEN type = 'EXPENSE' THEN ABS(amount) ELSE 0 END) as expense, SUM(CASE WHEN type = 'INCOME' THEN amount ELSE ABS(amount) * -1 END) as net FROM transactions WHERE user_id = ? AND DATE_FORMAT(date, '%Y-%m') = ?
2026-05-22 18:41:34.559 [http-nio-8080-exec-3] DEBUG c.z.f.t.m.T.getMonthlyBalance            : ==> Parameters: 1(Long), 2026-05(String)
2026-05-22 18:41:34.564 [http-nio-8080-exec-3] DEBUG c.z.f.t.m.T.getMonthlyBalance            : <==      Total: 1
2026-05-22 18:41:34.565 [http-nio-8080-exec-3] DEBUG c.z.f.t.m.T.getIncomeVsExpense           : ==>  Preparing: SELECT SUM(CASE WHEN type = 'INCOME' THEN amount ELSE 0 END) as totalIncome, SUM(CASE WHEN type = 'EXPENSE' THEN ABS(amount) ELSE 0 END) as totalExpense FROM transactions WHERE user_id = ?
2026-05-22 18:41:34.566 [http-nio-8080-exec-3] DEBUG c.z.f.t.m.T.getIncomeVsExpense           : ==> Parameters: 1(Long)
2026-05-22 18:41:34.570 [http-nio-8080-exec-3] DEBUG c.z.f.t.m.T.getIncomeVsExpense           : <==      Total: 1
2026-05-22 18:41:34.571 [http-nio-8080-exec-3] DEBUG c.z.f.t.m.T.getCategorySummary           : ==>  Preparing: SELECT c.name as name, SUM(ABS(t.amount)) as value FROM transactions t INNER JOIN categories c ON t.category_id = c.id WHERE t.user_id = ? AND t.type = ? GROUP BY c.name
2026-05-22 18:41:34.572 [http-nio-8080-exec-3] DEBUG c.z.f.t.m.T.getCategorySummary           : ==> Parameters: 1(Long), INCOME(String)
2026-05-22 18:41:34.575 [http-nio-8080-exec-3] DEBUG c.z.f.t.m.T.getCategorySummary           : <==      Total: 4
2026-05-22 18:41:34.576 [http-nio-8080-exec-3] DEBUG c.z.f.t.m.T.getCategorySummary           : ==>  Preparing: SELECT c.name as name, SUM(ABS(t.amount)) as value FROM transactions t INNER JOIN categories c ON t.category_id = c.id WHERE t.user_id = ? AND t.type = ? GROUP BY c.name
2026-05-22 18:41:34.577 [http-nio-8080-exec-3] DEBUG c.z.f.t.m.T.getCategorySummary           : ==> Parameters: 1(Long), EXPENSE(String)
2026-05-22 18:41:34.581 [http-nio-8080-exec-3] DEBUG c.z.f.t.m.T.getCategorySummary           : <==      Total: 7
2026-05-22 18:41:34.655 [http-nio-8080-exec-4] DEBUG c.z.f.t.filter.JwtAuthenticationFilter   : Authenticated [user=Andy, uri=/api/transactions/history]
2026-05-22 18:41:34.655 [http-nio-8080-exec-5] DEBUG c.z.f.t.filter.JwtAuthenticationFilter   : Authenticated [user=Andy, uri=/api/transactions/summary]
2026-05-22 18:41:34.656 [http-nio-8080-exec-5] DEBUG c.z.f.t.m.UserMapper.findByUsername      : ==>  Preparing: SELECT * FROM users WHERE username = ?
2026-05-22 18:41:34.657 [http-nio-8080-exec-5] DEBUG c.z.f.t.m.UserMapper.findByUsername      : ==> Parameters: Andy(String)
2026-05-22 18:41:34.660 [http-nio-8080-exec-5] DEBUG c.z.f.t.m.UserMapper.findByUsername      : <==      Total: 1
2026-05-22 18:41:34.666 [http-nio-8080-exec-4] DEBUG c.z.f.t.m.UserMapper.findByUsername      : ==>  Preparing: SELECT * FROM users WHERE username = ?
2026-05-22 18:41:34.667 [http-nio-8080-exec-4] DEBUG c.z.f.t.m.UserMapper.findByUsername      : ==> Parameters: Andy(String)
2026-05-22 18:41:34.671 [http-nio-8080-exec-4] DEBUG c.z.f.t.m.UserMapper.findByUsername      : <==      Total: 1
2026-05-22 18:41:34.716 [http-nio-8080-exec-4] DEBUG c.z.f.t.m.T.findAllFiltered              : ==>  Preparing: SELECT t.*, c.name as categoryName FROM transactions t LEFT JOIN categories c ON t.category_id = c.id WHERE t.user_id = ? ORDER BY t.date DESC, t.id DESC LIMIT ? OFFSET ?
2026-05-22 18:41:34.721 [http-nio-8080-exec-4] DEBUG c.z.f.t.m.T.findAllFiltered              : ==> Parameters: 1(Long), 5(Integer), 0(Integer)
2026-05-22 18:41:34.729 [http-nio-8080-exec-4] DEBUG c.z.f.t.m.T.findAllFiltered              : <==      Total: 5
2026-05-22 18:41:34.730 [http-nio-8080-exec-4] DEBUG c.z.f.t.m.T.countFiltered                : ==>  Preparing: SELECT COUNT(*) FROM transactions t WHERE user_id = ?
2026-05-22 18:41:34.731 [http-nio-8080-exec-4] DEBUG c.z.f.t.m.T.countFiltered                : ==> Parameters: 1(Long)
2026-05-22 18:41:34.733 [http-nio-8080-exec-4] DEBUG c.z.f.t.m.T.countFiltered                : <==      Total: 1
2026-05-22 18:41:34.734 [http-nio-8080-exec-4] DEBUG c.z.f.t.c.TransactionController          : History query [userId=1, page=0, size=5, total=32]
2026-05-22 18:41:34.758 [http-nio-8080-exec-6] DEBUG c.z.f.t.filter.JwtAuthenticationFilter   : Authenticated [user=Andy, uri=/api/transactions/history]
2026-05-22 18:41:34.760 [http-nio-8080-exec-6] DEBUG c.z.f.t.m.UserMapper.findByUsername      : ==>  Preparing: SELECT * FROM users WHERE username = ?
2026-05-22 18:41:34.761 [http-nio-8080-exec-6] DEBUG c.z.f.t.m.UserMapper.findByUsername      : ==> Parameters: Andy(String)
2026-05-22 18:41:34.765 [http-nio-8080-exec-6] DEBUG c.z.f.t.m.UserMapper.findByUsername      : <==      Total: 1
2026-05-22 18:41:34.766 [http-nio-8080-exec-6] DEBUG c.z.f.t.m.T.findAllFiltered              : ==>  Preparing: SELECT t.*, c.name as categoryName FROM transactions t LEFT JOIN categories c ON t.category_id = c.id WHERE t.user_id = ? ORDER BY t.date DESC, t.id DESC LIMIT ? OFFSET ?
2026-05-22 18:41:34.767 [http-nio-8080-exec-6] DEBUG c.z.f.t.m.T.findAllFiltered              : ==> Parameters: 1(Long), 5(Integer), 0(Integer)
2026-05-22 18:41:34.775 [http-nio-8080-exec-6] DEBUG c.z.f.t.m.T.findAllFiltered              : <==      Total: 5
2026-05-22 18:41:34.776 [http-nio-8080-exec-6] DEBUG c.z.f.t.m.T.countFiltered                : ==>  Preparing: SELECT COUNT(*) FROM transactions t WHERE user_id = ?
2026-05-22 18:41:34.777 [http-nio-8080-exec-6] DEBUG c.z.f.t.m.T.countFiltered                : ==> Parameters: 1(Long)
2026-05-22 18:41:34.781 [http-nio-8080-exec-6] DEBUG c.z.f.t.m.T.countFiltered                : <==      Total: 1
2026-05-22 18:41:34.781 [http-nio-8080-exec-6] DEBUG c.z.f.t.c.TransactionController          : History query [userId=1, page=0, size=5, total=32]
2026-05-22 18:41:42.351 [http-nio-8080-exec-7] DEBUG c.z.f.t.filter.JwtAuthenticationFilter   : Authenticated [user=Andy, uri=/api/transactions/summary]
2026-05-22 18:41:42.354 [http-nio-8080-exec-7] DEBUG c.z.f.t.m.UserMapper.findByUsername      : ==>  Preparing: SELECT * FROM users WHERE username = ?
2026-05-22 18:41:42.355 [http-nio-8080-exec-7] DEBUG c.z.f.t.m.UserMapper.findByUsername      : ==> Parameters: Andy(String)
2026-05-22 18:41:42.357 [http-nio-8080-exec-7] DEBUG c.z.f.t.m.UserMapper.findByUsername      : <==      Total: 1
2026-05-22 18:41:42.376 [http-nio-8080-exec-8] DEBUG c.z.f.t.filter.JwtAuthenticationFilter   : Authenticated [user=Andy, uri=/api/transactions/summary]
2026-05-22 18:41:42.377 [http-nio-8080-exec-9] DEBUG c.z.f.t.filter.JwtAuthenticationFilter   : Authenticated [user=Andy, uri=/api/transactions/history]
2026-05-22 18:41:42.377 [http-nio-8080-exec-8] DEBUG c.z.f.t.m.UserMapper.findByUsername      : ==>  Preparing: SELECT * FROM users WHERE username = ?
2026-05-22 18:41:42.378 [http-nio-8080-exec-8] DEBUG c.z.f.t.m.UserMapper.findByUsername      : ==> Parameters: Andy(String)
2026-05-22 18:41:42.379 [http-nio-8080-exec-9] DEBUG c.z.f.t.m.UserMapper.findByUsername      : ==>  Preparing: SELECT * FROM users WHERE username = ?
2026-05-22 18:41:42.379 [http-nio-8080-exec-9] DEBUG c.z.f.t.m.UserMapper.findByUsername      : ==> Parameters: Andy(String)
2026-05-22 18:41:42.380 [http-nio-8080-exec-8] DEBUG c.z.f.t.m.UserMapper.findByUsername      : <==      Total: 1
2026-05-22 18:41:42.381 [http-nio-8080-exec-9] DEBUG c.z.f.t.m.UserMapper.findByUsername      : <==      Total: 1
2026-05-22 18:41:42.382 [http-nio-8080-exec-9] DEBUG c.z.f.t.m.T.findAllFiltered              : ==>  Preparing: SELECT t.*, c.name as categoryName FROM transactions t LEFT JOIN categories c ON t.category_id = c.id WHERE t.user_id = ? ORDER BY t.date DESC, t.id DESC LIMIT ? OFFSET ?
2026-05-22 18:41:42.383 [http-nio-8080-exec-9] DEBUG c.z.f.t.m.T.findAllFiltered              : ==> Parameters: 1(Long), 5(Integer), 0(Integer)
2026-05-22 18:41:42.388 [http-nio-8080-exec-9] DEBUG c.z.f.t.m.T.findAllFiltered              : <==      Total: 5
2026-05-22 18:41:42.389 [http-nio-8080-exec-9] DEBUG c.z.f.t.m.T.countFiltered                : ==>  Preparing: SELECT COUNT(*) FROM transactions t WHERE user_id = ?
2026-05-22 18:41:42.389 [http-nio-8080-exec-9] DEBUG c.z.f.t.m.T.countFiltered                : ==> Parameters: 1(Long)
2026-05-22 18:41:42.391 [http-nio-8080-exec-9] DEBUG c.z.f.t.m.T.countFiltered                : <==      Total: 1
2026-05-22 18:41:42.392 [http-nio-8080-exec-9] DEBUG c.z.f.t.c.TransactionController          : History query [userId=1, page=0, size=5, total=32]
2026-05-22 18:41:42.403 [http-nio-8080-exec-10] DEBUG c.z.f.t.filter.JwtAuthenticationFilter   : Authenticated [user=Andy, uri=/api/transactions/history]
2026-05-22 18:41:42.405 [http-nio-8080-exec-10] DEBUG c.z.f.t.m.UserMapper.findByUsername      : ==>  Preparing: SELECT * FROM users WHERE username = ?
2026-05-22 18:41:42.406 [http-nio-8080-exec-10] DEBUG c.z.f.t.m.UserMapper.findByUsername      : ==> Parameters: Andy(String)
2026-05-22 18:41:42.408 [http-nio-8080-exec-10] DEBUG c.z.f.t.m.UserMapper.findByUsername      : <==      Total: 1
2026-05-22 18:41:42.409 [http-nio-8080-exec-10] DEBUG c.z.f.t.m.T.findAllFiltered              : ==>  Preparing: SELECT t.*, c.name as categoryName FROM transactions t LEFT JOIN categories c ON t.category_id = c.id WHERE t.user_id = ? ORDER BY t.date DESC, t.id DESC LIMIT ? OFFSET ?
2026-05-22 18:41:42.410 [http-nio-8080-exec-10] DEBUG c.z.f.t.m.T.findAllFiltered              : ==> Parameters: 1(Long), 5(Integer), 0(Integer)
2026-05-22 18:41:42.414 [http-nio-8080-exec-10] DEBUG c.z.f.t.m.T.findAllFiltered              : <==      Total: 5
2026-05-22 18:41:42.415 [http-nio-8080-exec-10] DEBUG c.z.f.t.m.T.countFiltered                : ==>  Preparing: SELECT COUNT(*) FROM transactions t WHERE user_id = ?
2026-05-22 18:41:42.416 [http-nio-8080-exec-10] DEBUG c.z.f.t.m.T.countFiltered                : ==> Parameters: 1(Long)
2026-05-22 18:41:42.418 [http-nio-8080-exec-10] DEBUG c.z.f.t.m.T.countFiltered                : <==      Total: 1
2026-05-22 18:41:42.419 [http-nio-8080-exec-10] DEBUG c.z.f.t.c.TransactionController          : History query [userId=1, page=0, size=5, total=32]
2026-05-22 18:41:45.406 [http-nio-8080-exec-1] DEBUG c.z.f.t.filter.JwtAuthenticationFilter   : Authenticated [user=Andy, uri=/api/transactions/summary]
2026-05-22 18:41:45.409 [http-nio-8080-exec-1] DEBUG c.z.f.t.m.UserMapper.findByUsername      : ==>  Preparing: SELECT * FROM users WHERE username = ?
2026-05-22 18:41:45.409 [http-nio-8080-exec-1] DEBUG c.z.f.t.m.UserMapper.findByUsername      : ==> Parameters: Andy(String)
2026-05-22 18:41:45.412 [http-nio-8080-exec-1] DEBUG c.z.f.t.m.UserMapper.findByUsername      : <==      Total: 1
2026-05-22 18:41:45.428 [http-nio-8080-exec-2] DEBUG c.z.f.t.filter.JwtAuthenticationFilter   : Authenticated [user=Andy, uri=/api/transactions/summary]
2026-05-22 18:41:45.428 [http-nio-8080-exec-3] DEBUG c.z.f.t.filter.JwtAuthenticationFilter   : Authenticated [user=Andy, uri=/api/transactions/history]
2026-05-22 18:41:45.429 [http-nio-8080-exec-2] DEBUG c.z.f.t.m.UserMapper.findByUsername      : ==>  Preparing: SELECT * FROM users WHERE username = ?
2026-05-22 18:41:45.429 [http-nio-8080-exec-2] DEBUG c.z.f.t.m.UserMapper.findByUsername      : ==> Parameters: Andy(String)
2026-05-22 18:41:45.430 [http-nio-8080-exec-3] DEBUG c.z.f.t.m.UserMapper.findByUsername      : ==>  Preparing: SELECT * FROM users WHERE username = ?
2026-05-22 18:41:45.431 [http-nio-8080-exec-3] DEBUG c.z.f.t.m.UserMapper.findByUsername      : ==> Parameters: Andy(String)
2026-05-22 18:41:45.431 [http-nio-8080-exec-2] DEBUG c.z.f.t.m.UserMapper.findByUsername      : <==      Total: 1
2026-05-22 18:41:45.433 [http-nio-8080-exec-3] DEBUG c.z.f.t.m.UserMapper.findByUsername      : <==      Total: 1
2026-05-22 18:41:45.434 [http-nio-8080-exec-3] DEBUG c.z.f.t.m.T.findAllFiltered              : ==>  Preparing: SELECT t.*, c.name as categoryName FROM transactions t LEFT JOIN categories c ON t.category_id = c.id WHERE t.user_id = ? ORDER BY t.date DESC, t.id DESC LIMIT ? OFFSET ?
2026-05-22 18:41:45.435 [http-nio-8080-exec-3] DEBUG c.z.f.t.m.T.findAllFiltered              : ==> Parameters: 1(Long), 5(Integer), 0(Integer)
2026-05-22 18:41:45.439 [http-nio-8080-exec-3] DEBUG c.z.f.t.m.T.findAllFiltered              : <==      Total: 5
2026-05-22 18:41:45.440 [http-nio-8080-exec-3] DEBUG c.z.f.t.m.T.countFiltered                : ==>  Preparing: SELECT COUNT(*) FROM transactions t WHERE user_id = ?
2026-05-22 18:41:45.440 [http-nio-8080-exec-3] DEBUG c.z.f.t.m.T.countFiltered                : ==> Parameters: 1(Long)
2026-05-22 18:41:45.443 [http-nio-8080-exec-3] DEBUG c.z.f.t.m.T.countFiltered                : <==      Total: 1
2026-05-22 18:41:45.443 [http-nio-8080-exec-3] DEBUG c.z.f.t.c.TransactionController          : History query [userId=1, page=0, size=5, total=32]
2026-05-22 18:41:45.467 [http-nio-8080-exec-5] DEBUG c.z.f.t.filter.JwtAuthenticationFilter   : Authenticated [user=Andy, uri=/api/transactions/history]
2026-05-22 18:41:45.469 [http-nio-8080-exec-5] DEBUG c.z.f.t.m.UserMapper.findByUsername      : ==>  Preparing: SELECT * FROM users WHERE username = ?
2026-05-22 18:41:45.469 [http-nio-8080-exec-5] DEBUG c.z.f.t.m.UserMapper.findByUsername      : ==> Parameters: Andy(String)
2026-05-22 18:41:45.472 [http-nio-8080-exec-5] DEBUG c.z.f.t.m.UserMapper.findByUsername      : <==      Total: 1
2026-05-22 18:41:45.473 [http-nio-8080-exec-5] DEBUG c.z.f.t.m.T.findAllFiltered              : ==>  Preparing: SELECT t.*, c.name as categoryName FROM transactions t LEFT JOIN categories c ON t.category_id = c.id WHERE t.user_id = ? ORDER BY t.date DESC, t.id DESC LIMIT ? OFFSET ?
2026-05-22 18:41:45.474 [http-nio-8080-exec-5] DEBUG c.z.f.t.m.T.findAllFiltered              : ==> Parameters: 1(Long), 5(Integer), 0(Integer)
2026-05-22 18:41:45.478 [http-nio-8080-exec-5] DEBUG c.z.f.t.m.T.findAllFiltered              : <==      Total: 5
2026-05-22 18:41:45.479 [http-nio-8080-exec-5] DEBUG c.z.f.t.m.T.countFiltered                : ==>  Preparing: SELECT COUNT(*) FROM transactions t WHERE user_id = ?
2026-05-22 18:41:45.479 [http-nio-8080-exec-5] DEBUG c.z.f.t.m.T.countFiltered                : ==> Parameters: 1(Long)
2026-05-22 18:41:45.481 [http-nio-8080-exec-5] DEBUG c.z.f.t.m.T.countFiltered                : <==      Total: 1
2026-05-22 18:41:45.482 [http-nio-8080-exec-5] DEBUG c.z.f.t.c.TransactionController          : History query [userId=1, page=0, size=5, total=32]
2026-05-22 18:41:53.987 [http-nio-8080-exec-4] DEBUG c.z.f.t.filter.JwtAuthenticationFilter   : Authenticated [user=Andy, uri=/api/transactions/summary]
2026-05-22 18:41:53.991 [http-nio-8080-exec-4] DEBUG c.z.f.t.m.UserMapper.findByUsername      : ==>  Preparing: SELECT * FROM users WHERE username = ?
2026-05-22 18:41:53.992 [http-nio-8080-exec-4] DEBUG c.z.f.t.m.UserMapper.findByUsername      : ==> Parameters: Andy(String)
2026-05-22 18:41:53.995 [http-nio-8080-exec-4] DEBUG c.z.f.t.m.UserMapper.findByUsername      : <==      Total: 1
2026-05-22 18:41:54.010 [http-nio-8080-exec-6] DEBUG c.z.f.t.filter.JwtAuthenticationFilter   : Authenticated [user=Andy, uri=/api/transactions/summary]
2026-05-22 18:41:54.011 [http-nio-8080-exec-6] DEBUG c.z.f.t.m.UserMapper.findByUsername      : ==>  Preparing: SELECT * FROM users WHERE username = ?
2026-05-22 18:41:54.011 [http-nio-8080-exec-7] DEBUG c.z.f.t.filter.JwtAuthenticationFilter   : Authenticated [user=Andy, uri=/api/transactions/history]
2026-05-22 18:41:54.012 [http-nio-8080-exec-6] DEBUG c.z.f.t.m.UserMapper.findByUsername      : ==> Parameters: Andy(String)
2026-05-22 18:41:54.014 [http-nio-8080-exec-6] DEBUG c.z.f.t.m.UserMapper.findByUsername      : <==      Total: 1
2026-05-22 18:41:54.014 [http-nio-8080-exec-7] DEBUG c.z.f.t.m.UserMapper.findByUsername      : ==>  Preparing: SELECT * FROM users WHERE username = ?
2026-05-22 18:41:54.014 [http-nio-8080-exec-7] DEBUG c.z.f.t.m.UserMapper.findByUsername      : ==> Parameters: Andy(String)
2026-05-22 18:41:54.017 [http-nio-8080-exec-7] DEBUG c.z.f.t.m.UserMapper.findByUsername      : <==      Total: 1
2026-05-22 18:41:54.018 [http-nio-8080-exec-7] DEBUG c.z.f.t.m.T.findAllFiltered              : ==>  Preparing: SELECT t.*, c.name as categoryName FROM transactions t LEFT JOIN categories c ON t.category_id = c.id WHERE t.user_id = ? ORDER BY t.date DESC, t.id DESC LIMIT ? OFFSET ?
2026-05-22 18:41:54.019 [http-nio-8080-exec-7] DEBUG c.z.f.t.m.T.findAllFiltered              : ==> Parameters: 1(Long), 5(Integer), 0(Integer)
2026-05-22 18:41:54.024 [http-nio-8080-exec-7] DEBUG c.z.f.t.m.T.findAllFiltered              : <==      Total: 5
2026-05-22 18:41:54.025 [http-nio-8080-exec-7] DEBUG c.z.f.t.m.T.countFiltered                : ==>  Preparing: SELECT COUNT(*) FROM transactions t WHERE user_id = ?
2026-05-22 18:41:54.026 [http-nio-8080-exec-7] DEBUG c.z.f.t.m.T.countFiltered                : ==> Parameters: 1(Long)
2026-05-22 18:41:54.028 [http-nio-8080-exec-7] DEBUG c.z.f.t.m.T.countFiltered                : <==      Total: 1
2026-05-22 18:41:54.028 [http-nio-8080-exec-7] DEBUG c.z.f.t.c.TransactionController          : History query [userId=1, page=0, size=5, total=32]
2026-05-22 18:41:54.038 [http-nio-8080-exec-8] DEBUG c.z.f.t.filter.JwtAuthenticationFilter   : Authenticated [user=Andy, uri=/api/transactions/history]
2026-05-22 18:41:54.040 [http-nio-8080-exec-8] DEBUG c.z.f.t.m.UserMapper.findByUsername      : ==>  Preparing: SELECT * FROM users WHERE username = ?
2026-05-22 18:41:54.041 [http-nio-8080-exec-8] DEBUG c.z.f.t.m.UserMapper.findByUsername      : ==> Parameters: Andy(String)
2026-05-22 18:41:54.043 [http-nio-8080-exec-8] DEBUG c.z.f.t.m.UserMapper.findByUsername      : <==      Total: 1
2026-05-22 18:41:54.044 [http-nio-8080-exec-8] DEBUG c.z.f.t.m.T.findAllFiltered              : ==>  Preparing: SELECT t.*, c.name as categoryName FROM transactions t LEFT JOIN categories c ON t.category_id = c.id WHERE t.user_id = ? ORDER BY t.date DESC, t.id DESC LIMIT ? OFFSET ?
2026-05-22 18:41:54.045 [http-nio-8080-exec-8] DEBUG c.z.f.t.m.T.findAllFiltered              : ==> Parameters: 1(Long), 5(Integer), 0(Integer)
2026-05-22 18:41:54.049 [http-nio-8080-exec-8] DEBUG c.z.f.t.m.T.findAllFiltered              : <==      Total: 5
2026-05-22 18:41:54.050 [http-nio-8080-exec-8] DEBUG c.z.f.t.m.T.countFiltered                : ==>  Preparing: SELECT COUNT(*) FROM transactions t WHERE user_id = ?
2026-05-22 18:41:54.051 [http-nio-8080-exec-8] DEBUG c.z.f.t.m.T.countFiltered                : ==> Parameters: 1(Long)
2026-05-22 18:41:54.053 [http-nio-8080-exec-8] DEBUG c.z.f.t.m.T.countFiltered                : <==      Total: 1
2026-05-22 18:41:54.053 [http-nio-8080-exec-8] DEBUG c.z.f.t.c.TransactionController          : History query [userId=1, page=0, size=5, total=32]
2026-05-22 18:41:55.258 [http-nio-8080-exec-9] DEBUG c.z.f.t.filter.JwtAuthenticationFilter   : Authenticated [user=Andy, uri=/api/categories]
2026-05-22 18:41:55.261 [http-nio-8080-exec-9] DEBUG c.z.f.t.m.UserMapper.findByUsername      : ==>  Preparing: SELECT * FROM users WHERE username = ?
2026-05-22 18:41:55.262 [http-nio-8080-exec-9] DEBUG c.z.f.t.m.UserMapper.findByUsername      : ==> Parameters: Andy(String)
2026-05-22 18:41:55.264 [http-nio-8080-exec-9] DEBUG c.z.f.t.m.UserMapper.findByUsername      : <==      Total: 1
2026-05-22 18:41:55.288 [http-nio-8080-exec-10] DEBUG c.z.f.t.filter.JwtAuthenticationFilter   : Authenticated [user=Andy, uri=/api/categories]
2026-05-22 18:41:55.290 [http-nio-8080-exec-10] DEBUG c.z.f.t.m.UserMapper.findByUsername      : ==>  Preparing: SELECT * FROM users WHERE username = ?
2026-05-22 18:41:55.290 [http-nio-8080-exec-10] DEBUG c.z.f.t.m.UserMapper.findByUsername      : ==> Parameters: Andy(String)
2026-05-22 18:41:55.293 [http-nio-8080-exec-10] DEBUG c.z.f.t.m.UserMapper.findByUsername      : <==      Total: 1
2026-05-22 18:41:59.537 [http-nio-8080-exec-1] DEBUG c.z.f.t.filter.JwtAuthenticationFilter   : Authenticated [user=Andy, uri=/api/categories/getAllByUserId]
2026-05-22 18:41:59.537 [http-nio-8080-exec-2] DEBUG c.z.f.t.filter.JwtAuthenticationFilter   : Authenticated [user=Andy, uri=/api/transactions/history]
2026-05-22 18:41:59.540 [http-nio-8080-exec-1] DEBUG c.z.f.t.m.UserMapper.findByUsername      : ==>  Preparing: SELECT * FROM users WHERE username = ?
2026-05-22 18:41:59.540 [http-nio-8080-exec-2] DEBUG c.z.f.t.m.UserMapper.findByUsername      : ==>  Preparing: SELECT * FROM users WHERE username = ?
2026-05-22 18:41:59.540 [http-nio-8080-exec-2] DEBUG c.z.f.t.m.UserMapper.findByUsername      : ==> Parameters: Andy(String)
2026-05-22 18:41:59.540 [http-nio-8080-exec-1] DEBUG c.z.f.t.m.UserMapper.findByUsername      : ==> Parameters: Andy(String)
2026-05-22 18:41:59.542 [http-nio-8080-exec-1] DEBUG c.z.f.t.m.UserMapper.findByUsername      : <==      Total: 1
2026-05-22 18:41:59.542 [http-nio-8080-exec-2] DEBUG c.z.f.t.m.UserMapper.findByUsername      : <==      Total: 1
2026-05-22 18:41:59.543 [http-nio-8080-exec-2] DEBUG c.z.f.t.m.T.findAllFiltered              : ==>  Preparing: SELECT t.*, c.name as categoryName FROM transactions t LEFT JOIN categories c ON t.category_id = c.id WHERE t.user_id = ? ORDER BY t.date DESC, t.id DESC LIMIT ? OFFSET ?
2026-05-22 18:41:59.543 [http-nio-8080-exec-2] DEBUG c.z.f.t.m.T.findAllFiltered              : ==> Parameters: 1(Long), 15(Integer), 0(Integer)
2026-05-22 18:41:59.552 [http-nio-8080-exec-2] DEBUG c.z.f.t.m.T.findAllFiltered              : <==      Total: 15
2026-05-22 18:41:59.553 [http-nio-8080-exec-2] DEBUG c.z.f.t.m.T.countFiltered                : ==>  Preparing: SELECT COUNT(*) FROM transactions t WHERE user_id = ?
2026-05-22 18:41:59.553 [http-nio-8080-exec-2] DEBUG c.z.f.t.m.T.countFiltered                : ==> Parameters: 1(Long)
2026-05-22 18:41:59.564 [http-nio-8080-exec-3] DEBUG c.z.f.t.filter.JwtAuthenticationFilter   : Authenticated [user=Andy, uri=/api/categories/getAllByUserId]
2026-05-22 18:41:59.565 [http-nio-8080-exec-3] DEBUG c.z.f.t.m.UserMapper.findByUsername      : ==>  Preparing: SELECT * FROM users WHERE username = ?
2026-05-22 18:41:59.566 [http-nio-8080-exec-3] DEBUG c.z.f.t.m.UserMapper.findByUsername      : ==> Parameters: Andy(String)
2026-05-22 18:41:59.572 [http-nio-8080-exec-2] DEBUG c.z.f.t.m.T.countFiltered                : <==      Total: 1
2026-05-22 18:41:59.573 [http-nio-8080-exec-2] DEBUG c.z.f.t.c.TransactionController          : History query [userId=1, page=0, size=15, total=32]
2026-05-22 18:41:59.582 [http-nio-8080-exec-3] DEBUG c.z.f.t.m.UserMapper.findByUsername      : <==      Total: 1
2026-05-22 18:41:59.625 [http-nio-8080-exec-5] DEBUG c.z.f.t.filter.JwtAuthenticationFilter   : Authenticated [user=Andy, uri=/api/transactions/history]
2026-05-22 18:41:59.627 [http-nio-8080-exec-5] DEBUG c.z.f.t.m.UserMapper.findByUsername      : ==>  Preparing: SELECT * FROM users WHERE username = ?
2026-05-22 18:41:59.627 [http-nio-8080-exec-5] DEBUG c.z.f.t.m.UserMapper.findByUsername      : ==> Parameters: Andy(String)
2026-05-22 18:41:59.647 [http-nio-8080-exec-5] DEBUG c.z.f.t.m.UserMapper.findByUsername      : <==      Total: 1
2026-05-22 18:41:59.648 [http-nio-8080-exec-5] DEBUG c.z.f.t.m.T.findAllFiltered              : ==>  Preparing: SELECT t.*, c.name as categoryName FROM transactions t LEFT JOIN categories c ON t.category_id = c.id WHERE t.user_id = ? ORDER BY t.date DESC, t.id DESC LIMIT ? OFFSET ?
2026-05-22 18:41:59.649 [http-nio-8080-exec-5] DEBUG c.z.f.t.m.T.findAllFiltered              : ==> Parameters: 1(Long), 15(Integer), 0(Integer)
2026-05-22 18:41:59.672 [http-nio-8080-exec-5] DEBUG c.z.f.t.m.T.findAllFiltered              : <==      Total: 15
2026-05-22 18:41:59.673 [http-nio-8080-exec-5] DEBUG c.z.f.t.m.T.countFiltered                : ==>  Preparing: SELECT COUNT(*) FROM transactions t WHERE user_id = ?
2026-05-22 18:41:59.675 [http-nio-8080-exec-5] DEBUG c.z.f.t.m.T.countFiltered                : ==> Parameters: 1(Long)
2026-05-22 18:41:59.689 [http-nio-8080-exec-5] DEBUG c.z.f.t.m.T.countFiltered                : <==      Total: 1
2026-05-22 18:41:59.689 [http-nio-8080-exec-5] DEBUG c.z.f.t.c.TransactionController          : History query [userId=1, page=0, size=15, total=32]
2026-05-22 18:42:01.116 [http-nio-8080-exec-4] DEBUG c.z.f.t.filter.JwtAuthenticationFilter   : Authenticated [user=Andy, uri=/api/recurring]
2026-05-22 18:42:01.116 [http-nio-8080-exec-6] DEBUG c.z.f.t.filter.JwtAuthenticationFilter   : Authenticated [user=Andy, uri=/api/categories/getAllByUserId]
2026-05-22 18:42:01.118 [http-nio-8080-exec-4] DEBUG c.z.f.t.m.UserMapper.findByUsername      : ==>  Preparing: SELECT * FROM users WHERE username = ?
2026-05-22 18:42:01.118 [http-nio-8080-exec-6] DEBUG c.z.f.t.m.UserMapper.findByUsername      : ==>  Preparing: SELECT * FROM users WHERE username = ?
2026-05-22 18:42:01.119 [http-nio-8080-exec-6] DEBUG c.z.f.t.m.UserMapper.findByUsername      : ==> Parameters: Andy(String)
2026-05-22 18:42:01.119 [http-nio-8080-exec-4] DEBUG c.z.f.t.m.UserMapper.findByUsername      : ==> Parameters: Andy(String)
2026-05-22 18:42:01.121 [http-nio-8080-exec-4] DEBUG c.z.f.t.m.UserMapper.findByUsername      : <==      Total: 1
2026-05-22 18:42:01.121 [http-nio-8080-exec-6] DEBUG c.z.f.t.m.UserMapper.findByUsername      : <==      Total: 1
2026-05-22 18:42:01.122 [http-nio-8080-exec-4] DEBUG c.z.f.t.m.RecurringMapper.findByUserId   : ==>  Preparing: SELECT r.*, c.name as categoryName FROM recurring_transactions r LEFT JOIN categories c ON r.category_id = c.id WHERE r.user_id = ? AND r.is_active = TRUE ORDER BY r.next_due_date ASC
2026-05-22 18:42:01.122 [http-nio-8080-exec-4] DEBUG c.z.f.t.m.RecurringMapper.findByUserId   : ==> Parameters: 1(Long)
2026-05-22 18:42:01.124 [http-nio-8080-exec-4] DEBUG c.z.f.t.m.RecurringMapper.findByUserId   : <==      Total: 0
2026-05-22 18:42:01.136 [http-nio-8080-exec-8] DEBUG c.z.f.t.filter.JwtAuthenticationFilter   : Authenticated [user=Andy, uri=/api/recurring]
2026-05-22 18:42:01.136 [http-nio-8080-exec-7] DEBUG c.z.f.t.filter.JwtAuthenticationFilter   : Authenticated [user=Andy, uri=/api/categories/getAllByUserId]
2026-05-22 18:42:01.137 [http-nio-8080-exec-8] DEBUG c.z.f.t.m.UserMapper.findByUsername      : ==>  Preparing: SELECT * FROM users WHERE username = ?
2026-05-22 18:42:01.137 [http-nio-8080-exec-7] DEBUG c.z.f.t.m.UserMapper.findByUsername      : ==>  Preparing: SELECT * FROM users WHERE username = ?
2026-05-22 18:42:01.137 [http-nio-8080-exec-8] DEBUG c.z.f.t.m.UserMapper.findByUsername      : ==> Parameters: Andy(String)
2026-05-22 18:42:01.137 [http-nio-8080-exec-7] DEBUG c.z.f.t.m.UserMapper.findByUsername      : ==> Parameters: Andy(String)
2026-05-22 18:42:01.139 [http-nio-8080-exec-8] DEBUG c.z.f.t.m.UserMapper.findByUsername      : <==      Total: 1
2026-05-22 18:42:01.139 [http-nio-8080-exec-7] DEBUG c.z.f.t.m.UserMapper.findByUsername      : <==      Total: 1
2026-05-22 18:42:01.139 [http-nio-8080-exec-8] DEBUG c.z.f.t.m.RecurringMapper.findByUserId   : ==>  Preparing: SELECT r.*, c.name as categoryName FROM recurring_transactions r LEFT JOIN categories c ON r.category_id = c.id WHERE r.user_id = ? AND r.is_active = TRUE ORDER BY r.next_due_date ASC
2026-05-22 18:42:01.139 [http-nio-8080-exec-8] DEBUG c.z.f.t.m.RecurringMapper.findByUserId   : ==> Parameters: 1(Long)
2026-05-22 18:42:01.141 [http-nio-8080-exec-8] DEBUG c.z.f.t.m.RecurringMapper.findByUserId   : <==      Total: 0
2026-05-22 18:42:02.651 [http-nio-8080-exec-9] DEBUG c.z.f.t.filter.JwtAuthenticationFilter   : Authenticated [user=Andy, uri=/api/transactions/summary]
2026-05-22 18:42:02.654 [http-nio-8080-exec-9] DEBUG c.z.f.t.m.UserMapper.findByUsername      : ==>  Preparing: SELECT * FROM users WHERE username = ?
2026-05-22 18:42:02.654 [http-nio-8080-exec-9] DEBUG c.z.f.t.m.UserMapper.findByUsername      : ==> Parameters: Andy(String)
2026-05-22 18:42:02.656 [http-nio-8080-exec-9] DEBUG c.z.f.t.m.UserMapper.findByUsername      : <==      Total: 1
2026-05-22 18:42:02.670 [http-nio-8080-exec-10] DEBUG c.z.f.t.filter.JwtAuthenticationFilter   : Authenticated [user=Andy, uri=/api/transactions/summary]
2026-05-22 18:42:02.672 [http-nio-8080-exec-10] DEBUG c.z.f.t.m.UserMapper.findByUsername      : ==>  Preparing: SELECT * FROM users WHERE username = ?
2026-05-22 18:42:02.672 [http-nio-8080-exec-10] DEBUG c.z.f.t.m.UserMapper.findByUsername      : ==> Parameters: Andy(String)
2026-05-22 18:42:02.675 [http-nio-8080-exec-10] DEBUG c.z.f.t.m.UserMapper.findByUsername      : <==      Total: 1
2026-05-22 18:42:02.694 [http-nio-8080-exec-1] DEBUG c.z.f.t.filter.JwtAuthenticationFilter   : Authenticated [user=Andy, uri=/api/transactions/trends]
2026-05-22 18:42:02.696 [http-nio-8080-exec-1] DEBUG c.z.f.t.m.UserMapper.findByUsername      : ==>  Preparing: SELECT * FROM users WHERE username = ?
2026-05-22 18:42:02.696 [http-nio-8080-exec-1] DEBUG c.z.f.t.m.UserMapper.findByUsername      : ==> Parameters: Andy(String)
2026-05-22 18:42:02.699 [http-nio-8080-exec-1] DEBUG c.z.f.t.m.UserMapper.findByUsername      : <==      Total: 1
2026-05-22 18:42:02.704 [http-nio-8080-exec-1] DEBUG c.z.f.t.m.T.getTimeSeriesData            : ==>  Preparing: SELECT DATE_FORMAT(date, '%Y-%m-%d') as timeLabel, SUM(ABS(amount)) as total FROM transactions WHERE user_id = ? AND type = ? GROUP BY timeLabel ORDER BY timeLabel ASC
2026-05-22 18:42:02.704 [http-nio-8080-exec-1] DEBUG c.z.f.t.m.T.getTimeSeriesData            : ==> Parameters: 1(Long), EXPENSE(String)
2026-05-22 18:42:02.711 [http-nio-8080-exec-1] DEBUG c.z.f.t.m.T.getTimeSeriesData            : <==      Total: 18
2026-05-22 18:42:02.728 [http-nio-8080-exec-2] DEBUG c.z.f.t.filter.JwtAuthenticationFilter   : Authenticated [user=Andy, uri=/api/transactions/trends]
2026-05-22 18:42:02.729 [http-nio-8080-exec-2] DEBUG c.z.f.t.m.UserMapper.findByUsername      : ==>  Preparing: SELECT * FROM users WHERE username = ?
2026-05-22 18:42:02.730 [http-nio-8080-exec-2] DEBUG c.z.f.t.m.UserMapper.findByUsername      : ==> Parameters: Andy(String)
2026-05-22 18:42:02.732 [http-nio-8080-exec-2] DEBUG c.z.f.t.m.UserMapper.findByUsername      : <==      Total: 1
